{
  "model": {
    "model_name": "GPT-Neo-2.7",
    "num_layers": 34,
    "parameters": {
      "total_parameters_bytes": 5315481600,
      "parameters_per_layer_bytes": [
        279183360,
        157383680,
        157383680,
        157383680,
        157383680,
        157383680,
        157383680,
        157383680,
        157383680,
        157383680,
        157383680,
        157383680,
        157383680,
        157383680,
        157383680,
        157383680,
        157383680,
        157383680,
        157383680,
        157383680,
        157383680,
        157383680,
        157383680,
        157383680,
        157383680,
        157383680,
        157383680,
        157383680,
        157383680,
        157383680,
        157383680,
        157383680,
        157383680,
        20480
      ],
      "activation_parameters_bytes": [
        20971520,
        20971520,
        20971520,
        20971520,
        20971520,
        20971520,
        20971520,
        20971520,
        20971520,
        20971520,
        20971520,
        20971520,
        20971520,
        20971520,
        20971520,
        20971520,
        20971520,
        20971520,
        20971520,
        20971520,
        20971520,
        20971520,
        20971520,
        20971520,
        20971520,
        20971520,
        20971520,
        20971520,
        20971520,
        20971520,
        20971520,
        20971520,
        20971520,
        20971524
      ]
    }
  },
  "execution_time": {
    "total_time_ms": 288.8570000000002,
    "forward_backward_time_ms": 236.02100000000013,
    "batch_generator_time_ms": 0.0,
    "optimizer_time_ms": 52.83600000000001,
    "layer_compute_total_ms": [
      0.705,
      6.311999999999999,
      7.306,
      7.306,
      7.306,
      7.306,
      7.306,
      7.306,
      7.306,
      7.306,
      7.306,
      7.306,
      7.306,
      7.306,
      7.306,
      7.306,
      7.306,
      7.306,
      7.306,
      7.306,
      7.306,
      7.306,
      7.306,
      7.306,
      7.306,
      7.306,
      7.306,
      7.306,
      7.306,
      7.306,
      7.306,
      7.306,
      7.306,
      2.5180000000000002
    ]
  },
  "execution_memory": {
    "layer_memory_total_mb": [
      1356.267578125,
      1120.4951171875,
      1120.4951171875,
      1120.4951171875,
      1120.4951171875,
      1120.4951171875,
      1120.4951171875,
      1120.4951171875,
      1120.4951171875,
      1120.4951171875,
      1120.4951171875,
      1120.4951171875,
      1120.4951171875,
      1120.4951171875,
      1120.4951171875,
      1120.4951171875,
      1120.4951171875,
      1120.4951171875,
      1120.4951171875,
      1120.4951171875,
      1120.4951171875,
      1120.4951171875,
      1120.4951171875,
      1120.4951171875,
      1120.4951171875,
      1120.4951171875,
      1120.4951171875,
      1120.4951171875,
      1120.4951171875,
      1120.4951171875,
      1120.4951171875,
      1120.4951171875,
      1120.4951171875,
      40.1240234375
    ]
  }
}