{
  "model": {
    "model_name": "GPT-Neo-2.7",
    "num_layers": 34,
    "parameters": {
      "total_parameters_bytes": 10606694400,
      "parameters_per_layer_bytes": [
        536084480,
        314705920,
        314705920,
        314705920,
        314705920,
        314705920,
        314705920,
        314705920,
        314705920,
        314705920,
        314705920,
        314705920,
        314705920,
        314705920,
        314705920,
        314705920,
        314705920,
        314705920,
        314705920,
        314705920,
        314705920,
        314705920,
        314705920,
        314705920,
        314705920,
        314705920,
        314705920,
        314705920,
        314705920,
        314705920,
        314705920,
        314705920,
        314705920,
        20480
      ],
      "activation_parameters_bytes": [
        335544320,
        335544320,
        335544320,
        335544320,
        335544320,
        335544320,
        335544320,
        335544320,
        335544320,
        335544320,
        335544320,
        335544320,
        335544320,
        335544320,
        335544320,
        335544320,
        335544320,
        335544320,
        335544320,
        335544320,
        335544320,
        335544320,
        335544320,
        335544320,
        335544320,
        335544320,
        335544320,
        335544320,
        335544320,
        335544320,
        335544320,
        335544320,
        335544320,
        335544384
      ]
    }
  },
  "execution_time": {
    "total_time_ms": 4390.744000000003,
    "forward_backward_time_ms": 4292.721999999999,
    "batch_generator_time_ms": 0.0,
    "optimizer_time_ms": 98.02199999999998,
    "layer_compute_total_ms": [
      1.709,
      124.731,
      134.31,
      134.31,
      134.31,
      134.31,
      134.31,
      134.31,
      134.31,
      134.31,
      134.31,
      134.31,
      134.31,
      134.31,
      134.31,
      134.31,
      134.31,
      134.31,
      134.31,
      134.31,
      134.31,
      134.31,
      134.31,
      134.31,
      134.31,
      134.31,
      134.31,
      134.31,
      134.31,
      134.31,
      134.31,
      134.31,
      134.31,
      2.6719999999999997
    ]
  },
  "execution_memory": {
    "layer_memory_total_mb": [
      2956.25,
      11901.134765625,
      11901.134765625,
      11901.134765625,
      11901.134765625,
      11901.134765625,
      11901.134765625,
      11901.134765625,
      11901.134765625,
      11901.134765625,
      11901.134765625,
      11901.134765625,
      11901.134765625,
      11901.134765625,
      11901.134765625,
      11901.134765625,
      11901.134765625,
      11901.134765625,
      11901.134765625,
      11901.134765625,
      11901.134765625,
      11901.134765625,
      11901.134765625,
      11901.134765625,
      11901.134765625,
      11901.134765625,
      11901.134765625,
      11901.134765625,
      11901.134765625,
      11901.134765625,
      11901.134765625,
      11901.134765625,
      11901.134765625,
      640.51953125
    ]
  }
}