{
  "model": {
    "model_name": "GPT-Neo-2.7",
    "num_layers": 34,
    "parameters": {
      "total_parameters_bytes": 10606694400,
      "parameters_per_layer_bytes": [
        536084480,
        314705920,
        314705920,
        314705920,
        314705920,
        314705920,
        314705920,
        314705920,
        314705920,
        314705920,
        314705920,
        314705920,
        314705920,
        314705920,
        314705920,
        314705920,
        314705920,
        314705920,
        314705920,
        314705920,
        314705920,
        314705920,
        314705920,
        314705920,
        314705920,
        314705920,
        314705920,
        314705920,
        314705920,
        314705920,
        314705920,
        314705920,
        314705920,
        20480
      ],
      "activation_parameters_bytes": [
        20971520,
        20971520,
        20971520,
        20971520,
        20971520,
        20971520,
        20971520,
        20971520,
        20971520,
        20971520,
        20971520,
        20971520,
        20971520,
        20971520,
        20971520,
        20971520,
        20971520,
        20971520,
        20971520,
        20971520,
        20971520,
        20971520,
        20971520,
        20971520,
        20971520,
        20971520,
        20971520,
        20971520,
        20971520,
        20971520,
        20971520,
        20971520,
        20971520,
        20971524
      ]
    }
  },
  "execution_time": {
    "total_time_ms": 352.88800000000015,
    "forward_backward_time_ms": 255.75000000000009,
    "batch_generator_time_ms": 0.0,
    "optimizer_time_ms": 97.13799999999999,
    "layer_compute_total_ms": [
      0.311,
      7.9879999999999995,
      7.959999999999999,
      7.959999999999999,
      7.959999999999999,
      7.959999999999999,
      7.959999999999999,
      7.959999999999999,
      7.959999999999999,
      7.959999999999999,
      7.959999999999999,
      7.959999999999999,
      7.959999999999999,
      7.959999999999999,
      7.959999999999999,
      7.959999999999999,
      7.959999999999999,
      7.959999999999999,
      7.959999999999999,
      7.959999999999999,
      7.959999999999999,
      7.959999999999999,
      7.959999999999999,
      7.959999999999999,
      7.959999999999999,
      7.959999999999999,
      7.959999999999999,
      7.959999999999999,
      7.959999999999999,
      7.959999999999999,
      7.959999999999999,
      7.959999999999999,
      7.959999999999999,
      0.6910000000000001
    ]
  },
  "execution_memory": {
    "layer_memory_total_mb": [
      2581.25,
      2150.666015625,
      2150.666015625,
      2150.666015625,
      2150.666015625,
      2150.666015625,
      2150.666015625,
      2150.666015625,
      2150.666015625,
      2150.666015625,
      2150.666015625,
      2150.666015625,
      2150.666015625,
      2150.666015625,
      2150.666015625,
      2150.666015625,
      2150.666015625,
      2150.666015625,
      2150.666015625,
      2150.666015625,
      2150.666015625,
      2150.666015625,
      2150.666015625,
      2150.666015625,
      2150.666015625,
      2150.666015625,
      2150.666015625,
      2150.666015625,
      2150.666015625,
      2150.666015625,
      2150.666015625,
      2150.666015625,
      2150.666015625,
      40.1240234375
    ]
  }
}