{
  "model": {
    "model_name": "GPT-Neo-2.7",
    "num_layers": 34,
    "parameters": {
      "total_parameters_bytes": 5315481600,
      "parameters_per_layer_bytes": [
        279183360,
        157383680,
        157383680,
        157383680,
        157383680,
        157383680,
        157383680,
        157383680,
        157383680,
        157383680,
        157383680,
        157383680,
        157383680,
        157383680,
        157383680,
        157383680,
        157383680,
        157383680,
        157383680,
        157383680,
        157383680,
        157383680,
        157383680,
        157383680,
        157383680,
        157383680,
        157383680,
        157383680,
        157383680,
        157383680,
        157383680,
        157383680,
        157383680,
        20480
      ],
      "activation_parameters_bytes": [
        335544320,
        335544320,
        335544320,
        335544320,
        335544320,
        335544320,
        335544320,
        335544320,
        335544320,
        335544320,
        335544320,
        335544320,
        335544320,
        335544320,
        335544320,
        335544320,
        335544320,
        335544320,
        335544320,
        335544320,
        335544320,
        335544320,
        335544320,
        335544320,
        335544320,
        335544320,
        335544320,
        335544320,
        335544320,
        335544320,
        335544320,
        335544320,
        335544320,
        335544384
      ]
    }
  },
  "execution_time": {
    "total_time_ms": 2582.7650000000012,
    "forward_backward_time_ms": 2529.861000000001,
    "batch_generator_time_ms": 0.0,
    "optimizer_time_ms": 52.903999999999975,
    "layer_compute_total_ms": [
      5.056,
      77.38,
      78.864,
      78.864,
      78.864,
      78.864,
      78.864,
      78.864,
      78.864,
      78.864,
      78.864,
      78.864,
      78.864,
      78.864,
      78.864,
      78.864,
      78.864,
      78.864,
      78.864,
      78.864,
      78.864,
      78.864,
      78.864,
      78.864,
      78.864,
      78.864,
      78.864,
      78.864,
      78.864,
      78.864,
      78.864,
      78.864,
      78.864,
      2.641
    ]
  },
  "execution_memory": {
    "layer_memory_total_mb": [
      1731.53125,
      6670.9638671875,
      6670.9638671875,
      6670.9638671875,
      6670.9638671875,
      6670.9638671875,
      6670.9638671875,
      6670.9638671875,
      6670.9638671875,
      6670.9638671875,
      6670.9638671875,
      6670.9638671875,
      6670.9638671875,
      6670.9638671875,
      6670.9638671875,
      6670.9638671875,
      6670.9638671875,
      6670.9638671875,
      6670.9638671875,
      6670.9638671875,
      6670.9638671875,
      6670.9638671875,
      6670.9638671875,
      6670.9638671875,
      6670.9638671875,
      6670.9638671875,
      6670.9638671875,
      6670.9638671875,
      6670.9638671875,
      6670.9638671875,
      6670.9638671875,
      6670.9638671875,
      6670.9638671875,
      640.51953125
    ]
  }
}