{
  "model": {
    "model_name": "GPT-Neo-2.7",
    "num_layers": 34,
    "parameters": {
      "total_parameters_bytes": 2669875200,
      "parameters_per_layer_bytes": [
        150732800,
        78722560,
        78722560,
        78722560,
        78722560,
        78722560,
        78722560,
        78722560,
        78722560,
        78722560,
        78722560,
        78722560,
        78722560,
        78722560,
        78722560,
        78722560,
        78722560,
        78722560,
        78722560,
        78722560,
        78722560,
        78722560,
        78722560,
        78722560,
        78722560,
        78722560,
        78722560,
        78722560,
        78722560,
        78722560,
        78722560,
        78722560,
        78722560,
        20480
      ],
      "activation_parameters_bytes": [
        335544320,
        335544320,
        335544320,
        335544320,
        335544320,
        335544320,
        335544320,
        335544320,
        335544320,
        335544320,
        335544320,
        335544320,
        335544320,
        335544320,
        335544320,
        335544320,
        335544320,
        335544320,
        335544320,
        335544320,
        335544320,
        335544320,
        335544320,
        335544320,
        335544320,
        335544320,
        335544320,
        335544320,
        335544320,
        335544320,
        335544320,
        335544320,
        335544320,
        335544384
      ]
    }
  },
  "execution_time": {
    "total_time_ms": 1341.4840000000008,
    "forward_backward_time_ms": 1311.4620000000002,
    "batch_generator_time_ms": 0.0,
    "optimizer_time_ms": 30.02199999999998,
    "layer_compute_total_ms": [
      3.6029999999999998,
      40.846000000000004,
      40.788000000000004,
      40.788000000000004,
      40.788000000000004,
      40.788000000000004,
      40.788000000000004,
      40.788000000000004,
      40.788000000000004,
      40.788000000000004,
      40.788000000000004,
      40.788000000000004,
      40.788000000000004,
      40.788000000000004,
      40.788000000000004,
      40.788000000000004,
      40.788000000000004,
      40.788000000000004,
      40.788000000000004,
      40.788000000000004,
      40.788000000000004,
      40.788000000000004,
      40.788000000000004,
      40.788000000000004,
      40.788000000000004,
      40.788000000000004,
      40.788000000000004,
      40.788000000000004,
      40.788000000000004,
      40.788000000000004,
      40.788000000000004,
      40.788000000000004,
      40.788000000000004,
      2.5850000000000004
    ]
  },
  "execution_memory": {
    "layer_memory_total_mb": [
      1119.03125,
      4071.87841796875,
      4103.87841796875,
      4103.87841796875,
      4103.87841796875,
      4103.87841796875,
      4103.87841796875,
      4103.87841796875,
      4103.87841796875,
      4103.87841796875,
      4103.87841796875,
      4103.87841796875,
      4103.87841796875,
      4103.87841796875,
      4103.87841796875,
      4103.87841796875,
      4103.87841796875,
      4103.87841796875,
      4103.87841796875,
      4103.87841796875,
      4103.87841796875,
      4103.87841796875,
      4103.87841796875,
      4103.87841796875,
      4103.87841796875,
      4103.87841796875,
      4103.87841796875,
      4103.87841796875,
      4103.87841796875,
      4103.87841796875,
      4103.87841796875,
      4103.87841796875,
      4103.87841796875,
      640.51953125
    ]
  }
}