{
  "model": {
    "model_name": "GPT-Neo-2.7",
    "num_layers": 34,
    "parameters": {
      "total_parameters_bytes": 2669875200,
      "parameters_per_layer_bytes": [
        150732800,
        78722560,
        78722560,
        78722560,
        78722560,
        78722560,
        78722560,
        78722560,
        78722560,
        78722560,
        78722560,
        78722560,
        78722560,
        78722560,
        78722560,
        78722560,
        78722560,
        78722560,
        78722560,
        78722560,
        78722560,
        78722560,
        78722560,
        78722560,
        78722560,
        78722560,
        78722560,
        78722560,
        78722560,
        78722560,
        78722560,
        78722560,
        78722560,
        20480
      ],
      "activation_parameters_bytes": [
        20971520,
        20971520,
        20971520,
        20971520,
        20971520,
        20971520,
        20971520,
        20971520,
        20971520,
        20971520,
        20971520,
        20971520,
        20971520,
        20971520,
        20971520,
        20971520,
        20971520,
        20971520,
        20971520,
        20971520,
        20971520,
        20971520,
        20971520,
        20971520,
        20971520,
        20971520,
        20971520,
        20971520,
        20971520,
        20971520,
        20971520,
        20971520,
        20971520,
        20971524
      ]
    }
  },
  "execution_time": {
    "total_time_ms": 153.85900000000004,
    "forward_backward_time_ms": 124.07499999999995,
    "batch_generator_time_ms": 0.0,
    "optimizer_time_ms": 29.784000000000017,
    "layer_compute_total_ms": [
      0.551,
      3.683,
      3.8209999999999997,
      3.8209999999999997,
      3.8209999999999997,
      3.8209999999999997,
      3.8209999999999997,
      3.8209999999999997,
      3.8209999999999997,
      3.8209999999999997,
      3.8209999999999997,
      3.8209999999999997,
      3.8209999999999997,
      3.8209999999999997,
      3.8209999999999997,
      3.8209999999999997,
      3.8209999999999997,
      3.8209999999999997,
      3.8209999999999997,
      3.8209999999999997,
      3.8209999999999997,
      3.8209999999999997,
      3.8209999999999997,
      3.8209999999999997,
      3.8209999999999997,
      3.8209999999999997,
      3.8209999999999997,
      3.8209999999999997,
      3.8209999999999997,
      3.8209999999999997,
      3.8209999999999997,
      3.8209999999999997,
      3.8209999999999997,
      1.3900000000000001
    ]
  },
  "execution_memory": {
    "layer_memory_total_mb": [
      743.767578125,
      606.40966796875,
      608.40966796875,
      608.40966796875,
      608.40966796875,
      608.40966796875,
      608.40966796875,
      608.40966796875,
      608.40966796875,
      608.40966796875,
      608.40966796875,
      608.40966796875,
      608.40966796875,
      608.40966796875,
      608.40966796875,
      608.40966796875,
      608.40966796875,
      608.40966796875,
      608.40966796875,
      608.40966796875,
      608.40966796875,
      608.40966796875,
      608.40966796875,
      608.40966796875,
      608.40966796875,
      608.40966796875,
      608.40966796875,
      608.40966796875,
      608.40966796875,
      608.40966796875,
      608.40966796875,
      608.40966796875,
      608.40966796875,
      40.1240234375
    ]
  }
}