{
  "model": {
    "model_name": "GPT-Neo-2.7",
    "num_layers": 34,
    "parameters": {
      "total_parameters_bytes": 2669875200,
      "parameters_per_layer_bytes": [
        150732800,
        78722560,
        78722560,
        78722560,
        78722560,
        78722560,
        78722560,
        78722560,
        78722560,
        78722560,
        78722560,
        78722560,
        78722560,
        78722560,
        78722560,
        78722560,
        78722560,
        78722560,
        78722560,
        78722560,
        78722560,
        78722560,
        78722560,
        78722560,
        78722560,
        78722560,
        78722560,
        78722560,
        78722560,
        78722560,
        78722560,
        78722560,
        78722560,
        20480
      ],
      "activation_parameters_bytes": [
        41943040,
        41943040,
        41943040,
        41943040,
        41943040,
        41943040,
        41943040,
        41943040,
        41943040,
        41943040,
        41943040,
        41943040,
        41943040,
        41943040,
        41943040,
        41943040,
        41943040,
        41943040,
        41943040,
        41943040,
        41943040,
        41943040,
        41943040,
        41943040,
        41943040,
        41943040,
        41943040,
        41943040,
        41943040,
        41943040,
        41943040,
        41943040,
        41943040,
        41943048
      ]
    }
  },
  "execution_time": {
    "total_time_ms": 223.9989999999998,
    "forward_backward_time_ms": 194.52099999999993,
    "batch_generator_time_ms": 0.0,
    "optimizer_time_ms": 29.47800000000002,
    "layer_compute_total_ms": [
      0.707,
      5.852,
      6.011,
      6.011,
      6.011,
      6.011,
      6.011,
      6.011,
      6.011,
      6.011,
      6.011,
      6.011,
      6.011,
      6.011,
      6.011,
      6.011,
      6.011,
      6.011,
      6.011,
      6.011,
      6.011,
      6.011,
      6.011,
      6.011,
      6.011,
      6.011,
      6.011,
      6.011,
      6.011,
      6.011,
      6.011,
      6.011,
      6.011,
      1.621
    ]
  },
  "execution_memory": {
    "layer_memory_total_mb": [
      768.78515625,
      837.44091796875,
      841.44091796875,
      841.44091796875,
      841.44091796875,
      841.44091796875,
      841.44091796875,
      841.44091796875,
      841.44091796875,
      841.44091796875,
      841.44091796875,
      841.44091796875,
      841.44091796875,
      841.44091796875,
      841.44091796875,
      841.44091796875,
      841.44091796875,
      841.44091796875,
      841.44091796875,
      841.44091796875,
      841.44091796875,
      841.44091796875,
      841.44091796875,
      841.44091796875,
      841.44091796875,
      841.44091796875,
      841.44091796875,
      841.44091796875,
      841.44091796875,
      841.44091796875,
      841.44091796875,
      841.44091796875,
      841.44091796875,
      80.150390625
    ]
  }
}