{
  "model": {
    "model_name": "GPT-Neo-2.7",
    "num_layers": 34,
    "parameters": {
      "total_parameters_bytes": 10606694400,
      "parameters_per_layer_bytes": [
        536084480,
        314705920,
        314705920,
        314705920,
        314705920,
        314705920,
        314705920,
        314705920,
        314705920,
        314705920,
        314705920,
        314705920,
        314705920,
        314705920,
        314705920,
        314705920,
        314705920,
        314705920,
        314705920,
        314705920,
        314705920,
        314705920,
        314705920,
        314705920,
        314705920,
        314705920,
        314705920,
        314705920,
        314705920,
        314705920,
        314705920,
        314705920,
        314705920,
        20480
      ],
      "activation_parameters_bytes": [
        41943040,
        41943040,
        41943040,
        41943040,
        41943040,
        41943040,
        41943040,
        41943040,
        41943040,
        41943040,
        41943040,
        41943040,
        41943040,
        41943040,
        41943040,
        41943040,
        41943040,
        41943040,
        41943040,
        41943040,
        41943040,
        41943040,
        41943040,
        41943040,
        41943040,
        41943040,
        41943040,
        41943040,
        41943040,
        41943040,
        41943040,
        41943040,
        41943040,
        41943048
      ]
    }
  },
  "execution_time": {
    "total_time_ms": 595.7869999999999,
    "forward_backward_time_ms": 498.3089999999997,
    "batch_generator_time_ms": 0.0,
    "optimizer_time_ms": 97.47800000000002,
    "layer_compute_total_ms": [
      0.302,
      15.718,
      15.536999999999999,
      15.536999999999999,
      15.536999999999999,
      15.536999999999999,
      15.536999999999999,
      15.536999999999999,
      15.536999999999999,
      15.536999999999999,
      15.536999999999999,
      15.536999999999999,
      15.536999999999999,
      15.536999999999999,
      15.536999999999999,
      15.536999999999999,
      15.536999999999999,
      15.536999999999999,
      15.536999999999999,
      15.536999999999999,
      15.536999999999999,
      15.536999999999999,
      15.536999999999999,
      15.536999999999999,
      15.536999999999999,
      15.536999999999999,
      15.536999999999999,
      15.536999999999999,
      15.536999999999999,
      15.536999999999999,
      15.536999999999999,
      15.536999999999999,
      15.536999999999999,
      0.642
    ]
  },
  "execution_memory": {
    "layer_memory_total_mb": [
      2606.25,
      2800.697265625,
      2800.697265625,
      2800.697265625,
      2800.697265625,
      2800.697265625,
      2800.697265625,
      2800.697265625,
      2800.697265625,
      2800.697265625,
      2800.697265625,
      2800.697265625,
      2800.697265625,
      2800.697265625,
      2800.697265625,
      2800.697265625,
      2800.697265625,
      2800.697265625,
      2800.697265625,
      2800.697265625,
      2800.697265625,
      2800.697265625,
      2800.697265625,
      2800.697265625,
      2800.697265625,
      2800.697265625,
      2800.697265625,
      2800.697265625,
      2800.697265625,
      2800.697265625,
      2800.697265625,
      2800.697265625,
      2800.697265625,
      80.150390625
    ]
  }
}