{
  "model": {
    "model_name": "GPT-Neo-2.7",
    "num_layers": 34,
    "parameters": {
      "total_parameters_bytes": 5315481600,
      "parameters_per_layer_bytes": [
        279183360,
        157383680,
        157383680,
        157383680,
        157383680,
        157383680,
        157383680,
        157383680,
        157383680,
        157383680,
        157383680,
        157383680,
        157383680,
        157383680,
        157383680,
        157383680,
        157383680,
        157383680,
        157383680,
        157383680,
        157383680,
        157383680,
        157383680,
        157383680,
        157383680,
        157383680,
        157383680,
        157383680,
        157383680,
        157383680,
        157383680,
        157383680,
        157383680,
        20480
      ],
      "activation_parameters_bytes": [
        41943040,
        41943040,
        41943040,
        41943040,
        41943040,
        41943040,
        41943040,
        41943040,
        41943040,
        41943040,
        41943040,
        41943040,
        41943040,
        41943040,
        41943040,
        41943040,
        41943040,
        41943040,
        41943040,
        41943040,
        41943040,
        41943040,
        41943040,
        41943040,
        41943040,
        41943040,
        41943040,
        41943040,
        41943040,
        41943040,
        41943040,
        41943040,
        41943040,
        41943048
      ]
    }
  },
  "execution_time": {
    "total_time_ms": 383.39899999999994,
    "forward_backward_time_ms": 330.56300000000016,
    "batch_generator_time_ms": 0.0,
    "optimizer_time_ms": 52.83600000000001,
    "layer_compute_total_ms": [
      1.006,
      10.416,
      10.249,
      10.249,
      10.249,
      10.249,
      10.249,
      10.249,
      10.249,
      10.249,
      10.249,
      10.249,
      10.249,
      10.249,
      10.249,
      10.249,
      10.249,
      10.249,
      10.249,
      10.249,
      10.249,
      10.249,
      10.249,
      10.249,
      10.249,
      10.249,
      10.249,
      10.249,
      10.249,
      10.249,
      10.249,
      10.249,
      10.249,
      1.4220000000000002
    ]
  },
  "execution_memory": {
    "layer_memory_total_mb": [
      1381.28515625,
      1490.5263671875,
      1490.5263671875,
      1490.5263671875,
      1490.5263671875,
      1490.5263671875,
      1490.5263671875,
      1490.5263671875,
      1490.5263671875,
      1490.5263671875,
      1490.5263671875,
      1490.5263671875,
      1490.5263671875,
      1490.5263671875,
      1490.5263671875,
      1490.5263671875,
      1490.5263671875,
      1490.5263671875,
      1490.5263671875,
      1490.5263671875,
      1490.5263671875,
      1490.5263671875,
      1490.5263671875,
      1490.5263671875,
      1490.5263671875,
      1490.5263671875,
      1490.5263671875,
      1490.5263671875,
      1490.5263671875,
      1490.5263671875,
      1490.5263671875,
      1490.5263671875,
      1490.5263671875,
      80.150390625
    ]
  }
}