{
  "model": {
    "model_name": "GPT-Neo-2.7",
    "num_layers": 34,
    "parameters": {
      "total_parameters_bytes": 5315481600,
      "parameters_per_layer_bytes": [
        279183360,
        157383680,
        157383680,
        157383680,
        157383680,
        157383680,
        157383680,
        157383680,
        157383680,
        157383680,
        157383680,
        157383680,
        157383680,
        157383680,
        157383680,
        157383680,
        157383680,
        157383680,
        157383680,
        157383680,
        157383680,
        157383680,
        157383680,
        157383680,
        157383680,
        157383680,
        157383680,
        157383680,
        157383680,
        157383680,
        157383680,
        157383680,
        157383680,
        20480
      ],
      "activation_parameters_bytes": [
        671088640,
        671088640,
        671088640,
        671088640,
        671088640,
        671088640,
        671088640,
        671088640,
        671088640,
        671088640,
        671088640,
        671088640,
        671088640,
        671088640,
        671088640,
        671088640,
        671088640,
        671088640,
        671088640,
        671088640,
        671088640,
        671088640,
        671088640,
        671088640,
        671088640,
        671088640,
        671088640,
        671088640,
        671088640,
        671088640,
        671088640,
        671088640,
        671088640,
        671088768
      ]
    }
  },
  "execution_time": {
    "total_time_ms": 5089.824000000001,
    "forward_backward_time_ms": 5037.123999999997,
    "batch_generator_time_ms": 0.0,
    "optimizer_time_ms": 52.699999999999974,
    "layer_compute_total_ms": [
      9.673,
      150.476,
      157.16899999999998,
      157.16899999999998,
      157.16899999999998,
      157.16899999999998,
      157.16899999999998,
      157.16899999999998,
      157.16899999999998,
      157.16899999999998,
      157.16899999999998,
      157.16899999999998,
      157.16899999999998,
      157.16899999999998,
      157.16899999999998,
      157.16899999999998,
      157.16899999999998,
      157.16899999999998,
      157.16899999999998,
      157.16899999999998,
      157.16899999999998,
      157.16899999999998,
      157.16899999999998,
      157.16899999999998,
      157.16899999999998,
      157.16899999999998,
      157.16899999999998,
      157.16899999999998,
      157.16899999999998,
      157.16899999999998,
      157.16899999999998,
      157.16899999999998,
      157.16899999999998,
      4.736
    ]
  },
  "execution_memory": {
    "layer_memory_total_mb": [
      2131.8125,
      12591.4638671875,
      12591.4638671875,
      12591.4638671875,
      12591.4638671875,
      12591.4638671875,
      12591.4638671875,
      12591.4638671875,
      12591.4638671875,
      12591.4638671875,
      12591.4638671875,
      12591.4638671875,
      12591.4638671875,
      12591.4638671875,
      12591.4638671875,
      12591.4638671875,
      12591.4638671875,
      12591.4638671875,
      12591.4638671875,
      12591.4638671875,
      12591.4638671875,
      12591.4638671875,
      12591.4638671875,
      12591.4638671875,
      12591.4638671875,
      12591.4638671875,
      12591.4638671875,
      12591.4638671875,
      12591.4638671875,
      12591.4638671875,
      12591.4638671875,
      12591.4638671875,
      12591.4638671875,
      1280.94140625
    ]
  }
}