{
  "model": {
    "model_name": "GPT-Neo-2.7",
    "num_layers": 34,
    "parameters": {
      "total_parameters_bytes": 10606694400,
      "parameters_per_layer_bytes": [
        536084480,
        314705920,
        314705920,
        314705920,
        314705920,
        314705920,
        314705920,
        314705920,
        314705920,
        314705920,
        314705920,
        314705920,
        314705920,
        314705920,
        314705920,
        314705920,
        314705920,
        314705920,
        314705920,
        314705920,
        314705920,
        314705920,
        314705920,
        314705920,
        314705920,
        314705920,
        314705920,
        314705920,
        314705920,
        314705920,
        314705920,
        314705920,
        314705920,
        20480
      ],
      "activation_parameters_bytes": [
        671088640,
        671088640,
        671088640,
        671088640,
        671088640,
        671088640,
        671088640,
        671088640,
        671088640,
        671088640,
        671088640,
        671088640,
        671088640,
        671088640,
        671088640,
        671088640,
        671088640,
        671088640,
        671088640,
        671088640,
        671088640,
        671088640,
        671088640,
        671088640,
        671088640,
        671088640,
        671088640,
        671088640,
        671088640,
        671088640,
        671088640,
        671088640,
        671088640,
        671088768
      ]
    }
  },
  "execution_time": {
    "total_time_ms": 8733.543,
    "forward_backward_time_ms": 8635.793,
    "batch_generator_time_ms": 0.0,
    "optimizer_time_ms": 97.75,
    "layer_compute_total_ms": [
      3.304,
      254.028,
      270.11199999999997,
      270.11199999999997,
      270.11199999999997,
      270.11199999999997,
      270.11199999999997,
      270.11199999999997,
      270.11199999999997,
      270.11199999999997,
      270.11199999999997,
      270.11199999999997,
      270.11199999999997,
      270.11199999999997,
      270.11199999999997,
      270.11199999999997,
      270.11199999999997,
      270.11199999999997,
      270.11199999999997,
      270.11199999999997,
      270.11199999999997,
      270.11199999999997,
      270.11199999999997,
      270.11199999999997,
      270.11199999999997,
      270.11199999999997,
      270.11199999999997,
      270.11199999999997,
      270.11199999999997,
      270.11199999999997,
      270.11199999999997,
      270.11199999999997,
      270.11199999999997,
      4.989
    ]
  },
  "execution_memory": {
    "layer_memory_total_mb": [
      3356.25,
      22301.634765625,
      22301.634765625,
      22301.634765625,
      22301.634765625,
      22301.634765625,
      22301.634765625,
      22301.634765625,
      22301.634765625,
      22301.634765625,
      22301.634765625,
      22301.634765625,
      22301.634765625,
      22301.634765625,
      22301.634765625,
      22301.634765625,
      22301.634765625,
      22301.634765625,
      22301.634765625,
      22301.634765625,
      22301.634765625,
      22301.634765625,
      22301.634765625,
      22301.634765625,
      22301.634765625,
      22301.634765625,
      22301.634765625,
      22301.634765625,
      22301.634765625,
      22301.634765625,
      22301.634765625,
      22301.634765625,
      22301.634765625,
      1280.94140625
    ]
  }
}