{
  "model": {
    "model_name": "GPT-Neo-2.7",
    "num_layers": 34,
    "parameters": {
      "total_parameters_bytes": 2669875200,
      "parameters_per_layer_bytes": [
        150732800,
        78722560,
        78722560,
        78722560,
        78722560,
        78722560,
        78722560,
        78722560,
        78722560,
        78722560,
        78722560,
        78722560,
        78722560,
        78722560,
        78722560,
        78722560,
        78722560,
        78722560,
        78722560,
        78722560,
        78722560,
        78722560,
        78722560,
        78722560,
        78722560,
        78722560,
        78722560,
        78722560,
        78722560,
        78722560,
        78722560,
        78722560,
        78722560,
        20480
      ],
      "activation_parameters_bytes": [
        671088640,
        671088640,
        671088640,
        671088640,
        671088640,
        671088640,
        671088640,
        671088640,
        671088640,
        671088640,
        671088640,
        671088640,
        671088640,
        671088640,
        671088640,
        671088640,
        671088640,
        671088640,
        671088640,
        671088640,
        671088640,
        671088640,
        671088640,
        671088640,
        671088640,
        671088640,
        671088640,
        671088640,
        671088640,
        671088640,
        671088640,
        671088640,
        671088640,
        671088768
      ]
    }
  },
  "execution_time": {
    "total_time_ms": 2729.0780000000004,
    "forward_backward_time_ms": 2698.5800000000013,
    "batch_generator_time_ms": 0.0,
    "optimizer_time_ms": 30.497999999999976,
    "layer_compute_total_ms": [
      6.960999999999999,
      81.095,
      84.054,
      84.054,
      84.054,
      84.054,
      84.054,
      84.054,
      84.054,
      84.054,
      84.054,
      84.054,
      84.054,
      84.054,
      84.054,
      84.054,
      84.054,
      84.054,
      84.054,
      84.054,
      84.054,
      84.054,
      84.054,
      84.054,
      84.054,
      84.054,
      84.054,
      84.054,
      84.054,
      84.054,
      84.054,
      84.054,
      84.054,
      4.85
    ]
  },
  "execution_memory": {
    "layer_memory_total_mb": [
      1519.3125,
      7768.37841796875,
      7832.37841796875,
      7832.37841796875,
      7832.37841796875,
      7832.37841796875,
      7832.37841796875,
      7832.37841796875,
      7832.37841796875,
      7832.37841796875,
      7832.37841796875,
      7832.37841796875,
      7832.37841796875,
      7832.37841796875,
      7832.37841796875,
      7832.37841796875,
      7832.37841796875,
      7832.37841796875,
      7832.37841796875,
      7832.37841796875,
      7832.37841796875,
      7832.37841796875,
      7832.37841796875,
      7832.37841796875,
      7832.37841796875,
      7832.37841796875,
      7832.37841796875,
      7832.37841796875,
      7832.37841796875,
      7832.37841796875,
      7832.37841796875,
      7832.37841796875,
      7832.37841796875,
      1280.94140625
    ]
  }
}