{
  "model": {
    "model_name": "GPT-Neo-2.7",
    "num_layers": 34,
    "parameters": {
      "total_parameters_bytes": 10606694400,
      "parameters_per_layer_bytes": [
        536084480,
        314705920,
        314705920,
        314705920,
        314705920,
        314705920,
        314705920,
        314705920,
        314705920,
        314705920,
        314705920,
        314705920,
        314705920,
        314705920,
        314705920,
        314705920,
        314705920,
        314705920,
        314705920,
        314705920,
        314705920,
        314705920,
        314705920,
        314705920,
        314705920,
        314705920,
        314705920,
        314705920,
        314705920,
        314705920,
        314705920,
        314705920,
        314705920,
        20480
      ],
      "activation_parameters_bytes": [
        83886080,
        83886080,
        83886080,
        83886080,
        83886080,
        83886080,
        83886080,
        83886080,
        83886080,
        83886080,
        83886080,
        83886080,
        83886080,
        83886080,
        83886080,
        83886080,
        83886080,
        83886080,
        83886080,
        83886080,
        83886080,
        83886080,
        83886080,
        83886080,
        83886080,
        83886080,
        83886080,
        83886080,
        83886080,
        83886080,
        83886080,
        83886080,
        83886080,
        83886096
      ]
    }
  },
  "execution_time": {
    "total_time_ms": 1092.8770000000006,
    "forward_backward_time_ms": 993.393,
    "batch_generator_time_ms": 0.0,
    "optimizer_time_ms": 99.48400000000005,
    "layer_compute_total_ms": [
      0.507,
      31.828,
      30.970999999999997,
      30.970999999999997,
      30.970999999999997,
      30.970999999999997,
      30.970999999999997,
      30.970999999999997,
      30.970999999999997,
      30.970999999999997,
      30.970999999999997,
      30.970999999999997,
      30.970999999999997,
      30.970999999999997,
      30.970999999999997,
      30.970999999999997,
      30.970999999999997,
      30.970999999999997,
      30.970999999999997,
      30.970999999999997,
      30.970999999999997,
      30.970999999999997,
      30.970999999999997,
      30.970999999999997,
      30.970999999999997,
      30.970999999999997,
      30.970999999999997,
      30.970999999999997,
      30.970999999999997,
      30.970999999999997,
      30.970999999999997,
      30.970999999999997,
      30.970999999999997,
      0.957
    ]
  },
  "execution_memory": {
    "layer_memory_total_mb": [
      2656.25,
      4100.759765625,
      4100.759765625,
      4100.759765625,
      4100.759765625,
      4100.759765625,
      4100.759765625,
      4100.759765625,
      4100.759765625,
      4100.759765625,
      4100.759765625,
      4100.759765625,
      4100.759765625,
      4100.759765625,
      4100.759765625,
      4100.759765625,
      4100.759765625,
      4100.759765625,
      4100.759765625,
      4100.759765625,
      4100.759765625,
      4100.759765625,
      4100.759765625,
      4100.759765625,
      4100.759765625,
      4100.759765625,
      4100.759765625,
      4100.759765625,
      4100.759765625,
      4100.759765625,
      4100.759765625,
      4100.759765625,
      4100.759765625,
      160.203125
    ]
  }
}