{
  "model": {
    "model_name": "GPT-Neo-2.7",
    "num_layers": 34,
    "parameters": {
      "total_parameters_bytes": 2669875200,
      "parameters_per_layer_bytes": [
        150732800,
        78722560,
        78722560,
        78722560,
        78722560,
        78722560,
        78722560,
        78722560,
        78722560,
        78722560,
        78722560,
        78722560,
        78722560,
        78722560,
        78722560,
        78722560,
        78722560,
        78722560,
        78722560,
        78722560,
        78722560,
        78722560,
        78722560,
        78722560,
        78722560,
        78722560,
        78722560,
        78722560,
        78722560,
        78722560,
        78722560,
        78722560,
        78722560,
        20480
      ],
      "activation_parameters_bytes": [
        83886080,
        83886080,
        83886080,
        83886080,
        83886080,
        83886080,
        83886080,
        83886080,
        83886080,
        83886080,
        83886080,
        83886080,
        83886080,
        83886080,
        83886080,
        83886080,
        83886080,
        83886080,
        83886080,
        83886080,
        83886080,
        83886080,
        83886080,
        83886080,
        83886080,
        83886080,
        83886080,
        83886080,
        83886080,
        83886080,
        83886080,
        83886080,
        83886080,
        83886096
      ]
    }
  },
  "execution_time": {
    "total_time_ms": 366.17799999999994,
    "forward_backward_time_ms": 337.00599999999986,
    "batch_generator_time_ms": 0.0,
    "optimizer_time_ms": 29.17200000000001,
    "layer_compute_total_ms": [
      1.101,
      10.497,
      10.465,
      10.465,
      10.465,
      10.465,
      10.465,
      10.465,
      10.465,
      10.465,
      10.465,
      10.465,
      10.465,
      10.465,
      10.465,
      10.465,
      10.465,
      10.465,
      10.465,
      10.465,
      10.465,
      10.465,
      10.465,
      10.465,
      10.465,
      10.465,
      10.465,
      10.465,
      10.465,
      10.465,
      10.465,
      10.465,
      10.465,
      0.9929999999999999
    ]
  },
  "execution_memory": {
    "layer_memory_total_mb": [
      818.8203125,
      1299.50341796875,
      1307.50341796875,
      1307.50341796875,
      1307.50341796875,
      1307.50341796875,
      1307.50341796875,
      1307.50341796875,
      1307.50341796875,
      1307.50341796875,
      1307.50341796875,
      1307.50341796875,
      1307.50341796875,
      1307.50341796875,
      1307.50341796875,
      1307.50341796875,
      1307.50341796875,
      1307.50341796875,
      1307.50341796875,
      1307.50341796875,
      1307.50341796875,
      1307.50341796875,
      1307.50341796875,
      1307.50341796875,
      1307.50341796875,
      1307.50341796875,
      1307.50341796875,
      1307.50341796875,
      1307.50341796875,
      1307.50341796875,
      1307.50341796875,
      1307.50341796875,
      1307.50341796875,
      160.203125
    ]
  }
}