{
  "model": {
    "model_name": "GPT-Neo-2.7",
    "num_layers": 34,
    "parameters": {
      "total_parameters_bytes": 5315481600,
      "parameters_per_layer_bytes": [
        279183360,
        157383680,
        157383680,
        157383680,
        157383680,
        157383680,
        157383680,
        157383680,
        157383680,
        157383680,
        157383680,
        157383680,
        157383680,
        157383680,
        157383680,
        157383680,
        157383680,
        157383680,
        157383680,
        157383680,
        157383680,
        157383680,
        157383680,
        157383680,
        157383680,
        157383680,
        157383680,
        157383680,
        157383680,
        157383680,
        157383680,
        157383680,
        157383680,
        20480
      ],
      "activation_parameters_bytes": [
        83886080,
        83886080,
        83886080,
        83886080,
        83886080,
        83886080,
        83886080,
        83886080,
        83886080,
        83886080,
        83886080,
        83886080,
        83886080,
        83886080,
        83886080,
        83886080,
        83886080,
        83886080,
        83886080,
        83886080,
        83886080,
        83886080,
        83886080,
        83886080,
        83886080,
        83886080,
        83886080,
        83886080,
        83886080,
        83886080,
        83886080,
        83886080,
        83886080,
        83886096
      ]
    }
  },
  "execution_time": {
    "total_time_ms": 676.9659999999999,
    "forward_backward_time_ms": 623.9599999999997,
    "batch_generator_time_ms": 0.0,
    "optimizer_time_ms": 53.00599999999998,
    "layer_compute_total_ms": [
      1.526,
      19.347,
      19.419,
      19.419,
      19.419,
      19.419,
      19.419,
      19.419,
      19.419,
      19.419,
      19.419,
      19.419,
      19.419,
      19.419,
      19.419,
      19.419,
      19.419,
      19.419,
      19.419,
      19.419,
      19.419,
      19.419,
      19.419,
      19.419,
      19.419,
      19.419,
      19.419,
      19.419,
      19.419,
      19.419,
      19.419,
      19.419,
      19.419,
      1.0979999999999999
    ]
  },
  "execution_memory": {
    "layer_memory_total_mb": [
      1431.3203125,
      2230.5888671875,
      2230.5888671875,
      2230.5888671875,
      2230.5888671875,
      2230.5888671875,
      2230.5888671875,
      2230.5888671875,
      2230.5888671875,
      2230.5888671875,
      2230.5888671875,
      2230.5888671875,
      2230.5888671875,
      2230.5888671875,
      2230.5888671875,
      2230.5888671875,
      2230.5888671875,
      2230.5888671875,
      2230.5888671875,
      2230.5888671875,
      2230.5888671875,
      2230.5888671875,
      2230.5888671875,
      2230.5888671875,
      2230.5888671875,
      2230.5888671875,
      2230.5888671875,
      2230.5888671875,
      2230.5888671875,
      2230.5888671875,
      2230.5888671875,
      2230.5888671875,
      2230.5888671875,
      160.203125
    ]
  }
}