{
  "model": {
    "model_name": "GPT-Neo-2.7",
    "num_layers": 34,
    "parameters": {
      "total_parameters_bytes": 2669875200,
      "parameters_per_layer_bytes": [
        150732800,
        78722560,
        78722560,
        78722560,
        78722560,
        78722560,
        78722560,
        78722560,
        78722560,
        78722560,
        78722560,
        78722560,
        78722560,
        78722560,
        78722560,
        78722560,
        78722560,
        78722560,
        78722560,
        78722560,
        78722560,
        78722560,
        78722560,
        78722560,
        78722560,
        78722560,
        78722560,
        78722560,
        78722560,
        78722560,
        78722560,
        78722560,
        78722560,
        20480
      ],
      "activation_parameters_bytes": [
        1342177280,
        1342177280,
        1342177280,
        1342177280,
        1342177280,
        1342177280,
        1342177280,
        1342177280,
        1342177280,
        1342177280,
        1342177280,
        1342177280,
        1342177280,
        1342177280,
        1342177280,
        1342177280,
        1342177280,
        1342177280,
        1342177280,
        1342177280,
        1342177280,
        1342177280,
        1342177280,
        1342177280,
        1342177280,
        1342177280,
        1342177280,
        1342177280,
        1342177280,
        1342177280,
        1342177280,
        1342177280,
        1342177280,
        1342177536
      ]
    }
  },
  "execution_time": {
    "total_time_ms": 5457.905999999998,
    "forward_backward_time_ms": 5428.563999999998,
    "batch_generator_time_ms": 0.0,
    "optimizer_time_ms": 29.34199999999999,
    "layer_compute_total_ms": [
      13.540999999999999,
      161.392,
      169.172,
      169.172,
      169.172,
      169.172,
      169.172,
      169.172,
      169.172,
      169.172,
      169.172,
      169.172,
      169.172,
      169.172,
      169.172,
      169.172,
      169.172,
      169.172,
      169.172,
      169.172,
      169.172,
      169.172,
      169.172,
      169.172,
      169.172,
      169.172,
      169.172,
      169.172,
      169.172,
      169.172,
      169.172,
      169.172,
      169.172,
      9.299
    ]
  },
  "execution_memory": {
    "layer_memory_total_mb": [
      2319.875,
      15161.37841796875,
      15289.37841796875,
      15289.37841796875,
      15289.37841796875,
      15289.37841796875,
      15289.37841796875,
      15289.37841796875,
      15289.37841796875,
      15289.37841796875,
      15289.37841796875,
      15289.37841796875,
      15289.37841796875,
      15289.37841796875,
      15289.37841796875,
      15289.37841796875,
      15289.37841796875,
      15289.37841796875,
      15289.37841796875,
      15289.37841796875,
      15289.37841796875,
      15289.37841796875,
      15289.37841796875,
      15289.37841796875,
      15289.37841796875,
      15289.37841796875,
      15289.37841796875,
      15289.37841796875,
      15289.37841796875,
      15289.37841796875,
      15289.37841796875,
      15289.37841796875,
      15289.37841796875,
      2561.78515625
    ]
  }
}