{
  "model": {
    "model_name": "GPT-Neo-2.7",
    "num_layers": 34,
    "parameters": {
      "total_parameters_bytes": 5315481600,
      "parameters_per_layer_bytes": [
        279183360,
        157383680,
        157383680,
        157383680,
        157383680,
        157383680,
        157383680,
        157383680,
        157383680,
        157383680,
        157383680,
        157383680,
        157383680,
        157383680,
        157383680,
        157383680,
        157383680,
        157383680,
        157383680,
        157383680,
        157383680,
        157383680,
        157383680,
        157383680,
        157383680,
        157383680,
        157383680,
        157383680,
        157383680,
        157383680,
        157383680,
        157383680,
        157383680,
        20480
      ],
      "activation_parameters_bytes": [
        1342177280,
        1342177280,
        1342177280,
        1342177280,
        1342177280,
        1342177280,
        1342177280,
        1342177280,
        1342177280,
        1342177280,
        1342177280,
        1342177280,
        1342177280,
        1342177280,
        1342177280,
        1342177280,
        1342177280,
        1342177280,
        1342177280,
        1342177280,
        1342177280,
        1342177280,
        1342177280,
        1342177280,
        1342177280,
        1342177280,
        1342177280,
        1342177280,
        1342177280,
        1342177280,
        1342177280,
        1342177280,
        1342177280,
        1342177536
      ]
    }
  },
  "execution_time": {
    "total_time_ms": 10178.828000000005,
    "forward_backward_time_ms": 10125.55,
    "batch_generator_time_ms": 0.0,
    "optimizer_time_ms": 53.278,
    "layer_compute_total_ms": [
      19.061,
      305.366,
      315.863,
      315.863,
      315.863,
      315.863,
      315.863,
      315.863,
      315.863,
      315.863,
      315.863,
      315.863,
      315.863,
      315.863,
      315.863,
      315.863,
      315.863,
      315.863,
      315.863,
      315.863,
      315.863,
      315.863,
      315.863,
      315.863,
      315.863,
      315.863,
      315.863,
      315.863,
      315.863,
      315.863,
      315.863,
      315.863,
      315.863,
      9.370000000000001
    ]
  },
  "execution_memory": {
    "layer_memory_total_mb": [
      2932.375,
      24432.4638671875,
      24432.4638671875,
      24432.4638671875,
      24432.4638671875,
      24432.4638671875,
      24432.4638671875,
      24432.4638671875,
      24432.4638671875,
      24432.4638671875,
      24432.4638671875,
      24432.4638671875,
      24432.4638671875,
      24432.4638671875,
      24432.4638671875,
      24432.4638671875,
      24432.4638671875,
      24432.4638671875,
      24432.4638671875,
      24432.4638671875,
      24432.4638671875,
      24432.4638671875,
      24432.4638671875,
      24432.4638671875,
      24432.4638671875,
      24432.4638671875,
      24432.4638671875,
      24432.4638671875,
      24432.4638671875,
      24432.4638671875,
      24432.4638671875,
      24432.4638671875,
      24432.4638671875,
      2561.78515625
    ]
  }
}