{
  "model": {
    "model_name": "GPT-Neo-2.7",
    "num_layers": 34,
    "parameters": {
      "total_parameters_bytes": 2669875200,
      "parameters_per_layer_bytes": [
        150732800,
        78722560,
        78722560,
        78722560,
        78722560,
        78722560,
        78722560,
        78722560,
        78722560,
        78722560,
        78722560,
        78722560,
        78722560,
        78722560,
        78722560,
        78722560,
        78722560,
        78722560,
        78722560,
        78722560,
        78722560,
        78722560,
        78722560,
        78722560,
        78722560,
        78722560,
        78722560,
        78722560,
        78722560,
        78722560,
        78722560,
        78722560,
        78722560,
        20480
      ],
      "activation_parameters_bytes": [
        167772160,
        167772160,
        167772160,
        167772160,
        167772160,
        167772160,
        167772160,
        167772160,
        167772160,
        167772160,
        167772160,
        167772160,
        167772160,
        167772160,
        167772160,
        167772160,
        167772160,
        167772160,
        167772160,
        167772160,
        167772160,
        167772160,
        167772160,
        167772160,
        167772160,
        167772160,
        167772160,
        167772160,
        167772160,
        167772160,
        167772160,
        167772160,
        167772160,
        167772192
      ]
    }
  },
  "execution_time": {
    "total_time_ms": 678.6300000000002,
    "forward_backward_time_ms": 649.1179999999999,
    "batch_generator_time_ms": 0.0,
    "optimizer_time_ms": 29.511999999999983,
    "layer_compute_total_ms": [
      1.9849999999999999,
      20.294,
      20.17,
      20.17,
      20.17,
      20.17,
      20.17,
      20.17,
      20.17,
      20.17,
      20.17,
      20.17,
      20.17,
      20.17,
      20.17,
      20.17,
      20.17,
      20.17,
      20.17,
      20.17,
      20.17,
      20.17,
      20.17,
      20.17,
      20.17,
      20.17,
      20.17,
      20.17,
      20.17,
      20.17,
      20.17,
      20.17,
      20.17,
      1.569
    ]
  },
  "execution_memory": {
    "layer_memory_total_mb": [
      918.890625,
      2223.62841796875,
      2239.62841796875,
      2239.62841796875,
      2239.62841796875,
      2239.62841796875,
      2239.62841796875,
      2239.62841796875,
      2239.62841796875,
      2239.62841796875,
      2239.62841796875,
      2239.62841796875,
      2239.62841796875,
      2239.62841796875,
      2239.62841796875,
      2239.62841796875,
      2239.62841796875,
      2239.62841796875,
      2239.62841796875,
      2239.62841796875,
      2239.62841796875,
      2239.62841796875,
      2239.62841796875,
      2239.62841796875,
      2239.62841796875,
      2239.62841796875,
      2239.62841796875,
      2239.62841796875,
      2239.62841796875,
      2239.62841796875,
      2239.62841796875,
      2239.62841796875,
      2239.62841796875,
      320.30859375
    ]
  }
}