{
  "model": {
    "model_name": "GPT-Neo-2.7",
    "num_layers": 34,
    "parameters": {
      "total_parameters_bytes": 5315481600,
      "parameters_per_layer_bytes": [
        279183360,
        157383680,
        157383680,
        157383680,
        157383680,
        157383680,
        157383680,
        157383680,
        157383680,
        157383680,
        157383680,
        157383680,
        157383680,
        157383680,
        157383680,
        157383680,
        157383680,
        157383680,
        157383680,
        157383680,
        157383680,
        157383680,
        157383680,
        157383680,
        157383680,
        157383680,
        157383680,
        157383680,
        157383680,
        157383680,
        157383680,
        157383680,
        157383680,
        20480
      ],
      "activation_parameters_bytes": [
        167772160,
        167772160,
        167772160,
        167772160,
        167772160,
        167772160,
        167772160,
        167772160,
        167772160,
        167772160,
        167772160,
        167772160,
        167772160,
        167772160,
        167772160,
        167772160,
        167772160,
        167772160,
        167772160,
        167772160,
        167772160,
        167772160,
        167772160,
        167772160,
        167772160,
        167772160,
        167772160,
        167772160,
        167772160,
        167772160,
        167772160,
        167772160,
        167772160,
        167772192
      ]
    }
  },
  "execution_time": {
    "total_time_ms": 1293.0179999999998,
    "forward_backward_time_ms": 1239.91,
    "batch_generator_time_ms": 0.0,
    "optimizer_time_ms": 53.107999999999976,
    "layer_compute_total_ms": [
      2.65,
      38.67100000000001,
      38.614999999999995,
      38.614999999999995,
      38.614999999999995,
      38.614999999999995,
      38.614999999999995,
      38.614999999999995,
      38.614999999999995,
      38.614999999999995,
      38.614999999999995,
      38.614999999999995,
      38.614999999999995,
      38.614999999999995,
      38.614999999999995,
      38.614999999999995,
      38.614999999999995,
      38.614999999999995,
      38.614999999999995,
      38.614999999999995,
      38.614999999999995,
      38.614999999999995,
      38.614999999999995,
      38.614999999999995,
      38.614999999999995,
      38.614999999999995,
      38.614999999999995,
      38.614999999999995,
      38.614999999999995,
      38.614999999999995,
      38.614999999999995,
      38.614999999999995,
      38.614999999999995,
      1.524
    ]
  },
  "execution_memory": {
    "layer_memory_total_mb": [
      1531.390625,
      3710.7138671875,
      3710.7138671875,
      3710.7138671875,
      3710.7138671875,
      3710.7138671875,
      3710.7138671875,
      3710.7138671875,
      3710.7138671875,
      3710.7138671875,
      3710.7138671875,
      3710.7138671875,
      3710.7138671875,
      3710.7138671875,
      3710.7138671875,
      3710.7138671875,
      3710.7138671875,
      3710.7138671875,
      3710.7138671875,
      3710.7138671875,
      3710.7138671875,
      3710.7138671875,
      3710.7138671875,
      3710.7138671875,
      3710.7138671875,
      3710.7138671875,
      3710.7138671875,
      3710.7138671875,
      3710.7138671875,
      3710.7138671875,
      3710.7138671875,
      3710.7138671875,
      3710.7138671875,
      320.30859375
    ]
  }
}