{
  "model": {
    "model_name": "GPT-Neo-2.7",
    "num_layers": 34,
    "parameters": {
      "total_parameters_bytes": 10606694400,
      "parameters_per_layer_bytes": [
        536084480,
        314705920,
        314705920,
        314705920,
        314705920,
        314705920,
        314705920,
        314705920,
        314705920,
        314705920,
        314705920,
        314705920,
        314705920,
        314705920,
        314705920,
        314705920,
        314705920,
        314705920,
        314705920,
        314705920,
        314705920,
        314705920,
        314705920,
        314705920,
        314705920,
        314705920,
        314705920,
        314705920,
        314705920,
        314705920,
        314705920,
        314705920,
        314705920,
        20480
      ],
      "activation_parameters_bytes": [
        167772160,
        167772160,
        167772160,
        167772160,
        167772160,
        167772160,
        167772160,
        167772160,
        167772160,
        167772160,
        167772160,
        167772160,
        167772160,
        167772160,
        167772160,
        167772160,
        167772160,
        167772160,
        167772160,
        167772160,
        167772160,
        167772160,
        167772160,
        167772160,
        167772160,
        167772160,
        167772160,
        167772160,
        167772160,
        167772160,
        167772160,
        167772160,
        167772160,
        167772192
      ]
    }
  },
  "execution_time": {
    "total_time_ms": 2200.5869999999986,
    "forward_backward_time_ms": 2102.1569999999992,
    "batch_generator_time_ms": 0.0,
    "optimizer_time_ms": 98.42999999999999,
    "layer_compute_total_ms": [
      0.918,
      62.906,
      65.705,
      65.705,
      65.705,
      65.705,
      65.705,
      65.705,
      65.705,
      65.705,
      65.705,
      65.705,
      65.705,
      65.705,
      65.705,
      65.705,
      65.705,
      65.705,
      65.705,
      65.705,
      65.705,
      65.705,
      65.705,
      65.705,
      65.705,
      65.705,
      65.705,
      65.705,
      65.705,
      65.705,
      65.705,
      65.705,
      65.705,
      1.4780000000000002
    ]
  },
  "execution_memory": {
    "layer_memory_total_mb": [
      2756.25,
      6700.884765625,
      6700.884765625,
      6700.884765625,
      6700.884765625,
      6700.884765625,
      6700.884765625,
      6700.884765625,
      6700.884765625,
      6700.884765625,
      6700.884765625,
      6700.884765625,
      6700.884765625,
      6700.884765625,
      6700.884765625,
      6700.884765625,
      6700.884765625,
      6700.884765625,
      6700.884765625,
      6700.884765625,
      6700.884765625,
      6700.884765625,
      6700.884765625,
      6700.884765625,
      6700.884765625,
      6700.884765625,
      6700.884765625,
      6700.884765625,
      6700.884765625,
      6700.884765625,
      6700.884765625,
      6700.884765625,
      6700.884765625,
      320.30859375
    ]
  }
}