{

    "A100-40": {
        "2": [
            [
                0.80818532,
                16.40103598,
                32.98046678
            ],
            248876169884.0839
        ],
        "4": [
            [
                0.8303558,
                15.58397854,
                31.19114521
            ],
            243214602913.50012
        ]
    },
    "V100-16": {
        "2": [
            [
                -0.2045115,
                7.21163513,
                22.24208487
            ],
            68281636948.0
        ],
        "4": [
            [
                -0.2167128,
                7.26270922,
                22.51179176
            ],
            68172954066.0
        ]
    },
    "A100-80": {
        "2": [
            [
                0.80818532,
                16.40103598,
                32.98046678
            ],
            248876169884.0839
        ],
        "4": [
            [
                0.8303558,
                15.58397854,
                31.19114521
            ],
            243214602913.50012
        ]
    },
    "GH-96": {
        "2": [
            [
                -0.52312685,
                14.22563803,
                44.10217959
            ],
            125460726312.0102
        ],
        "4": [
            [
                -0.75177369,
                26.46781337,
                82.0621593
            ],
            250558342885.70334
        ]
    },
    "RTX-2080": {
        "2": [
            [
                -0.09370207,
                1.32821908,
                6.39819591
            ],
            10755624404.158024
        ],
        "4": [
            [
                -0.18469337,
                2.74344692,
                13.09109302
            ],
            22666820280.174988
        ],
        "8": [
            [
                -0.24085997,
                2.90752869,
                17.4770778
            ],
            24551701788.10586
        ]
    },
    "Titan-RTX": {
        "2": [
            [
                -0.08825343,
                1.22809771,
                6.88196791
            ],
            10824370647.192848
        ],
        "4": [
            [
                -0.10911035,
                1.29152127,
                9.31807863
            ],
            12334115354.719696
        ],
        "8": [
            [
                -0.20205836,
                2.62227596,
                16.80709202
            ],
            24304314860.57957
        ]
    },
    "RTX-3090": {
        "2": [
            [
                -0.20465065,
                5.5235483,
                18.34015839
            ],
            49769218367.58904
        ],
        "4": [
            [
                -0.06116863,
                0.72003432,
                6.14624375
            ],
            7861831445.962052
        ],
        "8": [
            [
                -0.01911446,
                0.28085392,
                4.33201444
            ],
            5326931791.867119
        ]
    }
}