{
  "allreduce_size_2_consec_0": 2.7293833420355393,
  "allreduce_size_2_consec_1": 2.7293833420355393,
  "p2p_size_2": 2.7487013137737826,
  "overlap_coe": 1.0,
  "allreduce_size_3_consec_0": 2.0250967589766526,
  "allreduce_size_3_consec_1": 2.0250967589766526,
  "p2p_size_3": 2.7487013137737826,
  "allreduce_size_4_consec_0": 1.7808903839825683,
  "allreduce_size_4_consec_1": 1.7808903839825683,
  "p2p_size_4": 2.7487013137737826,
  "allreduce_size_5_consec_0": 1.6527545821330976,
  "allreduce_size_5_consec_1": 1.6527545821330976,
  "p2p_size_5": 2.7487013137737826,
  "allreduce_size_6_consec_0": 1.5716554611403948,
  "allreduce_size_6_consec_1": 1.5716554611403948,
  "p2p_size_6": 2.7487013137737826,
  "allreduce_size_7_consec_0": 1.5144579425912648,
  "allreduce_size_7_consec_1": 1.5144579425912648,
  "p2p_size_7": 2.7487013137737826,
  "allreduce_size_8_consec_0": 1.4711760089078403,
  "allreduce_size_8_consec_1": 1.4711760089078403,
  "p2p_size_8": 2.7487013137737826,
  "allreduce_size_9_consec_0": 1.4367731380205864,
  "allreduce_size_9_consec_1": 1.4367731380205864,
  "p2p_size_9": 2.7487013137737826,
  "allreduce_size_10_consec_0": 1.4084230900699435,
  "allreduce_size_10_consec_1": 1.4084230900699435,
  "p2p_size_10": 2.7487013137737826,
  "allreduce_size_11_consec_0": 1.3844110532697333,
  "allreduce_size_11_consec_1": 1.3844110532697333,
  "p2p_size_11": 2.7487013137737826,
  "allreduce_size_12_consec_0": 1.3636323986412742,
  "allreduce_size_12_consec_1": 1.3636323986412742,
  "p2p_size_12": 2.7487013137737826,
  "allreduce_size_13_consec_0": 1.3453410213054973,
  "allreduce_size_13_consec_1": 1.3453410213054973,
  "p2p_size_13": 2.7487013137737826,
  "allreduce_size_14_consec_0": 1.3290131967583139,
  "allreduce_size_14_consec_1": 1.3290131967583139,
  "p2p_size_14": 2.7487013137737826,
  "allreduce_size_15_consec_0": 1.3142693800289618,
  "allreduce_size_15_consec_1": 1.3142693800289618,
  "p2p_size_15": 2.7487013137737826,
  "allreduce_size_16_consec_0": 1.3008270191360771,
  "allreduce_size_16_consec_1": 1.3008270191360771,
  "p2p_size_16": 2.7487013137737826,
  "allreduce_size_17_consec_0": 1.288470883462449,
  "allreduce_size_17_consec_1": 1.288470883462449,
  "p2p_size_17": 2.7487013137737826,
  "allreduce_size_18_consec_0": 1.2770337395732796,
  "allreduce_size_18_consec_1": 1.2770337395732796,
  "p2p_size_18": 2.7487013137737826,
  "allreduce_size_19_consec_0": 1.2663833798693944,
  "allreduce_size_19_consec_1": 1.2663833798693944,
  "p2p_size_19": 2.7487013137737826,
  "allreduce_size_20_consec_0": 1.2564136834291562,
  "allreduce_size_20_consec_1": 1.2564136834291562,
  "p2p_size_20": 2.7487013137737826,
  "allreduce_size_21_consec_0": 1.2470383114980066,
  "allreduce_size_21_consec_1": 1.2470383114980066,
  "p2p_size_21": 2.7487013137737826,
  "allreduce_size_22_consec_0": 1.238186169073796,
  "allreduce_size_22_consec_1": 1.238186169073796,
  "p2p_size_22": 2.7487013137737826,
  "allreduce_size_23_consec_0": 1.2297980775723127,
  "allreduce_size_23_consec_1": 1.2297980775723127,
  "p2p_size_23": 2.7487013137737826,
  "allreduce_size_24_consec_0": 1.221824295022905,
  "allreduce_size_24_consec_1": 1.221824295022905,
  "p2p_size_24": 2.7487013137737826,
  "allreduce_size_25_consec_0": 1.2142226403188512,
  "allreduce_size_25_consec_1": 1.2142226403188512,
  "p2p_size_25": 2.7487013137737826,
  "allreduce_size_26_consec_0": 1.2069570551706383,
  "allreduce_size_26_consec_1": 1.2069570551706383,
  "p2p_size_26": 2.7487013137737826,
  "allreduce_size_27_consec_0": 1.1999964880265015,
  "allreduce_size_27_consec_1": 1.1999964880265015,
  "p2p_size_27": 2.7487013137737826,
  "allreduce_size_28_consec_0": 1.1933140181005084,
  "allreduce_size_28_consec_1": 1.1933140181005084,
  "p2p_size_28": 2.7487013137737826,
  "allreduce_size_29_consec_0": 1.1868861607289953,
  "allreduce_size_29_consec_1": 1.1868861607289953,
  "p2p_size_29": 2.7487013137737826,
  "allreduce_size_30_consec_0": 1.1806923112605356,
  "allreduce_size_30_consec_1": 1.1806923112605356,
  "p2p_size_30": 2.7487013137737826,
  "allreduce_size_31_consec_0": 1.1747142959221644,
  "allreduce_size_31_consec_1": 1.1747142959221644,
  "p2p_size_31": 2.7487013137737826,
  "allreduce_size_32_consec_0": 1.168936006115161,
  "allreduce_size_32_consec_1": 1.168936006115161,
  "p2p_size_32": 2.7487013137737826,
  "allreduce_size_33_consec_0": 1.1633430983776536,
  "allreduce_size_33_consec_1": 1.1633430983776536,
  "p2p_size_33": 2.7487013137737826,
  "allreduce_size_34_consec_0": 1.157922746477586,
  "allreduce_size_34_consec_1": 1.157922746477586,
  "p2p_size_34": 2.7487013137737826,
  "allreduce_size_35_consec_0": 1.1526634352220697,
  "allreduce_size_35_consec_1": 1.1526634352220697,
  "p2p_size_35": 2.7487013137737826,
  "allreduce_size_36_consec_0": 1.1475547879000643,
  "allreduce_size_36_consec_1": 1.1475547879000643,
  "p2p_size_36": 2.7487013137737826,
  "allreduce_size_37_consec_0": 1.1425874210323184,
  "allreduce_size_37_consec_1": 1.1425874210323184,
  "p2p_size_37": 2.7487013137737826,
  "allreduce_size_38_consec_0": 1.137752821438831,
  "allreduce_size_38_consec_1": 1.137752821438831,
  "p2p_size_38": 2.7487013137737826,
  "allreduce_size_39_consec_0": 1.1330432416592815,
  "allreduce_size_39_consec_1": 1.1330432416592815,
  "p2p_size_39": 2.7487013137737826,
  "allreduce_size_40_consec_0": 1.1284516105545903,
  "allreduce_size_40_consec_1": 1.1284516105545903,
  "p2p_size_40": 2.7487013137737826,
  "allreduce_size_41_consec_0": 1.123971456535441,
  "allreduce_size_41_consec_1": 1.123971456535441,
  "p2p_size_41": 2.7487013137737826,
  "allreduce_size_42_consec_0": 1.119596841348283,
  "allreduce_size_42_consec_1": 1.119596841348283,
  "p2p_size_42": 2.7487013137737826,
  "allreduce_size_43_consec_0": 1.1153223027322594,
  "allreduce_size_43_consec_1": 1.1153223027322594,
  "p2p_size_43": 2.7487013137737826,
  "allreduce_size_44_consec_0": 1.1111428045649718,
  "allreduce_size_44_consec_1": 1.1111428045649718,
  "p2p_size_44": 2.7487013137737826,
  "allreduce_size_45_consec_0": 1.1070536933585384,
  "allreduce_size_45_consec_1": 1.1070536933585384,
  "p2p_size_45": 2.7487013137737826,
  "allreduce_size_46_consec_0": 1.1030506601633534,
  "allreduce_size_46_consec_1": 1.1030506601633534,
  "p2p_size_46": 2.7487013137737826,
  "allreduce_size_47_consec_0": 1.0991297070954833,
  "allreduce_size_47_consec_1": 1.0991297070954833,
  "p2p_size_47": 2.7487013137737826,
  "allreduce_size_48_consec_0": 1.0952871178325225,
  "allreduce_size_48_consec_1": 1.0952871178325225,
  "p2p_size_48": 2.7487013137737826,
  "allreduce_size_49_consec_0": 1.0915194315281114,
  "allreduce_size_49_consec_1": 1.0915194315281114,
  "p2p_size_49": 2.7487013137737826,
  "allreduce_size_50_consec_0": 1.087823419681797,
  "allreduce_size_50_consec_1": 1.087823419681797,
  "p2p_size_50": 2.7487013137737826,
  "allreduce_size_51_consec_0": 1.0841960655723049,
  "allreduce_size_51_consec_1": 1.0841960655723049,
  "p2p_size_51": 2.7487013137737826,
  "allreduce_size_52_consec_0": 1.0806345459213809,
  "allreduce_size_52_consec_1": 1.0806345459213809,
  "p2p_size_52": 2.7487013137737826,
  "allreduce_size_53_consec_0": 1.0771362145045738,
  "allreduce_size_53_consec_1": 1.0771362145045738,
  "p2p_size_53": 2.7487013137737826,
  "allreduce_size_54_consec_0": 1.073698587466378,
  "allreduce_size_54_consec_1": 1.073698587466378,
  "p2p_size_54": 2.7487013137737826,
  "allreduce_size_55_consec_0": 1.0703193301316187,
  "allreduce_size_55_consec_1": 1.0703193301316187,
  "p2p_size_55": 2.7487013137737826,
  "allreduce_size_56_consec_0": 1.0669962451339305,
  "allreduce_size_56_consec_1": 1.0669962451339305,
  "p2p_size_56": 2.7487013137737826,
  "allreduce_size_57_consec_0": 1.0637272617066589,
  "allreduce_size_57_consec_1": 1.0637272617066589,
  "p2p_size_57": 2.7487013137737826,
  "allreduce_size_58_consec_0": 1.0605104260022533,
  "allreduce_size_58_consec_1": 1.0605104260022533,