{
  "0": {
    "32": {},
    "4": {
      "forward": 0.000384,
      "backward": 2e-06,
      "params_bytes": 214433792,
      "mem_required": 450602752.0,
      "output_activation": 33554432.0
    },
    "2": {
      "forward": 0.000282,
      "backward": 2e-06,
      "params_bytes": 214433792,
      "mem_required": 351132723.2,
      "output_activation": 16777216.0
    },
    "8": {
      "forward": 0.000692,
      "backward": 2e-06,
      "params_bytes": 214433792,
      "mem_required": 656296960.0,
      "output_activation": 67108864.0
    },
    "1": {
      "forward": 0.000307,
      "backward": 2e-06,
      "params_bytes": 214433792,
      "mem_required": 292813004.8,
      "output_activation": 8388608.0
    },
    "16": {},
    "64": {}
  },
  "1": {
    "32": {},
    "4": {
      "forward": 0.017052,
      "backward": 0.047222,
      "params_bytes": 50384896,
      "mem_required": 1346456166.4,
      "output_activation": 33554432.0
    },
    "2": {
      "forward": 0.009055,
      "backward": 0.023581,
      "params_bytes": 50384896,
      "mem_required": 708840038.4,
      "output_activation": 16777216.0
    },
    "8": {
      "forward": 0.034496,
      "backward": 0.096049,
      "params_bytes": 50384896,
      "mem_required": 2622514176.0,
      "output_activation": 67108864.0
    },
    "1": {
      "forward": 0.00461,
      "backward": 0.011966,
      "params_bytes": 50384896,
      "mem_required": 390031974.4,
      "output_activation": 8388608.0
    },
    "16": {},
    "64": {}
  },
  "2": {
    "32": {},
    "4": {
      "forward": 0.016952,
      "backward": 0.04745,
      "params_bytes": 50384896,
      "mem_required": 1346456166.4,
      "output_activation": 33554432.0
    },
    "2": {
      "forward": 0.00885,
      "backward": 0.023574,
      "params_bytes": 50384896,
      "mem_required": 708840038.4,
      "output_activation": 16777216.0
    },
    "8": {
      "forward": 0.035212,
      "backward": 0.098586,
      "params_bytes": 50384896,
      "mem_required": 2622514176.0,
      "output_activation": 67108864.0
    },
    "1": {
      "forward": 0.004392,
      "backward": 0.011983,
      "params_bytes": 50384896,
      "mem_required": 390031974.4,
      "output_activation": 8388608.0
    },
    "16": {},
    "64": {}
  },
  "3": {
    "32": {},
    "4": {
      "forward": 0.016952,
      "backward": 0.04745,
      "params_bytes": 50384896,
      "mem_required": 1346456166.4,
      "output_activation": 33554432.0
    },
    "2": {
      "forward": 0.00885,
      "backward": 0.023574,
      "params_bytes": 50384896,
      "mem_required": 708840038.4,
      "output_activation": 16777216.0
    },
    "8": {
      "forward": 0.035212,
      "backward": 0.098586,
      "params_bytes": 50384896,
      "mem_required": 2622514176.0,
      "output_activation": 67108864.0
    },
    "1": {
      "forward": 0.004392,
      "backward": 0.011983,
      "params_bytes": 50384896,
      "mem_required": 390031974.4,
      "output_activation": 8388608.0
    },
    "16": {},
    "64": {}
  },
  "4": {
    "32": {},
    "4": {
      "forward": 0.016952,
      "backward": 0.04745,
      "params_bytes": 50384896,
      "mem_required": 1346456166.4,
      "output_activation": 33554432.0
    },
    "2": {
      "forward": 0.00885,
      "backward": 0.023574,
      "params_bytes": 50384896,
      "mem_required": 708840038.4,
      "output_activation": 16777216.0
    },
    "8": {
      "forward": 0.035212,
      "backward": 0.098586,
      "params_bytes": 50384896,
      "mem_required": 2622514176.0,
      "output_activation": 67108864.0
    },
    "1": {
      "forward": 0.004392,
      "backward": 0.011983,
      "params_bytes": 50384896,
      "mem_required": 390031974.4,
      "output_activation": 8388608.0
    },
    "16": {},
    "64": {}
  },
  "5": {
    "32": {},
    "4": {
      "forward": 0.016952,
      "backward": 0.04745,
      "params_bytes": 50384896,
      "mem_required": 1346456166.4,
      "output_activation": 33554432.0
    },
    "2": {
      "forward": 0.00885,
      "backward": 0.023574,
      "params_bytes": 50384896,
      "mem_required": 708840038.4,
      "output_activation": 16777216.0
    },
    "8": {
      "forward": 0.035212,
      "backward": 0.098586,
      "params_bytes": 50384896,
      "mem_required": 2622514176.0,
      "output_activation": 67108864.0
    },
    "1": {
      "forward": 0.004392,
      "backward": 0.011983,
      "params_bytes": 50384896,
      "mem_required": 390031974.4,
      "output_activation": 8388608.0
    },
    "16": {},
    "64": {}
  },
  "6": {
    "32": {},
    "4": {
      "forward": 0.016952,
      "backward": 0.04745,
      "params_bytes": 50384896,
      "mem_required": 1346456166.4,
      "output_activation": 33554432.0
    },
    "2": {
      "forward": 0.00885,
      "backward": 0.023574,
      "params_bytes": 50384896,
      "mem_required": 708840038.4,
      "output_activation": 16777216.0
    },
    "8": {
      "forward": 0.035212,
      "backward": 0.098586,
      "params_bytes": 50384896,
      "mem_required": 2622514176.0,
      "output_activation": 67108864.0
    },
    "1": {
      "forward": 0.004392,
      "backward": 0.011983,
      "params_bytes": 50384896,
      "mem_required": 390031974.4,
      "output_activation": 8388608.0
    },
    "16": {},
    "64": {}
  },
  "7": {
    "32": {},
    "4": {
      "forward": 0.016952,
      "backward": 0.04745,
      "params_bytes": 50384896,
      "mem_required": 1346456166.4,
      "output_activation": 33554432.0
    },
    "2": {
      "forward": 0.00885,
      "backward": 0.023574,
      "params_bytes": 50384896,
      "mem_required": 708840038.4,
      "output_activation": 16777216.0
    },
    "8": {
      "forward": 0.035212,
      "backward": 0.098586,
      "params_bytes": 50384896,
      "mem_required": 2622514176.0,
      "output_activation": 67108864.0
    },
    "1": {
      "forward": 0.004392,
      "backward": 0.011983,
      "params_bytes": 50384896,
      "mem_required": 390031974.4,
      "output_activation": 8388608.0
    },
    "16": {},
    "64": {}
  },
  "8": {
    "32": {},
    "4": {
      "forward": 0.016952,
      "backward": 0.04745,
      "params_bytes": 50384896,
      "mem_required": 1346456166.4,
      "output_activation": 33554432.0
    },
    "2": {
      "forward": 0.00885,
      "backward": 0.023574,
      "params_bytes": 50384896,
      "mem_required": 708840038.4,
      "output_activation": 16777216.0
    },
    "8": {
      "forward": 0.035212,
      "backward": 0.098586,
      "params_bytes": 50384896,
      "mem_required": 2622514176.0,
      "output_activation": 67108864.0
    },
    "1": {
      "forward": 0.004392,
      "backward": 0.011983,
      "params_bytes": 50384896,
      "mem_required": 390031974.4,
      "output_activation": 8388608.0
    },
    "16": {},
    "64": {}
  },
  "9": {
    "32": {},
    "4": {
      "forward": 0.016952,
      "backward": 0.04745,
      "params_bytes": 50384896,
      "mem_required": 1346456166.4,
      "output_activation": 33554432.0
    },
    "2": {
      "forward": 0.00885,
      "backward": 0.023574,
      "params_bytes": 50384896,
      "mem_required": 708840038.4,
      "output_activation": 16777216.0
    },
    "8": {
      "forward": 0.035212,
      "backward": 0.098586,
      "params_bytes": 50384896,
      "mem_required": 2622514176.0,
      "output_activation": 67108864.0
    },
    "1": {
      "forward": 0.004392,
      "backward": 0.011983,
      "params_bytes": 50384896,
      "mem_required": 390031974.4,
      "output_activation": 8388608.0
    },
    "16": {},
    "64": {}
  },
  "10": {
    "32": {},
    "4": {
      "forward": 0.016952,
      "backward": 0.04745,
      "params_bytes": 50384896,
      "mem_required": 1346456166.4,
      "output_activation": 33554432.0
    },
    "2": {
      "forward": 0.00885,
      "backward": 0.023574,
      "params_bytes": 50384896,
      "mem_required": 708840038.4,