{
  "model": {
    "model_name": "OPT-350",
    "num_layers": 26,
    "parameters": {
      "total_parameters_bytes": 1629724672,
      "parameters_per_layer_bytes": [
        214433792,
        50384896,
        50384896,
        50384896,
        50384896,
        50384896,
        50384896,
        50384896,
        50384896,
        50384896,
        50384896,
        50384896,
        50384896,
        50384896,
        50384896,
        50384896,
        50384896,
        50384896,
        50384896,
        50384896,
        50384896,
        50384896,
        50384896,
        50384896,
        50384896,
        206053376
      ],
      "activation_parameters_bytes": [
        8388608,
        8388608,
        8388608,
        8388608,
        8388608,
        8388608,
        8388608,
        8388608,
        8388608,
        8388608,
        8388608,
        8388608,
        8388608,
        8388608,
        8388608,
        8388608,
        8388608,
        8388608,
        8388608,
        8388608,
        8388608,
        8388608,
        8388608,
        8388608,
        8388608,
        412090372
      ]
    }
  },
  "execution_time": {
    "total_time_ms": 1002.5129999999999,
    "forward_backward_time_ms": 766.4329999999999,
    "batch_generator_time_ms": 0.0,
    "optimizer_time_ms": 236.08000000000013,
    "layer_compute_total_ms": [
      0.33099999999999996,
      29.899,
      29.723,
      29.723,
      29.723,
      29.723,
      29.723,
      29.723,
      29.723,
      29.723,
      29.723,
      29.723,
      29.723,
      29.723,
      29.723,
      29.723,
      29.723,
      29.723,
      29.723,
      29.723,
      29.723,
      29.723,
      29.723,
      29.723,
      29.723,
      52.574
    ]
  },
  "execution_memory": {
    "layer_memory_total_mb": [
      1030.5,
      584.26953125,
      584.26953125,
      584.26953125,
      584.26953125,
      584.26953125,
      584.26953125,
      584.26953125,
      584.26953125,
      584.26953125,
      584.26953125,
      584.26953125,
      584.26953125,
      584.26953125,
      584.26953125,
      584.26953125,
      584.26953125,
      584.26953125,
      584.26953125,
      584.26953125,
      584.26953125,
      584.26953125,
      584.26953125,
      584.26953125,
      584.26953125,
      1778.5654296875
    ]
  }
}