{
  "model": {
    "model_name": "OPT-350",
    "num_layers": 26,
    "parameters": {
      "total_parameters_bytes": 414957568,
      "parameters_per_layer_bytes": [
        60293120,
        12614656,
        12614656,
        12614656,
        12614656,
        12614656,
        12614656,
        12614656,
        12614656,
        12614656,
        12614656,
        12614656,
        12614656,
        12614656,
        12614656,
        12614656,
        12614656,
        12614656,
        12614656,
        12614656,
        12614656,
        12614656,
        12614656,
        12614656,
        12614656,
        51912704
      ],
      "activation_parameters_bytes": [
        134217728,
        134217728,
        134217728,
        134217728,
        134217728,
        134217728,
        134217728,
        134217728,
        134217728,
        134217728,
        134217728,
        134217728,
        134217728,
        134217728,
        134217728,
        134217728,
        134217728,
        134217728,
        134217728,
        134217728,
        134217728,
        134217728,
        134217728,
        134217728,
        134217728,
        1660944448
      ]
    }
  },
  "execution_time": {
    "total_time_ms": 7314.489999999996,
    "forward_backward_time_ms": 7249.281999999997,
    "batch_generator_time_ms": 0.0,
    "optimizer_time_ms": 65.20800000000003,
    "layer_compute_total_ms": [
      45.02700000000001,
      287.094,
      289.27599999999995,
      289.27599999999995,
      289.27599999999995,
      289.27599999999995,
      289.27599999999995,
      289.27599999999995,
      289.27599999999995,
      289.27599999999995,
      289.27599999999995,
      289.27599999999995,
      289.27599999999995,
      289.27599999999995,
      289.27599999999995,
      289.27599999999995,
      289.27599999999995,
      289.27599999999995,
      289.27599999999995,
      289.27599999999995,
      289.27599999999995,
      289.27599999999995,
      289.27599999999995,
      289.27599999999995,
      289.27599999999995,
      263.813
    ]
  },
  "execution_memory": {
    "layer_memory_total_mb": [
      415.78125,
      1732.4013671875,
      1724.4013671875,
      1724.4013671875,
      1724.4013671875,
      1724.4013671875,
      1724.4013671875,
      1724.4013671875,
      1724.4013671875,
      1724.4013671875,
      1724.4013671875,
      1724.4013671875,
      1724.4013671875,
      1724.4013671875,
      1724.4013671875,
      1724.4013671875,
      1724.4013671875,
      1724.4013671875,
      1724.4013671875,
      1724.4013671875,
      1724.4013671875,
      1724.4013671875,
      1724.4013671875,
      1724.4013671875,
      1724.4013671875,
      3575.9609375
    ]
  }
}