{
  "model": {
    "model_name": "OPT-350",
    "num_layers": 26,
    "parameters": {
      "total_parameters_bytes": 819879936,
      "parameters_per_layer_bytes": [
        111673344,
        25204736,
        25204736,
        25204736,
        25204736,
        25204736,
        25204736,
        25204736,
        25204736,
        25204736,
        25204736,
        25204736,
        25204736,
        25204736,
        25204736,
        25204736,
        25204736,
        25204736,
        25204736,
        25204736,
        25204736,
        25204736,
        25204736,
        25204736,
        25204736,
        103292928
      ],
      "activation_parameters_bytes": [
        8388608,
        8388608,
        8388608,
        8388608,
        8388608,
        8388608,
        8388608,
        8388608,
        8388608,
        8388608,
        8388608,
        8388608,
        8388608,
        8388608,
        8388608,
        8388608,
        8388608,
        8388608,
        8388608,
        8388608,
        8388608,
        8388608,
        8388608,
        8388608,
        8388608,
        206569476
      ]
    }
  },
  "execution_time": {
    "total_time_ms": 713.9020000000002,
    "forward_backward_time_ms": 592.8199999999998,
    "batch_generator_time_ms": 0.0,
    "optimizer_time_ms": 121.08199999999994,
    "layer_compute_total_ms": [
      2.44,
      23.343000000000004,
      23.472,
      23.472,
      23.472,
      23.472,
      23.472,
      23.472,
      23.472,
      23.472,
      23.472,
      23.472,
      23.472,
      23.472,
      23.472,
      23.472,
      23.472,
      23.472,
      23.472,
      23.472,
      23.472,
      23.472,
      23.472,
      23.472,
      23.472,
      27.181
    ]
  },
  "execution_memory": {
    "layer_memory_total_mb": [
      540.517578125,
      304.201171875,
      304.201171875,
      304.201171875,
      304.201171875,
      304.201171875,
      304.201171875,
      304.201171875,
      304.201171875,
      304.201171875,
      304.201171875,
      304.201171875,
      304.201171875,
      304.201171875,
      304.201171875,
      304.201171875,
      304.201171875,
      304.201171875,
      304.201171875,
      304.201171875,
      304.201171875,
      304.201171875,
      304.201171875,
      304.201171875,
      304.201171875,
      896.5654296875
    ]
  }
}