{
  "model": {
    "model_name": "OPT-350",
    "num_layers": 26,
    "parameters": {
      "total_parameters_bytes": 414957568,
      "parameters_per_layer_bytes": [
        60293120,
        12614656,
        12614656,
        12614656,
        12614656,
        12614656,
        12614656,
        12614656,
        12614656,
        12614656,
        12614656,
        12614656,
        12614656,
        12614656,
        12614656,
        12614656,
        12614656,
        12614656,
        12614656,
        12614656,
        12614656,
        12614656,
        12614656,
        12614656,
        12614656,
        51912704
      ],
      "activation_parameters_bytes": [
        8388608,
        8388608,
        8388608,
        8388608,
        8388608,
        8388608,
        8388608,
        8388608,
        8388608,
        8388608,
        8388608,
        8388608,
        8388608,
        8388608,
        8388608,
        8388608,
        8388608,
        8388608,
        8388608,
        8388608,
        8388608,
        8388608,
        8388608,
        8388608,
        8388608,
        103809028
      ]
    }
  },
  "execution_time": {
    "total_time_ms": 531.8049999999998,
    "forward_backward_time_ms": 466.80499999999984,
    "batch_generator_time_ms": 0.0,
    "optimizer_time_ms": 65.0,
    "layer_compute_total_ms": [
      3.2929999999999997,
      18.476,
      18.674,
      18.674,
      18.674,
      18.674,
      18.674,
      18.674,
      18.674,
      18.674,
      18.674,
      18.674,
      18.674,
      18.674,
      18.674,
      18.674,
      18.674,
      18.674,
      18.674,
      18.674,
      18.674,
      18.674,
      18.674,
      18.674,
      18.674,
      15.534000000000002
    ]
  },
  "execution_memory": {
    "layer_memory_total_mb": [
      295.517578125,
      164.6669921875,
      164.1669921875,
      164.1669921875,
      164.1669921875,
      164.1669921875,
      164.1669921875,
      164.1669921875,
      164.1669921875,
      164.1669921875,
      164.1669921875,
      164.1669921875,
      164.1669921875,
      164.1669921875,
      164.1669921875,
      164.1669921875,
      164.1669921875,
      164.1669921875,
      164.1669921875,
      164.1669921875,
      164.1669921875,
      164.1669921875,
      164.1669921875,
      164.1669921875,
      164.1669921875,
      455.5654296875
    ]
  }
}