{
  "model": {
    "model_name": "OPT-350",
    "num_layers": 26,
    "parameters": {
      "total_parameters_bytes": 212496384,
      "parameters_per_layer_bytes": [
        34603008,
        6319616,
        6319616,
        6319616,
        6319616,
        6319616,
        6319616,
        6319616,
        6319616,
        6319616,
        6319616,
        6319616,
        6319616,
        6319616,
        6319616,
        6319616,
        6319616,
        6319616,
        6319616,
        6319616,
        6319616,
        6319616,
        6319616,
        6319616,
        6319616,
        26222592
      ],
      "activation_parameters_bytes": [
        8388608,
        8388608,
        8388608,
        8388608,
        8388608,
        8388608,
        8388608,
        8388608,
        8388608,
        8388608,
        8388608,
        8388608,
        8388608,
        8388608,
        8388608,
        8388608,
        8388608,
        8388608,
        8388608,
        8388608,
        8388608,
        8388608,
        8388608,
        8388608,
        8388608,
        52428804
      ]
    }
  },
  "execution_time": {
    "total_time_ms": 438.35999999999984,
    "forward_backward_time_ms": 400.27000000000004,
    "batch_generator_time_ms": 0.0,
    "optimizer_time_ms": 38.09,
    "layer_compute_total_ms": [
      3.6879999999999997,
      15.915,
      16.116999999999997,
      16.116999999999997,
      16.116999999999997,
      16.116999999999997,
      16.116999999999997,
      16.116999999999997,
      16.116999999999997,
      16.116999999999997,
      16.116999999999997,
      16.116999999999997,
      16.116999999999997,
      16.116999999999997,
      16.116999999999997,
      16.116999999999997,
      16.116999999999997,
      16.116999999999997,
      16.116999999999997,
      16.116999999999997,
      16.116999999999997,
      16.116999999999997,
      16.116999999999997,
      16.116999999999997,
      16.116999999999997,
      9.975999999999999
    ]
  },
  "execution_memory": {
    "layer_memory_total_mb": [
      173.017578125,
      94.14990234375,
      94.14990234375,
      94.14990234375,
      94.14990234375,
      94.14990234375,
      94.14990234375,
      94.14990234375,
      94.14990234375,
      94.14990234375,
      94.14990234375,
      94.14990234375,
      94.14990234375,
      94.14990234375,
      94.14990234375,
      94.14990234375,
      94.14990234375,
      94.14990234375,
      94.14990234375,
      94.14990234375,
      94.14990234375,
      94.14990234375,
      94.14990234375,
      94.14990234375,
      94.14990234375,
      233.0654296875
    ]
  }
}