{
  "model": {
    "model_name": "OPT-350",
    "num_layers": 26,
    "parameters": {
      "total_parameters_bytes": 212496384,
      "parameters_per_layer_bytes": [
        34603008,
        6319616,
        6319616,
        6319616,
        6319616,
        6319616,
        6319616,
        6319616,
        6319616,
        6319616,
        6319616,
        6319616,
        6319616,
        6319616,
        6319616,
        6319616,
        6319616,
        6319616,
        6319616,
        6319616,
        6319616,
        6319616,
        6319616,
        6319616,
        6319616,
        26222592
      ],
      "activation_parameters_bytes": [
        16777216,
        16777216,
        16777216,
        16777216,
        16777216,
        16777216,
        16777216,
        16777216,
        16777216,
        16777216,
        16777216,
        16777216,
        16777216,
        16777216,
        16777216,
        16777216,
        16777216,
        16777216,
        16777216,
        16777216,
        16777216,
        16777216,
        16777216,
        16777216,
        16777216,
        104857608
      ]
    }
  },
  "execution_time": {
    "total_time_ms": 948.0450000000004,
    "forward_backward_time_ms": 909.8509999999999,
    "batch_generator_time_ms": 0.0,
    "optimizer_time_ms": 38.19400000000002,
    "layer_compute_total_ms": [
      7.6770000000000005,
      36.519000000000005,
      36.730999999999995,
      36.730999999999995,
      36.730999999999995,
      36.730999999999995,
      36.730999999999995,
      36.730999999999995,
      36.730999999999995,
      36.730999999999995,
      36.730999999999995,
      36.730999999999995,
      36.730999999999995,
      36.730999999999995,
      36.730999999999995,
      36.730999999999995,
      36.730999999999995,
      36.730999999999995,
      36.730999999999995,
      36.730999999999995,
      36.730999999999995,
      36.730999999999995,
      36.730999999999995,
      36.730999999999995,
      36.730999999999995,
      20.842000000000002
    ]
  },
  "execution_memory": {
    "layer_memory_total_mb": [
      181.03515625,
      158.16552734375,
      158.16552734375,
      158.16552734375,
      158.16552734375,
      158.16552734375,
      158.16552734375,
      158.16552734375,
      158.16552734375,
      158.16552734375,
      158.16552734375,
      158.16552734375,
      158.16552734375,
      158.16552734375,
      158.16552734375,
      158.16552734375,
      158.16552734375,
      158.16552734375,
      158.16552734375,
      158.16552734375,
      158.16552734375,
      158.16552734375,
      158.16552734375,
      158.16552734375,
      158.16552734375,
      341.091796875
    ]
  }
}