{
  "model": {
    "model_name": "OPT-350",
    "num_layers": 26,
    "parameters": {
      "total_parameters_bytes": 414957568,
      "parameters_per_layer_bytes": [
        60293120,
        12614656,
        12614656,
        12614656,
        12614656,
        12614656,
        12614656,
        12614656,
        12614656,
        12614656,
        12614656,
        12614656,
        12614656,
        12614656,
        12614656,
        12614656,
        12614656,
        12614656,
        12614656,
        12614656,
        12614656,
        12614656,
        12614656,
        12614656,
        12614656,
        51912704
      ],
      "activation_parameters_bytes": [
        16777216,
        16777216,
        16777216,
        16777216,
        16777216,
        16777216,
        16777216,
        16777216,
        16777216,
        16777216,
        16777216,
        16777216,
        16777216,
        16777216,
        16777216,
        16777216,
        16777216,
        16777216,
        16777216,
        16777216,
        16777216,
        16777216,
        16777216,
        16777216,
        16777216,
        207618056
      ]
    }
  },
  "execution_time": {
    "total_time_ms": 976.3899999999999,
    "forward_backward_time_ms": 912.2220000000004,
    "batch_generator_time_ms": 0.0,
    "optimizer_time_ms": 64.16800000000005,
    "layer_compute_total_ms": [
      5.742,
      36.066,
      36.518,
      36.518,
      36.518,
      36.518,
      36.518,
      36.518,
      36.518,
      36.518,
      36.518,
      36.518,
      36.518,
      36.518,
      36.518,
      36.518,
      36.518,
      36.518,
      36.518,
      36.518,
      36.518,
      36.518,
      36.518,
      36.518,
      36.518,
      30.5
    ]
  },
  "execution_memory": {
    "layer_memory_total_mb": [
      303.53515625,
      269.1826171875,
      268.1826171875,
      268.1826171875,
      268.1826171875,
      268.1826171875,
      268.1826171875,
      268.1826171875,
      268.1826171875,
      268.1826171875,
      268.1826171875,
      268.1826171875,
      268.1826171875,
      268.1826171875,
      268.1826171875,
      268.1826171875,
      268.1826171875,
      268.1826171875,
      268.1826171875,
      268.1826171875,
      268.1826171875,
      268.1826171875,
      268.1826171875,
      268.1826171875,
      268.1826171875,
      663.591796875
    ]
  }
}