{
  "model": {
    "model_name": "OPT-350",
    "num_layers": 26,
    "parameters": {
      "total_parameters_bytes": 1629724672,
      "parameters_per_layer_bytes": [
        214433792,
        50384896,
        50384896,
        50384896,
        50384896,
        50384896,
        50384896,
        50384896,
        50384896,
        50384896,
        50384896,
        50384896,
        50384896,
        50384896,
        50384896,
        50384896,
        50384896,
        50384896,
        50384896,
        50384896,
        50384896,
        50384896,
        50384896,
        50384896,
        50384896,
        206053376
      ],
      "activation_parameters_bytes": [
        16777216,
        16777216,
        16777216,
        16777216,
        16777216,
        16777216,
        16777216,
        16777216,
        16777216,
        16777216,
        16777216,
        16777216,
        16777216,
        16777216,
        16777216,
        16777216,
        16777216,
        16777216,
        16777216,
        16777216,
        16777216,
        16777216,
        16777216,
        16777216,
        16777216,
        824180744
      ]
    }
  },
  "execution_time": {
    "total_time_ms": 1758.5000000000007,
    "forward_backward_time_ms": 1524.2660000000003,
    "batch_generator_time_ms": 0.0,
    "optimizer_time_ms": 234.23400000000015,
    "layer_compute_total_ms": [
      0.40800000000000003,
      58.039,
      59.028000000000006,
      59.028000000000006,
      59.028000000000006,
      59.028000000000006,
      59.028000000000006,
      59.028000000000006,
      59.028000000000006,
      59.028000000000006,
      59.028000000000006,
      59.028000000000006,
      59.028000000000006,
      59.028000000000006,
      59.028000000000006,
      59.028000000000006,
      59.028000000000006,
      59.028000000000006,
      59.028000000000006,
      59.028000000000006,
      59.028000000000006,
      59.028000000000006,
      59.028000000000006,
      59.028000000000006,
      59.028000000000006,
      108.175
    ]
  },
  "execution_memory": {
    "layer_memory_total_mb": [
      1038.5,
      928.28515625,
      928.28515625,
      928.28515625,
      928.28515625,
      928.28515625,
      928.28515625,
      928.28515625,
      928.28515625,
      928.28515625,
      928.28515625,
      928.28515625,
      928.28515625,
      928.28515625,
      928.28515625,
      928.28515625,
      928.28515625,
      928.28515625,
      928.28515625,
      928.28515625,
      928.28515625,
      928.28515625,
      928.28515625,
      928.28515625,
      928.28515625,
      2574.591796875
    ]
  }
}