{
  "model": {
    "model_name": "OPT-350",
    "num_layers": 26,
    "parameters": {
      "total_parameters_bytes": 1629724672,
      "parameters_per_layer_bytes": [
        214433792,
        50384896,
        50384896,
        50384896,
        50384896,
        50384896,
        50384896,
        50384896,
        50384896,
        50384896,
        50384896,
        50384896,
        50384896,
        50384896,
        50384896,
        50384896,
        50384896,
        50384896,
        50384896,
        50384896,
        50384896,
        50384896,
        50384896,
        50384896,
        50384896,
        206053376
      ],
      "activation_parameters_bytes": [
        33554432,
        33554432,
        33554432,
        33554432,
        33554432,
        33554432,
        33554432,
        33554432,
        33554432,
        33554432,
        33554432,
        33554432,
        33554432,
        33554432,
        33554432,
        33554432,
        33554432,
        33554432,
        33554432,
        33554432,
        33554432,
        33554432,
        33554432,
        33554432,
        33554432,
        1648361488
      ]
    }
  },
  "execution_time": {
    "total_time_ms": 3290.344999999998,
    "forward_backward_time_ms": 3056.9949999999994,
    "batch_generator_time_ms": 0.0,
    "optimizer_time_ms": 233.3499999999999,
    "layer_compute_total_ms": [
      0.585,
      115.27300000000001,
      118.31899999999999,
      118.31899999999999,
      118.31899999999999,
      118.31899999999999,
      118.31899999999999,
      118.31899999999999,
      118.31899999999999,
      118.31899999999999,
      118.31899999999999,
      118.31899999999999,
      118.31899999999999,
      118.31899999999999,
      118.31899999999999,
      118.31899999999999,
      118.31899999999999,
      118.31899999999999,
      118.31899999999999,
      118.31899999999999,
      118.31899999999999,
      118.31899999999999,
      118.31899999999999,
      118.31899999999999,
      118.31899999999999,
      219.80000000000004
    ]
  },
  "execution_memory": {
    "layer_memory_total_mb": [
      1054.5,
      1616.31640625,
      1616.31640625,
      1616.31640625,
      1616.31640625,
      1616.31640625,
      1616.31640625,
      1616.31640625,
      1616.31640625,
      1616.31640625,
      1616.31640625,
      1616.31640625,
      1616.31640625,
      1616.31640625,
      1616.31640625,
      1616.31640625,
      1616.31640625,
      1616.31640625,
      1616.31640625,
      1616.31640625,
      1616.31640625,
      1616.31640625,
      1616.31640625,
      1616.31640625,
      1616.31640625,
      4166.64453125
    ]
  }
}