{
  "model": {
    "model_name": "OPT-350",
    "num_layers": 26,
    "parameters": {
      "total_parameters_bytes": 212496384,
      "parameters_per_layer_bytes": [
        34603008,
        6319616,
        6319616,
        6319616,
        6319616,
        6319616,
        6319616,
        6319616,
        6319616,
        6319616,
        6319616,
        6319616,
        6319616,
        6319616,
        6319616,
        6319616,
        6319616,
        6319616,
        6319616,
        6319616,
        6319616,
        6319616,
        6319616,
        6319616,
        6319616,
        26222592
      ],
      "activation_parameters_bytes": [
        33554432,
        33554432,
        33554432,
        33554432,
        33554432,
        33554432,
        33554432,
        33554432,
        33554432,
        33554432,
        33554432,
        33554432,
        33554432,
        33554432,
        33554432,
        33554432,
        33554432,
        33554432,
        33554432,
        33554432,
        33554432,
        33554432,
        33554432,
        33554432,
        33554432,
        209715216
      ]
    }
  },
  "execution_time": {
    "total_time_ms": 1586.2450000000006,
    "forward_backward_time_ms": 1548.336999999999,
    "batch_generator_time_ms": 0.0,
    "optimizer_time_ms": 37.90799999999998,
    "layer_compute_total_ms": [
      12.4,
      61.601000000000006,
      62.464,
      62.464,
      62.464,
      62.464,
      62.464,
      62.464,
      62.464,
      62.464,
      62.464,
      62.464,
      62.464,
      62.464,
      62.464,
      62.464,
      62.464,
      62.464,
      62.464,
      62.464,
      62.464,
      62.464,
      62.464,
      62.464,
      62.464,
      37.664
    ]
  },
  "execution_memory": {
    "layer_memory_total_mb": [
      197.0703125,
      286.19677734375,
      286.19677734375,
      286.19677734375,
      286.19677734375,
      286.19677734375,
      286.19677734375,
      286.19677734375,
      286.19677734375,
      286.19677734375,
      286.19677734375,
      286.19677734375,
      286.19677734375,
      286.19677734375,
      286.19677734375,
      286.19677734375,
      286.19677734375,
      286.19677734375,
      286.19677734375,
      286.19677734375,
      286.19677734375,
      286.19677734375,
      286.19677734375,
      286.19677734375,
      286.19677734375,
      557.14453125
    ]
  }
}