{
  "model": {
    "model_name": "OPT-350",
    "num_layers": 26,
    "parameters": {
      "total_parameters_bytes": 212496384,
      "parameters_per_layer_bytes": [
        34603008,
        6319616,
        6319616,
        6319616,
        6319616,
        6319616,
        6319616,
        6319616,
        6319616,
        6319616,
        6319616,
        6319616,
        6319616,
        6319616,
        6319616,
        6319616,
        6319616,
        6319616,
        6319616,
        6319616,
        6319616,
        6319616,
        6319616,
        6319616,
        6319616,
        26222592
      ],
      "activation_parameters_bytes": [
        67108864,
        67108864,
        67108864,
        67108864,
        67108864,
        67108864,
        67108864,
        67108864,
        67108864,
        67108864,
        67108864,
        67108864,
        67108864,
        67108864,
        67108864,
        67108864,
        67108864,
        67108864,
        67108864,
        67108864,
        67108864,
        67108864,
        67108864,
        67108864,
        67108864,
        419430432
      ]
    }
  },
  "execution_time": {
    "total_time_ms": 3121.1630000000014,
    "forward_backward_time_ms": 3083.2550000000006,
    "batch_generator_time_ms": 0.0,
    "optimizer_time_ms": 37.90799999999998,
    "layer_compute_total_ms": [
      24.513,
      122.862,
      124.302,
      124.302,
      124.302,
      124.302,
      124.302,
      124.302,
      124.302,
      124.302,
      124.302,
      124.302,
      124.302,
      124.302,
      124.302,
      124.302,
      124.302,
      124.302,
      124.302,
      124.302,
      124.302,
      124.302,
      124.302,
      124.302,
      124.302,
      76.934
    ]
  },
  "execution_memory": {
    "layer_memory_total_mb": [
      229.140625,
      542.25927734375,
      542.25927734375,
      542.25927734375,
      542.25927734375,
      542.25927734375,
      542.25927734375,
      542.25927734375,
      542.25927734375,
      542.25927734375,
      542.25927734375,
      542.25927734375,
      542.25927734375,
      542.25927734375,
      542.25927734375,
      542.25927734375,
      542.25927734375,
      542.25927734375,
      542.25927734375,
      542.25927734375,
      542.25927734375,
      542.25927734375,
      542.25927734375,
      542.25927734375,
      542.25927734375,
      989.25
    ]
  }
}