{
  "model": {
    "model_name": "OPT-350",
    "num_layers": 26,
    "parameters": {
      "total_parameters_bytes": 819879936,
      "parameters_per_layer_bytes": [
        111673344,
        25204736,
        25204736,
        25204736,
        25204736,
        25204736,
        25204736,
        25204736,
        25204736,
        25204736,
        25204736,
        25204736,
        25204736,
        25204736,
        25204736,
        25204736,
        25204736,
        25204736,
        25204736,
        25204736,
        25204736,
        25204736,
        25204736,
        25204736,
        25204736,
        103292928
      ],
      "activation_parameters_bytes": [
        67108864,
        67108864,
        67108864,
        67108864,
        67108864,
        67108864,
        67108864,
        67108864,
        67108864,
        67108864,
        67108864,
        67108864,
        67108864,
        67108864,
        67108864,
        67108864,
        67108864,
        67108864,
        67108864,
        67108864,
        67108864,
        67108864,
        67108864,
        67108864,
        67108864,
        1652555808
      ]
    }
  },
  "execution_time": {
    "total_time_ms": 4848.4879999999985,
    "forward_backward_time_ms": 4727.405999999997,
    "batch_generator_time_ms": 0.0,
    "optimizer_time_ms": 121.08199999999994,
    "layer_compute_total_ms": [
      18.848999999999997,
      184.38099999999997,
      186.539,
      186.539,
      186.539,
      186.539,
      186.539,
      186.539,
      186.539,
      186.539,
      186.539,
      186.539,
      186.539,
      186.539,
      186.539,
      186.539,
      186.539,
      186.539,
      186.539,
      186.539,
      186.539,
      186.539,
      186.539,
      186.539,
      186.539,
      233.779
    ]
  },
  "execution_memory": {
    "layer_memory_total_mb": [
      596.640625,
      1592.310546875,
      1592.310546875,
      1592.310546875,
      1592.310546875,
      1592.310546875,
      1592.310546875,
      1592.310546875,
      1592.310546875,
      1592.310546875,
      1592.310546875,
      1592.310546875,
      1592.310546875,
      1592.310546875,
      1592.310546875,
      1592.310546875,
      1592.310546875,
      1592.310546875,
      1592.310546875,
      1592.310546875,
      1592.310546875,
      1592.310546875,
      1592.310546875,
      1592.310546875,
      1592.310546875,
      3724.75
    ]
  }
}