{
  "model": {
    "model_name": "OPT-350",
    "num_layers": 26,
    "parameters": {
      "total_parameters_bytes": 414957568,
      "parameters_per_layer_bytes": [
        60293120,
        12614656,
        12614656,
        12614656,
        12614656,
        12614656,
        12614656,
        12614656,
        12614656,
        12614656,
        12614656,
        12614656,
        12614656,
        12614656,
        12614656,
        12614656,
        12614656,
        12614656,
        12614656,
        12614656,
        12614656,
        12614656,
        12614656,
        12614656,
        12614656,
        51912704
      ],
      "activation_parameters_bytes": [
        67108864,
        67108864,
        67108864,
        67108864,
        67108864,
        67108864,
        67108864,
        67108864,
        67108864,
        67108864,
        67108864,
        67108864,
        67108864,
        67108864,
        67108864,
        67108864,
        67108864,
        67108864,
        67108864,
        67108864,
        67108864,
        67108864,
        67108864,
        67108864,
        67108864,
        830472224
      ]
    }
  },
  "execution_time": {
    "total_time_ms": 3702.383000000001,
    "forward_backward_time_ms": 3637.1229999999996,
    "batch_generator_time_ms": 0.0,
    "optimizer_time_ms": 65.25999999999999,
    "layer_compute_total_ms": [
      22.381,
      143.342,
      145.31900000000002,
      145.31900000000002,
      145.31900000000002,
      145.31900000000002,
      145.31900000000002,
      145.31900000000002,
      145.31900000000002,
      145.31900000000002,
      145.31900000000002,
      145.31900000000002,
      145.31900000000002,
      145.31900000000002,
      145.31900000000002,
      145.31900000000002,
      145.31900000000002,
      145.31900000000002,
      145.31900000000002,
      145.31900000000002,
      145.31900000000002,
      145.31900000000002,
      145.31900000000002,
      145.31900000000002,
      145.31900000000002,
      129.063
    ]
  },
  "execution_memory": {
    "layer_memory_total_mb": [
      351.640625,
      896.2763671875,
      892.2763671875,
      892.2763671875,
      892.2763671875,
      892.2763671875,
      892.2763671875,
      892.2763671875,
      892.2763671875,
      892.2763671875,
      892.2763671875,
      892.2763671875,
      892.2763671875,
      892.2763671875,
      892.2763671875,
      892.2763671875,
      892.2763671875,
      892.2763671875,
      892.2763671875,
      892.2763671875,
      892.2763671875,
      892.2763671875,
      892.2763671875,
      892.2763671875,
      892.2763671875,
      1911.75
    ]
  }
}