{
  "allreduce_size_2_consec_0": 19.854630837734515,
  "allreduce_size_2_consec_1": 19.854630837734515,
  "p2p_size_2": 20.73837167472202,
  "overlap_coe": 1.0,
  "allreduce_size_3_consec_0": 14.395947583752777,
  "allreduce_size_3_consec_1": 14.395947583752777,
  "p2p_size_3": 20.73837167472202,
  "allreduce_size_4_consec_0": 12.441497117470613,
  "allreduce_size_4_consec_1": 12.441497117470613,
  "p2p_size_4": 20.73837167472202,
  "allreduce_size_5_consec_0": 11.382943224620893,
  "allreduce_size_5_consec_1": 11.382943224620893,
  "p2p_size_5": 20.73837167472202,
  "allreduce_size_6_consec_0": 10.692999756534894,
  "allreduce_size_6_consec_1": 10.692999756534894,
  "p2p_size_6": 20.73837167472202,
  "allreduce_size_7_consec_0": 10.193390849782862,
  "allreduce_size_7_consec_1": 10.193390849782862,
  "p2p_size_7": 20.73837167472202,
  "allreduce_size_8_consec_0": 9.806409251506416,
  "allreduce_size_8_consec_1": 9.806409251506416,
  "p2p_size_8": 20.73837167472202,
  "allreduce_size_9_consec_0": 9.492454452761041,
  "allreduce_size_9_consec_1": 9.492454452761041,
  "p2p_size_9": 20.73837167472202,
  "allreduce_size_10_consec_0": 9.229065774403571,
  "allreduce_size_10_consec_1": 9.229065774403571,
  "p2p_size_10": 20.73837167472202,
  "allreduce_size_11_consec_0": 9.002466759147186,
  "allreduce_size_11_consec_1": 9.002466759147186,
  "p2p_size_11": 20.73837167472202,
  "allreduce_size_12_consec_0": 8.803686228493557,
  "allreduce_size_12_consec_1": 8.803686228493557,
  "p2p_size_12": 20.73837167472202,
  "allreduce_size_13_consec_0": 8.626599181005691,
  "allreduce_size_13_consec_1": 8.626599181005691,
  "p2p_size_13": 20.73837167472202,
  "allreduce_size_14_consec_0": 8.466860399447903,
  "allreduce_size_14_consec_1": 8.466860399447903,
  "p2p_size_14": 20.73837167472202,
  "allreduce_size_15_consec_0": 8.321288035834257,
  "allreduce_size_15_consec_1": 8.321288035834257,
  "p2p_size_15": 20.73837167472202,
  "allreduce_size_16_consec_0": 8.187489269080238,
  "allreduce_size_16_consec_1": 8.187489269080238,
  "p2p_size_16": 20.73837167472202,
  "allreduce_size_17_consec_0": 8.06362337995004,
  "allreduce_size_17_consec_1": 8.06362337995004,
  "p2p_size_17": 20.73837167472202,
  "allreduce_size_18_consec_0": 7.948246439002611,
  "allreduce_size_18_consec_1": 7.948246439002611,
  "p2p_size_18": 20.73837167472202,
  "allreduce_size_19_consec_0": 7.840206369960515,
  "allreduce_size_19_consec_1": 7.840206369960515,
  "p2p_size_19": 20.73837167472202,
  "allreduce_size_20_consec_0": 7.738570159957019,
  "allreduce_size_20_consec_1": 7.738570159957019,
  "p2p_size_20": 20.73837167472202,
  "allreduce_size_21_consec_0": 7.642572189144284,
  "allreduce_size_21_consec_1": 7.642572189144284,
  "p2p_size_21": 20.73837167472202,
  "allreduce_size_22_consec_0": 7.551576794692702,
  "allreduce_size_22_consec_1": 7.551576794692702,
  "p2p_size_22": 20.73837167472202,
  "allreduce_size_23_consec_0": 7.465050649189678,
  "allreduce_size_23_consec_1": 7.465050649189678,
  "p2p_size_23": 20.73837167472202,
  "allreduce_size_24_consec_0": 7.3825420447185,
  "allreduce_size_24_consec_1": 7.3825420447185,
  "p2p_size_24": 20.73837167472202,
  "allreduce_size_25_consec_0": 7.303665125484,
  "allreduce_size_25_consec_1": 7.303665125484,
  "p2p_size_25": 20.73837167472202,
  "allreduce_size_26_consec_0": 7.228087725530405,
  "allreduce_size_26_consec_1": 7.228087725530405,
  "p2p_size_26": 20.73837167472202,
  "allreduce_size_27_consec_0": 7.155521872495854,
  "allreduce_size_27_consec_1": 7.155521872495854,
  "p2p_size_27": 20.73837167472202,
  "allreduce_size_28_consec_0": 7.085716290108408,
  "allreduce_size_28_consec_1": 7.085716290108408,
  "p2p_size_28": 20.73837167472202,
  "allreduce_size_29_consec_0": 7.018450418044088,
  "allreduce_size_29_consec_1": 7.018450418044088,
  "p2p_size_29": 20.73837167472202,
  "allreduce_size_30_consec_0": 6.95352959705116,
  "allreduce_size_30_consec_1": 6.95352959705116,
  "p2p_size_30": 20.73837167472202,
  "allreduce_size_31_consec_0": 6.890781158507868,
  "allreduce_size_31_consec_1": 6.890781158507868,
  "p2p_size_31": 20.73837167472202,
  "allreduce_size_32_consec_0": 6.83005122290249,
  "allreduce_size_32_consec_1": 6.83005122290249,
  "p2p_size_32": 20.73837167472202,
  "allreduce_size_33_consec_0": 6.771202059081801,
  "allreduce_size_33_consec_1": 6.771202059081801,
  "p2p_size_33": 20.73837167472202,
  "allreduce_size_34_consec_0": 6.714109890857477,
  "allreduce_size_34_consec_1": 6.714109890857477,
  "p2p_size_34": 20.73837167472202,
  "allreduce_size_35_consec_0": 6.658663063333104,
  "allreduce_size_35_consec_1": 6.658663063333104,
  "p2p_size_35": 20.73837167472202,
  "allreduce_size_36_consec_0": 6.604760500630985,
  "allreduce_size_36_consec_1": 6.604760500630985,
  "p2p_size_36": 20.73837167472202,
  "allreduce_size_37_consec_0": 6.55231040131618,
  "allreduce_size_37_consec_1": 6.55231040131618,
  "p2p_size_37": 20.73837167472202,
  "allreduce_size_38_consec_0": 6.501229128977729,
  "allreduce_size_38_consec_1": 6.501229128977729,
  "p2p_size_38": 20.73837167472202,
  "allreduce_size_39_consec_0": 6.451440264023679,
  "allreduce_size_39_consec_1": 6.451440264023679,
  "p2p_size_39": 20.73837167472202,
  "allreduce_size_40_consec_0": 6.402873789420079,
  "allreduce_size_40_consec_1": 6.402873789420079,
  "p2p_size_40": 20.73837167472202,
  "allreduce_size_41_consec_0": 6.355465388323596,
  "allreduce_size_41_consec_1": 6.355465388323596,
  "p2p_size_41": 20.73837167472202,
  "allreduce_size_42_consec_0": 6.309155835669212,
  "allreduce_size_42_consec_1": 6.309155835669212,
  "p2p_size_42": 20.73837167472202,
  "allreduce_size_43_consec_0": 6.263890469034831,
  "allreduce_size_43_consec_1": 6.263890469034831,
  "p2p_size_43": 20.73837167472202,
  "allreduce_size_44_consec_0": 6.21961872670687,
  "allreduce_size_44_consec_1": 6.21961872670687,
  "p2p_size_44": 20.73837167472202,
  "allreduce_size_45_consec_0": 6.1762937429601354,
  "allreduce_size_45_consec_1": 6.1762937429601354,
  "p2p_size_45": 20.73837167472202,
  "allreduce_size_46_consec_0": 6.133871992252272,
  "allreduce_size_46_consec_1": 6.133871992252272,
  "p2p_size_46": 20.73837167472202,
  "allreduce_size_47_consec_0": 6.092312975402825,
  "allreduce_size_47_consec_1": 6.092312975402825,
  "p2p_size_47": 20.73837167472202,
  "allreduce_size_48_consec_0": 6.051578941944665,
  "allreduce_size_48_consec_1": 6.051578941944665,
  "p2p_size_48": 20.73837167472202,
  "allreduce_size_49_consec_0": 6.011634643752381,
  "allreduce_size_49_consec_1": 6.011634643752381,
  "p2p_size_49": 20.73837167472202,
  "allreduce_size_50_consec_0": 5.972447115807543,
  "allreduce_size_50_consec_1": 5.972447115807543,
  "p2p_size_50": 20.73837167472202,
  "allreduce_size_51_consec_0": 5.933985480586057,
  "allreduce_size_51_consec_1": 5.933985480586057,
  "p2p_size_51": 20.73837167472202,
  "allreduce_size_52_consec_0": 5.896220773072527,
  "allreduce_size_52_consec_1": 5.896220773072527,
  "p2p_size_52": 20.73837167472202,
  "allreduce_size_53_consec_0": 5.8591257838404305,
  "allreduce_size_53_consec_1": 5.8591257838404305,
  "p2p_size_53": 20.73837167472202,
  "allreduce_size_54_consec_0": 5.822674918000385,
  "allreduce_size_54_consec_1": 5.822674918000385,
  "p2p_size_54": 20.73837167472202,
  "allreduce_size_55_consec_0": 5.7868440681246245,
  "allreduce_size_55_consec_1": 5.7868440681246245,
  "p2p_size_55": 20.73837167472202,
  "allreduce_size_56_consec_0": 5.751610499513936,
  "allreduce_size_56_consec_1": 5.751610499513936,
  "p2p_size_56": 20.73837167472202,
  "allreduce_size_57_consec_0": 5.716952746391959,
  "allreduce_size_57_consec_1": 5.716952746391959,
  "p2p_size_57": 20.73837167472202,
  "allreduce_size_58_consec_0": 5.682850517797677,
  "allreduce_size_58_consec_1": 5.682850517797677,
  "p2p_size_58": 20.73837167472202,
  "allreduce_size_59_consec_0": 5.6492846121053875,
  "allreduce_size_59_consec_1": 5.6492846121053875,