{
  "allreduce_size_2_consec_0": 11.915980524101027,
  "allreduce_size_2_consec_1": 81.30307192662784,
  "p2p_size_2": 11.968705759818329,
  "overlap_coe": 1.227,
  "allreduce_size_3_consec_0": 8.896179358118456,
  "allreduce_size_3_consec_1": 60.94770485114442,
  "p2p_size_3": 11.968705759818329,
  "allreduce_size_4_consec_0": 7.870928463072486,
  "allreduce_size_4_consec_1": 54.12017510835466,
  "p2p_size_4": 11.968705759818329,
  "allreduce_size_5_consec_0": 7.3443066784601285,
  "allreduce_size_5_consec_1": 7.3443066784601285,
  "p2p_size_5": 11.968705759818329,
  "allreduce_size_6_consec_0": 7.017200586189702,
  "allreduce_size_6_consec_1": 7.017200586189702,
  "p2p_size_6": 11.968705759818329,
  "allreduce_size_7_consec_0": 6.789941195670762,
  "allreduce_size_7_consec_1": 6.789941195670762,
  "p2p_size_7": 11.968705759818329,
  "allreduce_size_8_consec_0": 6.619832644816751,
  "allreduce_size_8_consec_1": 6.619832644816751,
  "p2p_size_8": 11.968705759818329,
  "allreduce_size_9_consec_0": 6.485538142828015,
  "allreduce_size_9_consec_1": 6.485538142828015,
  "p2p_size_9": 11.968705759818329,
  "allreduce_size_10_consec_0": 6.375210424247607,
  "allreduce_size_10_consec_1": 6.375210424247607,
  "p2p_size_10": 11.968705759818329,
  "allreduce_size_11_consec_0": 6.281744893669433,
  "allreduce_size_11_consec_1": 6.281744893669433,
  "p2p_size_11": 11.968705759818329,
  "allreduce_size_12_consec_0": 6.200622519001014,
  "allreduce_size_12_consec_1": 6.200622519001014,
  "p2p_size_12": 11.968705759818329,
  "allreduce_size_13_consec_0": 6.12883161698433,
  "allreduce_size_13_consec_1": 6.12883161698433,
  "p2p_size_13": 11.968705759818329,
  "allreduce_size_14_consec_0": 6.064287492899885,
  "allreduce_size_14_consec_1": 6.064287492899885,
  "p2p_size_14": 11.968705759818329,
  "allreduce_size_15_consec_0": 6.005500949868788,
  "allreduce_size_15_consec_1": 6.005500949868788,
  "p2p_size_15": 11.968705759818329,
  "allreduce_size_16_consec_0": 5.951379492636731,
  "allreduce_size_16_consec_1": 5.951379492636731,
  "p2p_size_16": 11.968705759818329,
  "allreduce_size_17_consec_0": 5.901103148652607,
  "allreduce_size_17_consec_1": 5.901103148652607,
  "p2p_size_17": 11.968705759818329,
  "allreduce_size_18_consec_0": 5.854044166037743,
  "allreduce_size_18_consec_1": 5.854044166037743,
  "p2p_size_18": 11.968705759818329,
  "allreduce_size_19_consec_0": 5.80971351446358,
  "allreduce_size_19_consec_1": 5.80971351446358,
  "p2p_size_19": 11.968705759818329,
  "allreduce_size_20_consec_0": 5.7677243066287875,
  "allreduce_size_20_consec_1": 5.7677243066287875,
  "p2p_size_20": 11.968705759818329,
  "allreduce_size_21_consec_0": 5.727766212714954,
  "allreduce_size_21_consec_1": 5.727766212714954,
  "p2p_size_21": 11.968705759818329,
  "allreduce_size_22_consec_0": 5.689587199553866,
  "allreduce_size_22_consec_1": 5.689587199553866,
  "p2p_size_22": 11.968705759818329,
  "allreduce_size_23_consec_0": 5.652980261005236,
  "allreduce_size_23_consec_1": 5.652980261005236,
  "p2p_size_23": 11.968705759818329,
  "allreduce_size_24_consec_0": 5.61777361830366,
  "allreduce_size_24_consec_1": 5.61777361830366,
  "p2p_size_24": 11.968705759818329,
  "allreduce_size_25_consec_0": 5.583823376654779,
  "allreduce_size_25_consec_1": 5.583823376654779,
  "p2p_size_25": 11.968705759818329,
  "allreduce_size_26_consec_0": 5.551007949075293,
  "allreduce_size_26_consec_1": 5.551007949075293,
  "p2p_size_26": 11.968705759818329,
  "allreduce_size_27_consec_0": 5.519223770714814,
  "allreduce_size_27_consec_1": 5.519223770714814,
  "p2p_size_27": 11.968705759818329,
  "allreduce_size_28_consec_0": 5.48838196834252,
  "allreduce_size_28_consec_1": 5.48838196834252,
  "p2p_size_28": 11.968705759818329,
  "allreduce_size_29_consec_0": 5.45840574562499,
  "allreduce_size_29_consec_1": 5.45840574562499,
  "p2p_size_29": 11.968705759818329,
  "allreduce_size_30_consec_0": 5.429228310962211,
  "allreduce_size_30_consec_1": 5.429228310962211,
  "p2p_size_30": 11.968705759818329,
  "allreduce_size_31_consec_0": 5.400791220926579,
  "allreduce_size_31_consec_1": 5.400791220926579,
  "p2p_size_31": 11.968705759818329,
  "allreduce_size_32_consec_0": 5.373043045176627,
  "allreduce_size_32_consec_1": 5.373043045176627,
  "p2p_size_32": 11.968705759818329,
  "allreduce_size_33_consec_0": 5.345938282299642,
  "allreduce_size_33_consec_1": 5.345938282299642,
  "p2p_size_33": 11.968705759818329,
  "allreduce_size_34_consec_0": 5.3194364731791834,
  "allreduce_size_34_consec_1": 5.3194364731791834,
  "p2p_size_34": 11.968705759818329,
  "allreduce_size_35_consec_0": 5.293501471080672,
  "allreduce_size_35_consec_1": 5.293501471080672,
  "p2p_size_35": 11.968705759818329,
  "allreduce_size_36_consec_0": 5.268100837000636,
  "allreduce_size_36_consec_1": 5.268100837000636,
  "p2p_size_36": 11.968705759818329,
  "allreduce_size_37_consec_0": 5.243205335835197,
  "allreduce_size_37_consec_1": 5.243205335835197,
  "p2p_size_37": 11.968705759818329,
  "allreduce_size_38_consec_0": 5.218788514224747,
  "allreduce_size_38_consec_1": 5.218788514224747,
  "p2p_size_38": 11.968705759818329,
  "allreduce_size_39_consec_0": 5.194826344974916,
  "allreduce_size_39_consec_1": 5.194826344974916,
  "p2p_size_39": 11.968705759818329,
  "allreduce_size_40_consec_0": 5.171296926061785,
  "allreduce_size_40_consec_1": 5.171296926061785,
  "p2p_size_40": 11.968705759818329,
  "allreduce_size_41_consec_0": 5.148180224636194,
  "allreduce_size_41_consec_1": 5.148180224636194,
  "p2p_size_41": 11.968705759818329,
  "allreduce_size_42_consec_0": 5.12545785831914,
  "allreduce_size_42_consec_1": 5.12545785831914,
  "p2p_size_42": 11.968705759818329,
  "allreduce_size_43_consec_0": 5.103112907553975,
  "allreduce_size_43_consec_1": 5.103112907553975,
  "p2p_size_43": 11.968705759818329,
  "allreduce_size_44_consec_0": 5.081129753945532,
  "allreduce_size_44_consec_1": 5.081129753945532,
  "p2p_size_44": 11.968705759818329,
  "allreduce_size_45_consec_0": 5.059493940441728,
  "allreduce_size_45_consec_1": 5.059493940441728,
  "p2p_size_45": 11.968705759818329,
  "allreduce_size_46_consec_0": 5.038192049952956,
  "allreduce_size_46_consec_1": 5.038192049952956,
  "p2p_size_46": 11.968705759818329,
  "allreduce_size_47_consec_0": 5.01721159959911,
  "allreduce_size_47_consec_1": 5.01721159959911,
  "p2p_size_47": 11.968705759818329,
  "allreduce_size_48_consec_0": 4.996540948254333,
  "allreduce_size_48_consec_1": 4.996540948254333,
  "p2p_size_48": 11.968705759818329,
  "allreduce_size_49_consec_0": 4.976169215449466,
  "allreduce_size_49_consec_1": 4.976169215449466,
  "p2p_size_49": 11.968705759818329,
  "allreduce_size_50_consec_0": 4.956086210010161,
  "allreduce_size_50_consec_1": 4.956086210010161,
  "p2p_size_50": 11.968705759818329,
  "allreduce_size_51_consec_0": 4.936282367069182,
  "allreduce_size_51_consec_1": 4.936282367069182,
  "p2p_size_51": 11.968705759818329,
  "allreduce_size_52_consec_0": 4.91674869230572,
  "allreduce_size_52_consec_1": 4.91674869230572,
  "p2p_size_52": 11.968705759818329,
  "allreduce_size_53_consec_0": 4.897476712441715,
  "allreduce_size_53_consec_1": 4.897476712441715,
  "p2p_size_53": 11.968705759818329,
  "allreduce_size_54_consec_0": 4.87845843117205,
  "allreduce_size_54_consec_1": 4.87845843117205,
  "p2p_size_54": 11.968705759818329,
  "allreduce_size_55_consec_0": 4.859686289827829,
  "allreduce_size_55_consec_1": 4.859686289827829,
  "p2p_size_55": 11.968705759818329,
  "allreduce_size_56_consec_0": 4.841153132174119,
  "allreduce_size_56_consec_1": 4.841153132174119,
  "p2p_size_56": 11.968705759818329,
  "allreduce_size_57_consec_0": 4.822852172829311,
  "allreduce_size_57_consec_1": 4.822852172829311,
  "p2p_size_57": 11.968705759818329,
  "allreduce_size_58_consec_0": 4.804776968865335,
  "allreduce_size_58_consec_1": 4.804776968865335,
  "p2p_size_58": 11.968705759818329,
  "allreduce_size_59_consec_0": 4.786921394208866,