{
  "model": {
    "model_name": "OPT-350",
    "num_layers": 26,
    "parameters": {
      "total_parameters_bytes": 414957568,
      "parameters_per_layer_bytes": [
        60293120,
        12614656,
        12614656,
        12614656,
        12614656,
        12614656,
        12614656,
        12614656,
        12614656,
        12614656,
        12614656,
        12614656,
        12614656,
        12614656,
        12614656,
        12614656,
        12614656,
        12614656,
        12614656,
        12614656,
        12614656,
        12614656,
        12614656,
        12614656,
        12614656,
        51912704
      ],
      "activation_parameters_bytes": [
        134217728,
        134217728,
        134217728,
        134217728,
        134217728,
        134217728,
        134217728,
        134217728,
        134217728,
        134217728,
        134217728,
        134217728,
        134217728,
        134217728,
        134217728,
        134217728,
        134217728,
        134217728,
        134217728,
        134217728,
        134217728,
        134217728,
        134217728,
        134217728,
        134217728,
        1660944448
      ]
    }
  },
  "execution_time": {
    "total_time_ms": 852.0640000000002,
    "forward_backward_time_ms": 832.5380000000001,
    "batch_generator_time_ms": 0.0,
    "optimizer_time_ms": 19.526,
    "layer_compute_total_ms": [
      2.5380000000000003,
      33.263000000000005,
      33.181,
      33.181,
      33.181,
      33.181,
      33.181,
      33.181,
      33.181,
      33.181,
      33.181,
      33.181,
      33.181,
      33.181,
      33.181,
      33.181,
      33.181,
      33.181,
      33.181,
      33.181,
      33.181,
      33.181,
      33.181,
      33.181,
      33.181,
      33.574
    ]
  },
  "execution_memory": {
    "layer_memory_total_mb": [
      415.78125,
      1724.4013671875,
      1724.4013671875,
      1724.4013671875,
      1724.4013671875,
      1724.4013671875,
      1724.4013671875,
      1724.4013671875,
      1724.4013671875,
      1724.4013671875,
      1724.4013671875,
      1724.4013671875,
      1724.4013671875,
      1724.4013671875,
      1724.4013671875,
      1724.4013671875,
      1724.4013671875,
      1724.4013671875,
      1724.4013671875,
      1724.4013671875,
      1724.4013671875,
      1724.4013671875,
      1724.4013671875,
      1724.4013671875,
      1724.4013671875,
      3575.9609375
    ]
  }
}