{
  "model": {
    "model_name": "OPT-350",
    "num_layers": 26,
    "parameters": {
      "total_parameters_bytes": 1629724672,
      "parameters_per_layer_bytes": [
        214433792,
        50384896,
        50384896,
        50384896,
        50384896,
        50384896,
        50384896,
        50384896,
        50384896,
        50384896,
        50384896,
        50384896,
        50384896,
        50384896,
        50384896,
        50384896,
        50384896,
        50384896,
        50384896,
        50384896,
        50384896,
        50384896,
        50384896,
        50384896,
        50384896,
        206053376
      ],
      "activation_parameters_bytes": [
        134217728,
        134217728,
        134217728,
        134217728,
        134217728,
        134217728,
        134217728,
        134217728,
        134217728,
        134217728,
        134217728,
        134217728,
        134217728,
        134217728,
        134217728,
        134217728,
        134217728,
        134217728,
        134217728,
        134217728,
        134217728,
        134217728,
        134217728,
        134217728,
        134217728,
        6593445952
      ]
    }
  },
  "execution_time": {
    "total_time_ms": 2764.614,
    "forward_backward_time_ms": 2698.0539999999987,
    "batch_generator_time_ms": 0.0,
    "optimizer_time_ms": 66.56000000000002,
    "layer_compute_total_ms": [
      1.052,
      103.86099999999999,
      107.231,
      107.231,
      107.231,
      107.231,
      107.231,
      107.231,
      107.231,
      107.231,
      107.231,
      107.231,
      107.231,
      107.231,
      107.231,
      107.231,
      107.231,
      107.231,
      107.231,
      107.231,
      107.231,
      107.231,
      107.231,
      107.231,
      107.231,
      126.828
    ]
  },
  "execution_memory": {
    "layer_memory_total_mb": [
      1150.5,
      5744.50390625,
      5744.50390625,
      5744.50390625,
      5744.50390625,
      5744.50390625,
      5744.50390625,
      5744.50390625,
      5744.50390625,
      5744.50390625,
      5744.50390625,
      5744.50390625,
      5744.50390625,
      5744.50390625,
      5744.50390625,
      5744.50390625,
      5744.50390625,
      5744.50390625,
      5744.50390625,
      5744.50390625,
      5744.50390625,
      5744.50390625,
      5744.50390625,
      5744.50390625,
      5744.50390625,
      13718.9609375
    ]
  }
}