{
  "model": {
    "model_name": "OPT-350",
    "num_layers": 26,
    "parameters": {
      "total_parameters_bytes": 414957568,
      "parameters_per_layer_bytes": [
        60293120,
        12614656,
        12614656,
        12614656,
        12614656,
        12614656,
        12614656,
        12614656,
        12614656,
        12614656,
        12614656,
        12614656,
        12614656,
        12614656,
        12614656,
        12614656,
        12614656,
        12614656,
        12614656,
        12614656,
        12614656,
        12614656,
        12614656,
        12614656,
        12614656,
        51912704
      ],
      "activation_parameters_bytes": [
        8388608,
        8388608,
        8388608,
        8388608,
        8388608,
        8388608,
        8388608,
        8388608,
        8388608,
        8388608,
        8388608,
        8388608,
        8388608,
        8388608,
        8388608,
        8388608,
        8388608,
        8388608,
        8388608,
        8388608,
        8388608,
        8388608,
        8388608,
        8388608,
        8388608,
        103809028
      ]
    }
  },
  "execution_time": {
    "total_time_ms": 94.81000000000002,
    "forward_backward_time_ms": 75.622,
    "batch_generator_time_ms": 0.0,
    "optimizer_time_ms": 19.187999999999995,
    "layer_compute_total_ms": [
      0.631,
      3.075,
      2.998,
      2.998,
      2.998,
      2.998,
      2.998,
      2.998,
      2.998,
      2.998,
      2.998,
      2.998,
      2.998,
      2.998,
      2.998,
      2.998,
      2.998,
      2.998,
      2.998,
      2.998,
      2.998,
      2.998,
      2.998,
      2.998,
      2.998,
      2.962
    ]
  },
  "execution_memory": {
    "layer_memory_total_mb": [
      295.517578125,
      164.1669921875,
      164.1669921875,
      164.1669921875,
      164.1669921875,
      164.1669921875,
      164.1669921875,
      164.1669921875,
      164.1669921875,
      164.1669921875,
      164.1669921875,
      164.1669921875,
      164.1669921875,
      164.1669921875,
      164.1669921875,
      164.1669921875,
      164.1669921875,
      164.1669921875,
      164.1669921875,
      164.1669921875,
      164.1669921875,
      164.1669921875,
      164.1669921875,
      164.1669921875,
      164.1669921875,
      455.5654296875
    ]
  }
}