{
  "model": {
    "model_name": "OPT-350",
    "num_layers": 26,
    "parameters": {
      "total_parameters_bytes": 414957568,
      "parameters_per_layer_bytes": [
        60293120,
        12614656,
        12614656,
        12614656,
        12614656,
        12614656,
        12614656,
        12614656,
        12614656,
        12614656,
        12614656,
        12614656,
        12614656,
        12614656,
        12614656,
        12614656,
        12614656,
        12614656,
        12614656,
        12614656,
        12614656,
        12614656,
        12614656,
        12614656,
        12614656,
        51912704
      ],
      "activation_parameters_bytes": [
        16777216,
        16777216,
        16777216,
        16777216,
        16777216,
        16777216,
        16777216,
        16777216,
        16777216,
        16777216,
        16777216,
        16777216,
        16777216,
        16777216,
        16777216,
        16777216,
        16777216,
        16777216,
        16777216,
        16777216,
        16777216,
        16777216,
        16777216,
        16777216,
        16777216,
        207618056
      ]
    }
  },
  "execution_time": {
    "total_time_ms": 141.97799999999998,
    "forward_backward_time_ms": 122.86799999999997,
    "batch_generator_time_ms": 0.0,
    "optimizer_time_ms": 19.109999999999992,
    "layer_compute_total_ms": [
      0.694,
      4.894,
      4.892,
      4.892,
      4.892,
      4.892,
      4.892,
      4.892,
      4.892,
      4.892,
      4.892,
      4.892,
      4.892,
      4.892,
      4.892,
      4.892,
      4.892,
      4.892,
      4.892,
      4.892,
      4.892,
      4.892,
      4.892,
      4.892,
      4.892,
      4.763999999999999
    ]
  },
  "execution_memory": {
    "layer_memory_total_mb": [
      303.53515625,
      268.1826171875,
      268.1826171875,
      268.1826171875,
      268.1826171875,
      268.1826171875,
      268.1826171875,
      268.1826171875,
      268.1826171875,
      268.1826171875,
      268.1826171875,
      268.1826171875,
      268.1826171875,
      268.1826171875,
      268.1826171875,
      268.1826171875,
      268.1826171875,
      268.1826171875,
      268.1826171875,
      268.1826171875,
      268.1826171875,
      268.1826171875,
      268.1826171875,
      268.1826171875,
      268.1826171875,
      663.591796875
    ]
  }
}