{
  "model": {
    "model_name": "OPT-350",
    "num_layers": 26,
    "parameters": {
      "total_parameters_bytes": 819879936,
      "parameters_per_layer_bytes": [
        111673344,
        25204736,
        25204736,
        25204736,
        25204736,
        25204736,
        25204736,
        25204736,
        25204736,
        25204736,
        25204736,
        25204736,
        25204736,
        25204736,
        25204736,
        25204736,
        25204736,
        25204736,
        25204736,
        25204736,
        25204736,
        25204736,
        25204736,
        25204736,
        25204736,
        103292928
      ],
      "activation_parameters_bytes": [
        16777216,
        16777216,
        16777216,
        16777216,
        16777216,
        16777216,
        16777216,
        16777216,
        16777216,
        16777216,
        16777216,
        16777216,
        16777216,
        16777216,
        16777216,
        16777216,
        16777216,
        16777216,
        16777216,
        16777216,
        16777216,
        16777216,
        16777216,
        16777216,
        16777216,
        413138952
      ]
    }
  },
  "execution_time": {
    "total_time_ms": 238.91199999999995,
    "forward_backward_time_ms": 203.03200000000004,
    "batch_generator_time_ms": 0.0,
    "optimizer_time_ms": 35.87999999999999,
    "layer_compute_total_ms": [
      0.778,
      8.349,
      8.072,
      8.072,
      8.072,
      8.072,
      8.072,
      8.072,
      8.072,
      8.072,
      8.072,
      8.072,
      8.072,
      8.072,
      8.072,
      8.072,
      8.072,
      8.072,
      8.072,
      8.072,
      8.072,
      8.072,
      8.072,
      8.072,
      8.072,
      8.249
    ]
  },
  "execution_memory": {
    "layer_memory_total_mb": [
      548.53515625,
      488.216796875,
      488.216796875,
      488.216796875,
      488.216796875,
      488.216796875,
      488.216796875,
      488.216796875,
      488.216796875,
      488.216796875,
      488.216796875,
      488.216796875,
      488.216796875,
      488.216796875,
      488.216796875,
      488.216796875,
      488.216796875,
      488.216796875,
      488.216796875,
      488.216796875,
      488.216796875,
      488.216796875,
      488.216796875,
      488.216796875,
      488.216796875,
      1300.591796875
    ]
  }
}