{
  "model": {
    "model_name": "OPT-350",
    "num_layers": 26,
    "parameters": {
      "total_parameters_bytes": 414957568,
      "parameters_per_layer_bytes": [
        60293120,
        12614656,
        12614656,
        12614656,
        12614656,
        12614656,
        12614656,
        12614656,
        12614656,
        12614656,
        12614656,
        12614656,
        12614656,
        12614656,
        12614656,
        12614656,
        12614656,
        12614656,
        12614656,
        12614656,
        12614656,
        12614656,
        12614656,
        12614656,
        12614656,
        51912704
      ],
      "activation_parameters_bytes": [
        268435456,
        268435456,
        268435456,
        268435456,
        268435456,
        268435456,
        268435456,
        268435456,
        268435456,
        268435456,
        268435456,
        268435456,
        268435456,
        268435456,
        268435456,
        268435456,
        268435456,
        268435456,
        268435456,
        268435456,
        268435456,
        268435456,
        268435456,
        268435456,
        268435456,
        3321888896
      ]
    }
  },
  "execution_time": {
    "total_time_ms": 1674.354000000001,
    "forward_backward_time_ms": 1654.9579999999994,
    "batch_generator_time_ms": 0.0,
    "optimizer_time_ms": 19.396,
    "layer_compute_total_ms": [
      5.0009999999999994,
      64.523,
      65.944,
      65.944,
      65.944,
      65.944,
      65.944,
      65.944,
      65.944,
      65.944,
      65.944,
      65.944,
      65.944,
      65.944,
      65.944,
      65.944,
      65.944,
      65.944,
      65.944,
      65.944,
      65.944,
      65.944,
      65.944,
      65.944,
      65.944,
      68.72200000000001
    ]
  },
  "execution_memory": {
    "layer_memory_total_mb": [
      544.0625,
      3388.6513671875,
      3388.6513671875,
      3388.6513671875,
      3388.6513671875,
      3388.6513671875,
      3388.6513671875,
      3388.6513671875,
      3388.6513671875,
      3388.6513671875,
      3388.6513671875,
      3388.6513671875,
      3388.6513671875,
      3388.6513671875,
      3388.6513671875,
      3388.6513671875,
      3388.6513671875,
      3388.6513671875,
      3388.6513671875,
      3388.6513671875,
      3388.6513671875,
      3388.6513671875,
      3388.6513671875,
      3388.6513671875,
      3388.6513671875,
      6904.3828125
    ]
  }
}