{
  "model": {
    "model_name": "OPT-350",
    "num_layers": 26,
    "parameters": {
      "total_parameters_bytes": 819879936,
      "parameters_per_layer_bytes": [
        111673344,
        25204736,
        25204736,
        25204736,
        25204736,
        25204736,
        25204736,
        25204736,
        25204736,
        25204736,
        25204736,
        25204736,
        25204736,
        25204736,
        25204736,
        25204736,
        25204736,
        25204736,
        25204736,
        25204736,
        25204736,
        25204736,
        25204736,
        25204736,
        25204736,
        103292928
      ],
      "activation_parameters_bytes": [
        268435456,
        268435456,
        268435456,
        268435456,
        268435456,
        268435456,
        268435456,
        268435456,
        268435456,
        268435456,
        268435456,
        268435456,
        268435456,
        268435456,
        268435456,
        268435456,
        268435456,
        268435456,
        268435456,
        268435456,
        268435456,
        268435456,
        268435456,
        268435456,
        268435456,
        6610223232
      ]
    }
  },
  "execution_time": {
    "total_time_ms": 3156.850999999999,
    "forward_backward_time_ms": 3121.543000000001,
    "batch_generator_time_ms": 0.0,
    "optimizer_time_ms": 35.308,
    "layer_compute_total_ms": [
      6.7379999999999995,
      121.28900000000002,
      124.458,
      124.458,
      124.458,
      124.458,
      124.458,
      124.458,
      124.458,
      124.458,
      124.458,
      124.458,
      124.458,
      124.458,
      124.458,
      124.458,
      124.458,
      124.458,
      124.458,
      124.458,
      124.458,
      124.458,
      124.458,
      124.458,
      124.458,
      130.982
    ]
  },
  "execution_memory": {
    "layer_memory_total_mb": [
      789.0625,
      6008.685546875,
      6008.685546875,
      6008.685546875,
      6008.685546875,
      6008.685546875,
      6008.685546875,
      6008.685546875,
      6008.685546875,
      6008.685546875,
      6008.685546875,
      6008.685546875,
      6008.685546875,
      6008.685546875,
      6008.685546875,
      6008.685546875,
      6008.685546875,
      6008.685546875,
      6008.685546875,
      6008.685546875,
      6008.685546875,
      6008.685546875,
      6008.685546875,
      6008.685546875,
      6008.685546875,
      13421.3828125
    ]
  }
}