{
  "model": {
    "model_name": "OPT-350",
    "num_layers": 26,
    "parameters": {
      "total_parameters_bytes": 1629724672,
      "parameters_per_layer_bytes": [
        214433792,
        50384896,
        50384896,
        50384896,
        50384896,
        50384896,
        50384896,
        50384896,
        50384896,
        50384896,
        50384896,
        50384896,
        50384896,
        50384896,
        50384896,
        50384896,
        50384896,
        50384896,
        50384896,
        50384896,
        50384896,
        50384896,
        50384896,
        50384896,
        50384896,
        206053376
      ],
      "activation_parameters_bytes": [
        268435456,
        268435456,
        268435456,
        268435456,
        268435456,
        268435456,
        268435456,
        268435456,
        268435456,
        268435456,
        268435456,
        268435456,
        268435456,
        268435456,
        268435456,
        268435456,
        268435456,
        268435456,
        268435456,
        268435456,
        268435456,
        268435456,
        268435456,
        268435456,
        268435456,
        13186891904
      ]
    }
  },
  "execution_time": {
    "total_time_ms": 5496.614,
    "forward_backward_time_ms": 5430.106,
    "batch_generator_time_ms": 0.0,
    "optimizer_time_ms": 66.508,
    "layer_compute_total_ms": [
      2.072,
      209.92200000000003,
      215.668,
      215.668,
      215.668,
      215.668,
      215.668,
      215.668,
      215.668,
      215.668,
      215.668,
      215.668,
      215.668,
      215.668,
      215.668,
      215.668,
      215.668,
      215.668,
      215.668,
      215.668,
      215.668,
      215.668,
      215.668,
      215.668,
      215.668,
      257.748
    ]
  },
  "execution_memory": {
    "layer_memory_total_mb": [
      1278.5,
      11248.75390625,
      11248.75390625,
      11248.75390625,
      11248.75390625,
      11248.75390625,
      11248.75390625,
      11248.75390625,
      11248.75390625,
      11248.75390625,
      11248.75390625,
      11248.75390625,
      11248.75390625,
      11248.75390625,
      11248.75390625,
      11248.75390625,
      11248.75390625,
      11248.75390625,
      11248.75390625,
      11248.75390625,
      11248.75390625,
      11248.75390625,
      11248.75390625,
      11248.75390625,
      11248.75390625,
      26455.3828125
    ]
  }
}