{
  "model": {
    "model_name": "OPT-350",
    "num_layers": 26,
    "parameters": {
      "total_parameters_bytes": 414957568,
      "parameters_per_layer_bytes": [
        60293120,
        12614656,
        12614656,
        12614656,
        12614656,
        12614656,
        12614656,
        12614656,
        12614656,
        12614656,
        12614656,
        12614656,
        12614656,
        12614656,
        12614656,
        12614656,
        12614656,
        12614656,
        12614656,
        12614656,
        12614656,
        12614656,
        12614656,
        12614656,
        12614656,
        51912704
      ],
      "activation_parameters_bytes": [
        33554432,
        33554432,
        33554432,
        33554432,
        33554432,
        33554432,
        33554432,
        33554432,
        33554432,
        33554432,
        33554432,
        33554432,
        33554432,
        33554432,
        33554432,
        33554432,
        33554432,
        33554432,
        33554432,
        33554432,
        33554432,
        33554432,
        33554432,
        33554432,
        33554432,
        415236112
      ]
    }
  },
  "execution_time": {
    "total_time_ms": 233.84700000000007,
    "forward_backward_time_ms": 214.58099999999996,
    "batch_generator_time_ms": 0.0,
    "optimizer_time_ms": 19.265999999999995,
    "layer_compute_total_ms": [
      0.9279999999999999,
      8.745000000000001,
      8.529,
      8.529,
      8.529,
      8.529,
      8.529,
      8.529,
      8.529,
      8.529,
      8.529,
      8.529,
      8.529,
      8.529,
      8.529,
      8.529,
      8.529,
      8.529,
      8.529,
      8.529,
      8.529,
      8.529,
      8.529,
      8.529,
      8.529,
      8.741
    ]
  },
  "execution_memory": {
    "layer_memory_total_mb": [
      319.5703125,
      476.2138671875,
      476.2138671875,
      476.2138671875,
      476.2138671875,
      476.2138671875,
      476.2138671875,
      476.2138671875,
      476.2138671875,
      476.2138671875,
      476.2138671875,
      476.2138671875,
      476.2138671875,
      476.2138671875,
      476.2138671875,
      476.2138671875,
      476.2138671875,
      476.2138671875,
      476.2138671875,
      476.2138671875,
      476.2138671875,
      476.2138671875,
      476.2138671875,
      476.2138671875,
      476.2138671875,
      1079.64453125
    ]
  }
}