{
  "model": {
    "model_name": "OPT-350",
    "num_layers": 26,
    "parameters": {
      "total_parameters_bytes": 414957568,
      "parameters_per_layer_bytes": [
        60293120,
        12614656,
        12614656,
        12614656,
        12614656,
        12614656,
        12614656,
        12614656,
        12614656,
        12614656,
        12614656,
        12614656,
        12614656,
        12614656,
        12614656,
        12614656,
        12614656,
        12614656,
        12614656,
        12614656,
        12614656,
        12614656,
        12614656,
        12614656,
        12614656,
        51912704
      ],
      "activation_parameters_bytes": [
        536870912,
        536870912,
        536870912,
        536870912,
        536870912,
        536870912,
        536870912,
        536870912,
        536870912,
        536870912,
        536870912,
        536870912,
        536870912,
        536870912,
        536870912,
        536870912,
        536870912,
        536870912,
        536870912,
        536870912,
        536870912,
        536870912,
        536870912,
        536870912,
        536870912,
        6643777792
      ]
    }
  },
  "execution_time": {
    "total_time_ms": 3312.3270000000016,
    "forward_backward_time_ms": 3292.411000000002,
    "batch_generator_time_ms": 0.0,
    "optimizer_time_ms": 19.91599999999999,
    "layer_compute_total_ms": [
      9.816,
      127.124,
      131.139,
      131.139,
      131.139,
      131.139,
      131.139,
      131.139,
      131.139,
      131.139,
      131.139,
      131.139,
      131.139,
      131.139,
      131.139,
      131.139,
      131.139,
      131.139,
      131.139,
      131.139,
      131.139,
      131.139,
      131.139,
      131.139,
      131.139,
      139.274
    ]
  },
  "execution_memory": {
    "layer_memory_total_mb": [
      800.625,
      6717.1513671875,
      6717.1513671875,
      6717.1513671875,
      6717.1513671875,
      6717.1513671875,
      6717.1513671875,
      6717.1513671875,
      6717.1513671875,
      6717.1513671875,
      6717.1513671875,
      6717.1513671875,
      6717.1513671875,
      6717.1513671875,
      6717.1513671875,
      6717.1513671875,
      6717.1513671875,
      6717.1513671875,
      6717.1513671875,
      6717.1513671875,
      6717.1513671875,
      6717.1513671875,
      6717.1513671875,
      6717.1513671875,
      6717.1513671875,
      13561.2265625
    ]
  }
}