{
  "model": {
    "model_name": "OPT-350",
    "num_layers": 26,
    "parameters": {
      "total_parameters_bytes": 819879936,
      "parameters_per_layer_bytes": [
        111673344,
        25204736,
        25204736,
        25204736,
        25204736,
        25204736,
        25204736,
        25204736,
        25204736,
        25204736,
        25204736,
        25204736,
        25204736,
        25204736,
        25204736,
        25204736,
        25204736,
        25204736,
        25204736,
        25204736,
        25204736,
        25204736,
        25204736,
        25204736,
        25204736,
        103292928
      ],
      "activation_parameters_bytes": [
        536870912,
        536870912,
        536870912,
        536870912,
        536870912,
        536870912,
        536870912,
        536870912,
        536870912,
        536870912,
        536870912,
        536870912,
        536870912,
        536870912,
        536870912,
        536870912,
        536870912,
        536870912,
        536870912,
        536870912,
        536870912,
        536870912,
        536870912,
        536870912,
        536870912,
        13220446464
      ]
    }
  },
  "execution_time": {
    "total_time_ms": 6259.482000000002,
    "forward_backward_time_ms": 6224.0960000000005,
    "batch_generator_time_ms": 0.0,
    "optimizer_time_ms": 35.386,
    "layer_compute_total_ms": [
      13.208000000000002,
      243.80400000000003,
      247.796,
      247.796,
      247.796,
      247.796,
      247.796,
      247.796,
      247.796,
      247.796,
      247.796,
      247.796,
      247.796,
      247.796,
      247.796,
      247.796,
      247.796,
      247.796,
      247.796,
      247.796,
      247.796,
      247.796,
      247.796,
      247.796,
      247.796,
      267.776
    ]
  },
  "execution_memory": {
    "layer_memory_total_mb": [
      1045.625,
      11897.185546875,
      11897.185546875,
      11897.185546875,
      11897.185546875,
      11897.185546875,
      11897.185546875,
      11897.185546875,
      11897.185546875,
      11897.185546875,
      11897.185546875,
      11897.185546875,
      11897.185546875,
      11897.185546875,
      11897.185546875,
      11897.185546875,
      11897.185546875,
      11897.185546875,
      11897.185546875,
      11897.185546875,
      11897.185546875,
      11897.185546875,
      11897.185546875,
      11897.185546875,
      11897.185546875,
      26350.2265625
    ]
  }
}