{
  "model": {
    "model_name": "OPT-350",
    "num_layers": 26,
    "parameters": {
      "total_parameters_bytes": 1629724672,
      "parameters_per_layer_bytes": [
        214433792,
        50384896,
        50384896,
        50384896,
        50384896,
        50384896,
        50384896,
        50384896,
        50384896,
        50384896,
        50384896,
        50384896,
        50384896,
        50384896,
        50384896,
        50384896,
        50384896,
        50384896,
        50384896,
        50384896,
        50384896,
        50384896,
        50384896,
        50384896,
        50384896,
        206053376
      ],
      "activation_parameters_bytes": [
        67108864,
        67108864,
        67108864,
        67108864,
        67108864,
        67108864,
        67108864,
        67108864,
        67108864,
        67108864,
        67108864,
        67108864,
        67108864,
        67108864,
        67108864,
        67108864,
        67108864,
        67108864,
        67108864,
        67108864,
        67108864,
        67108864,
        67108864,
        67108864,
        67108864,
        3296722976
      ]
    }
  },
  "execution_time": {
    "total_time_ms": 1405.7999999999993,
    "forward_backward_time_ms": 1339.0580000000002,
    "batch_generator_time_ms": 0.0,
    "optimizer_time_ms": 66.74199999999999,
    "layer_compute_total_ms": [
      0.5539999999999999,
      52.57599999999999,
      53.195,
      53.195,
      53.195,
      53.195,
      53.195,
      53.195,
      53.195,
      53.195,
      53.195,
      53.195,
      53.195,
      53.195,
      53.195,
      53.195,
      53.195,
      53.195,
      53.195,
      53.195,
      53.195,
      53.195,
      53.195,
      53.195,
      53.195,
      62.443
    ]
  },
  "execution_memory": {
    "layer_memory_total_mb": [
      1086.5,
      2992.37890625,
      2992.37890625,
      2992.37890625,
      2992.37890625,
      2992.37890625,
      2992.37890625,
      2992.37890625,
      2992.37890625,
      2992.37890625,
      2992.37890625,
      2992.37890625,
      2992.37890625,
      2992.37890625,
      2992.37890625,
      2992.37890625,
      2992.37890625,
      2992.37890625,
      2992.37890625,
      2992.37890625,
      2992.37890625,
      2992.37890625,
      2992.37890625,
      2992.37890625,
      2992.37890625,
      7350.75
    ]
  }
}