{
  "allreduce_size_2_consec_0": 1.1006025245919653,
  "allreduce_size_2_consec_1": 1.1006025245919653,
  "p2p_size_2": 1.1493508844033613,
  "overlap_coe": 1.0,
  "allreduce_size_3_consec_0": 0.8029352662037891,
  "allreduce_size_3_consec_1": 0.8029352662037891,
  "p2p_size_3": 1.1493508844033613,
  "allreduce_size_4_consec_0": 0.6990995026625999,
  "allreduce_size_4_consec_1": 0.6990995026625999,
  "p2p_size_4": 1.1493508844033613,
  "allreduce_size_5_consec_0": 0.6445613650849152,
  "allreduce_size_5_consec_1": 0.6445613650849152,
  "p2p_size_5": 1.1493508844033613,
  "allreduce_size_6_consec_0": 0.6101471174656925,
  "allreduce_size_6_consec_1": 0.6101471174656925,
  "p2p_size_6": 1.1493508844033613,
  "allreduce_size_7_consec_0": 0.5860214305799845,
  "allreduce_size_7_consec_1": 0.5860214305799845,
  "p2p_size_7": 1.1493508844033613,
  "allreduce_size_8_consec_0": 0.567914734910003,
  "allreduce_size_8_consec_1": 0.567914734910003,
  "p2p_size_8": 1.1493508844033613,
  "allreduce_size_9_consec_0": 0.5536623140469865,
  "allreduce_size_9_consec_1": 0.5536623140469865,
  "p2p_size_9": 1.1493508844033613,
  "allreduce_size_10_consec_0": 0.5420437029544452,
  "allreduce_size_10_consec_1": 0.5420437029544452,
  "p2p_size_10": 1.1493508844033613,
  "allreduce_size_11_consec_0": 0.5323153135800145,
  "allreduce_size_11_consec_1": 0.5323153135800145,
  "p2p_size_11": 1.1493508844033613,
  "allreduce_size_12_consec_0": 0.5239964345454676,
  "allreduce_size_12_consec_1": 0.5239964345454676,
  "p2p_size_12": 1.1493508844033613,
  "allreduce_size_13_consec_0": 0.5167613953495531,
  "allreduce_size_13_consec_1": 0.5167613953495531,
  "p2p_size_13": 1.1493508844033613,
  "allreduce_size_14_consec_0": 0.5103810243834437,
  "allreduce_size_14_consec_1": 0.5103810243834437,
  "p2p_size_14": 1.1493508844033613,
  "allreduce_size_15_consec_0": 0.5046889107251717,
  "allreduce_size_15_consec_1": 0.5046889107251717,
  "p2p_size_15": 1.1493508844033613,
  "allreduce_size_16_consec_0": 0.4995609827542335,
  "allreduce_size_16_consec_1": 0.4995609827542335,
  "p2p_size_16": 1.1493508844033613,
  "allreduce_size_17_consec_0": 0.4949026293011496,
  "allreduce_size_17_consec_1": 0.4949026293011496,
  "p2p_size_17": 1.1493508844033613,
  "allreduce_size_18_consec_0": 0.49064028925447767,
  "allreduce_size_18_consec_1": 0.49064028925447767,
  "p2p_size_18": 1.1493508844033613,
  "allreduce_size_19_consec_0": 0.4867157919035683,
  "allreduce_size_19_consec_1": 0.4867157919035683,
  "p2p_size_19": 1.1493508844033613,
  "allreduce_size_20_consec_0": 0.48308244760422187,
  "allreduce_size_20_consec_1": 0.48308244760422187,
  "p2p_size_20": 1.1493508844033613,
  "allreduce_size_21_consec_0": 0.4797022848387372,
  "allreduce_size_21_consec_1": 0.4797022848387372,
  "p2p_size_21": 1.1493508844033613,
  "allreduce_size_22_consec_0": 0.4765440574656676,
  "allreduce_size_22_consec_1": 0.4765440574656676,
  "p2p_size_22": 1.1493508844033613,
  "allreduce_size_23_consec_0": 0.4735817812260639,
  "allreduce_size_23_consec_1": 0.4735817812260639,
  "p2p_size_23": 1.1493508844033613,
  "allreduce_size_24_consec_0": 0.4707936413546398,
  "allreduce_size_24_consec_1": 0.4707936413546398,
  "p2p_size_24": 1.1493508844033613,
  "allreduce_size_25_consec_0": 0.46816116516630474,
  "allreduce_size_25_consec_1": 0.46816116516630474,
  "p2p_size_25": 1.1493508844033613,
  "allreduce_size_26_consec_0": 0.4656685869681453,
  "allreduce_size_26_consec_1": 0.4656685869681453,
  "p2p_size_26": 1.1493508844033613,
  "allreduce_size_27_consec_0": 0.46330235466129877,
  "allreduce_size_27_consec_1": 0.46330235466129877,
  "p2p_size_27": 1.1493508844033613,
  "allreduce_size_28_consec_0": 0.4610507421575442,
  "allreduce_size_28_consec_1": 0.4610507421575442,
  "p2p_size_28": 1.1493508844033613,
  "allreduce_size_29_consec_0": 0.4589035418094885,
  "allreduce_size_29_consec_1": 0.4589035418094885,
  "p2p_size_29": 1.1493508844033613,
  "allreduce_size_30_consec_0": 0.4568518180415625,
  "allreduce_size_30_consec_1": 0.4568518180415625,
  "p2p_size_30": 1.1493508844033613,
  "allreduce_size_31_consec_0": 0.4548877082898091,
  "allreduce_size_31_consec_1": 0.4548877082898091,
  "p2p_size_31": 1.1493508844033613,
  "allreduce_size_32_consec_0": 0.4530042608714108,
  "allreduce_size_32_consec_1": 0.4530042608714108,
  "p2p_size_32": 1.1493508844033613,
  "allreduce_size_33_consec_0": 0.45119530194500906,
  "allreduce_size_33_consec_1": 0.45119530194500906,
  "p2p_size_33": 1.1493508844033613,
  "allreduce_size_34_consec_0": 0.44945532558137485,
  "allreduce_size_34_consec_1": 0.44945532558137485,
  "p2p_size_34": 1.1493508844033613,
  "allreduce_size_35_consec_0": 0.44777940233883645,
  "allreduce_size_35_consec_1": 0.44777940233883645,
  "p2p_size_35": 1.1493508844033613,
  "allreduce_size_36_consec_0": 0.4461631027654144,
  "allreduce_size_36_consec_1": 0.4461631027654144,
  "p2p_size_36": 1.1493508844033613,
  "allreduce_size_37_consec_0": 0.44460243302499497,
  "allreduce_size_37_consec_1": 0.44460243302499497,
  "p2p_size_37": 1.1493508844033613,
  "allreduce_size_38_consec_0": 0.4430937804352542,
  "allreduce_size_38_consec_1": 0.4430937804352542,
  "p2p_size_38": 1.1493508844033613,
  "allreduce_size_39_consec_0": 0.44163386715837294,
  "allreduce_size_39_consec_1": 0.44163386715837294,
  "p2p_size_39": 1.1493508844033613,
  "allreduce_size_40_consec_0": 0.4402197106364567,
  "allreduce_size_40_consec_1": 0.4402197106364567,
  "p2p_size_40": 1.1493508844033613,
  "allreduce_size_41_consec_0": 0.4388485896371813,
  "allreduce_size_41_consec_1": 0.4388485896371813,
  "p2p_size_41": 1.1493508844033613,
  "allreduce_size_42_consec_0": 0.4375180149900545,
  "allreduce_size_42_consec_1": 0.4375180149900545,
  "p2p_size_42": 1.1493508844033613,
  "allreduce_size_43_consec_0": 0.4362257042635653,
  "allreduce_size_43_consec_1": 0.4362257042635653,
  "p2p_size_43": 1.1493508844033613,
  "allreduce_size_44_consec_0": 0.43496955976864243,
  "allreduce_size_44_consec_1": 0.43496955976864243,
  "p2p_size_44": 1.1493508844033613,
  "allreduce_size_45_consec_0": 0.43374764938202376,
  "allreduce_size_45_consec_1": 0.43374764938202376,
  "p2p_size_45": 1.1493508844033613,
  "allreduce_size_46_consec_0": 0.4325581897702181,
  "allreduce_size_46_consec_1": 0.4325581897702181,
  "p2p_size_46": 1.1493508844033613,
  "allreduce_size_47_consec_0": 0.43139953166521855,
  "allreduce_size_47_consec_1": 0.43139953166521855,
  "p2p_size_47": 1.1493508844033613,
  "allreduce_size_48_consec_0": 0.4302701469004654,
  "allreduce_size_48_consec_1": 0.4302701469004654,
  "p2p_size_48": 1.1493508844033613,
  "allreduce_size_49_consec_0": 0.4291686169624261,
  "allreduce_size_49_consec_1": 0.4291686169624261,
  "p2p_size_49": 1.1493508844033613,
  "allreduce_size_50_consec_0": 0.4280936228516704,
  "allreduce_size_50_consec_1": 0.4280936228516704,
  "p2p_size_50": 1.1493508844033613,
  "allreduce_size_51_consec_0": 0.42704393607907926,
  "allreduce_size_51_consec_1": 0.42704393607907926,
  "p2p_size_51": 1.1493508844033613,
  "allreduce_size_52_consec_0": 0.42601841064915363,
  "allreduce_size_52_consec_1": 0.42601841064915363,
  "p2p_size_52": 1.1493508844033613,
  "allreduce_size_53_consec_0": 0.42501597590429385,
  "allreduce_size_53_consec_1": 0.42501597590429385,
  "p2p_size_53": 1.1493508844033613,
  "allreduce_size_54_consec_0": 0.424035630122209,
  "allreduce_size_54_consec_1": 0.424035630122209,
  "p2p_size_54": 1.1493508844033613,
  "allreduce_size_55_consec_0": 0.42307643477396173,
  "allreduce_size_55_consec_1": 0.42307643477396173,
  "p2p_size_55": 1.1493508844033613,
  "allreduce_size_56_consec_0": 0.42213750936306055,
  "allreduce_size_56_consec_1": 0.42213750936306055,
  "p2p_size_56": 1.1493508844033613,
  "allreduce_size_57_consec_0": 0.421218026776911,
  "allreduce_size_57_consec_1": 0.421218026776911,
  "p2p_size_57": 1.1493508844033613,
  "allreduce_size_58_consec_0": 0.4203172090911746,