{
  "model": {
    "model_name": "LLAMA-3-8",
    "num_layers": 35,
    "parameters": {
      "total_parameters_bytes": 18011144192,
      "parameters_per_layer_bytes": [
        413138944,
        537026560,
        537026560,
        537026560,
        537026560,
        537026560,
        537026560,
        537026560,
        537026560,
        537026560,
        537026560,
        537026560,
        537026560,
        537026560,
        537026560,
        537026560,
        537026560,
        537026560,
        537026560,
        537026560,
        537026560,
        537026560,
        537026560,
        537026560,
        537026560,
        537026560,
        537026560,
        537026560,
        537026560,
        537026560,
        537026560,
        537026560,
        537026560,
        16384,
        413138944
      ],
      "activation_parameters_bytes": [
        134217728,
        134217728,
        134217728,
        134217728,
        134217728,
        134217728,
        134217728,
        134217728,
        134217728,
        134217728,
        134217728,
        134217728,
        134217728,
        134217728,
        134217728,
        134217728,
        134217728,
        134217728,
        134217728,
        134217728,
        134217728,
        134217728,
        134217728,
        134217728,
        134217728,
        134217728,
        134217728,
        134217728,
        134217728,
        134217728,
        134217728,
        134217728,
        134217728,
        134217728,
        826277892
      ]
    }
  },
  "execution_time": {
    "total_time_ms": 5245.996000000002,
    "forward_backward_time_ms": 4872.196000000001,
    "batch_generator_time_ms": 0.0,
    "optimizer_time_ms": 373.8000000000002,
    "layer_compute_total_ms": [
      1.6239999999999999,
      149.059,
      150.773,
      150.773,
      150.773,
      150.773,
      150.773,
      150.773,
      150.773,
      150.773,
      150.773,
      150.773,
      150.773,
      150.773,
      150.773,
      150.773,
      150.773,
      150.773,
      150.773,
      150.773,
      150.773,
      150.773,
      150.773,
      150.773,
      150.773,
      150.773,
      150.773,
      150.773,
      150.773,
      150.773,
      150.773,
      150.773,
      150.773,
      3.0829999999999997,
      44.467
    ]
  },
  "execution_memory": {
    "layer_memory_total_mb": [
      2098.0703125,
      8704.8046875,
      8704.8046875,
      8704.8046875,
      8704.8046875,
      8704.8046875,
      8704.8046875,
      8704.8046875,
      8704.8046875,
      8704.8046875,
      8704.8046875,
      8704.8046875,
      8704.8046875,
      8704.8046875,
      8704.8046875,
      8704.8046875,
      8704.8046875,
      8704.8046875,
      8704.8046875,
      8704.8046875,
      8704.8046875,
      8704.8046875,
      8704.8046875,
      8704.8046875,
      8704.8046875,
      8704.8046875,
      8704.8046875,
      8704.8046875,
      8704.8046875,
      8704.8046875,
      8704.8046875,
      8704.8046875,
      8704.8046875,
      256.109375,
      3546.0712890625
    ]
  }
}