{
  "model": {
    "model_name": "LLAMA-3-8",
    "num_layers": 35,
    "parameters": {
      "total_parameters_bytes": 9008726016,
      "parameters_per_layer_bytes": [
        207618048,
        268546048,
        268546048,
        268546048,
        268546048,
        268546048,
        268546048,
        268546048,
        268546048,
        268546048,
        268546048,
        268546048,
        268546048,
        268546048,
        268546048,
        268546048,
        268546048,
        268546048,
        268546048,
        268546048,
        268546048,
        268546048,
        268546048,
        268546048,
        268546048,
        268546048,
        268546048,
        268546048,
        268546048,
        268546048,
        268546048,
        268546048,
        268546048,
        16384,
        207618048
      ],
      "activation_parameters_bytes": [
        134217728,
        134217728,
        134217728,
        134217728,
        134217728,
        134217728,
        134217728,
        134217728,
        134217728,
        134217728,
        134217728,
        134217728,
        134217728,
        134217728,
        134217728,
        134217728,
        134217728,
        134217728,
        134217728,
        134217728,
        134217728,
        134217728,
        134217728,
        134217728,
        134217728,
        134217728,
        134217728,
        134217728,
        134217728,
        134217728,
        134217728,
        134217728,
        134217728,
        134217728,
        415236100
      ]
    }
  },
  "execution_time": {
    "total_time_ms": 2858.8449999999993,
    "forward_backward_time_ms": 2670.440000000001,
    "batch_generator_time_ms": 0.0,
    "optimizer_time_ms": 188.4050000000001,
    "layer_compute_total_ms": [
      1.809,
      82.21900000000001,
      82.599,
      82.599,
      82.599,
      82.599,
      82.599,
      82.599,
      82.599,
      82.599,
      82.599,
      82.599,
      82.599,
      82.599,
      82.599,
      82.599,
      82.599,
      82.599,
      82.599,
      82.599,
      82.599,
      82.599,
      82.599,
      82.599,
      82.599,
      82.599,
      82.599,
      82.599,
      82.599,
      82.599,
      82.599,
      82.599,
      82.599,
      3.0789999999999997,
      22.764000000000003
    ]
  },
  "execution_memory": {
    "layer_memory_total_mb": [
      1118.0703125,
      4736.58984375,
      4736.58984375,
      4736.58984375,
      4736.58984375,
      4736.58984375,
      4736.58984375,
      4736.58984375,
      4736.58984375,
      4736.58984375,
      4736.58984375,
      4736.58984375,
      4736.58984375,
      4736.58984375,
      4736.58984375,
      4736.58984375,
      4736.58984375,
      4736.58984375,
      4736.58984375,
      4736.58984375,
      4736.58984375,
      4736.58984375,
      4736.58984375,
      4736.58984375,
      4736.58984375,
      4736.58984375,
      4736.58984375,
      4736.58984375,
      4736.58984375,
      4736.58984375,
      4736.58984375,
      4736.58984375,
      4736.58984375,
      256.109375,
      1782.0712890625
    ]
  }
}