{
  "model": {
    "model_name": "LLAMA-3-8",
    "num_layers": 35,
    "parameters": {
      "total_parameters_bytes": 9008726016,
      "parameters_per_layer_bytes": [
        207618048,
        268546048,
        268546048,
        268546048,
        268546048,
        268546048,
        268546048,
        268546048,
        268546048,
        268546048,
        268546048,
        268546048,
        268546048,
        268546048,
        268546048,
        268546048,
        268546048,
        268546048,
        268546048,
        268546048,
        268546048,
        268546048,
        268546048,
        268546048,
        268546048,
        268546048,
        268546048,
        268546048,
        268546048,
        268546048,
        268546048,
        268546048,
        268546048,
        16384,
        207618048
      ],
      "activation_parameters_bytes": [
        268435456,
        268435456,
        268435456,
        268435456,
        268435456,
        268435456,
        268435456,
        268435456,
        268435456,
        268435456,
        268435456,
        268435456,
        268435456,
        268435456,
        268435456,
        268435456,
        268435456,
        268435456,
        268435456,
        268435456,
        268435456,
        268435456,
        268435456,
        268435456,
        268435456,
        268435456,
        268435456,
        268435456,
        268435456,
        268435456,
        268435456,
        268435456,
        268435456,
        268435456,
        830472200
      ]
    }
  },
  "execution_time": {
    "total_time_ms": 5529.475,
    "forward_backward_time_ms": 5341.279999999997,
    "batch_generator_time_ms": 0.0,
    "optimizer_time_ms": 188.19500000000008,
    "layer_compute_total_ms": [
      3.4979999999999998,
      163.238,
      165.236,
      165.236,
      165.236,
      165.236,
      165.236,
      165.236,
      165.236,
      165.236,
      165.236,
      165.236,
      165.236,
      165.236,
      165.236,
      165.236,
      165.236,
      165.236,
      165.236,
      165.236,
      165.236,
      165.236,
      165.236,
      165.236,
      165.236,
      165.236,
      165.236,
      165.236,
      165.236,
      165.236,
      165.236,
      165.236,
      165.236,
      6.025,
      46.203
    ]
  },
  "execution_memory": {
    "layer_memory_total_mb": [
      1246.140625,
      8192.65234375,
      8192.65234375,
      8192.65234375,
      8192.65234375,
      8192.65234375,
      8192.65234375,
      8192.65234375,
      8192.65234375,
      8192.65234375,
      8192.65234375,
      8192.65234375,
      8192.65234375,
      8192.65234375,
      8192.65234375,
      8192.65234375,
      8192.65234375,
      8192.65234375,
      8192.65234375,
      8192.65234375,
      8192.65234375,
      8192.65234375,
      8192.65234375,
      8192.65234375,
      8192.65234375,
      8192.65234375,
      8192.65234375,
      8192.65234375,
      8192.65234375,
      8192.65234375,
      8192.65234375,
      8192.65234375,
      8192.65234375,
      512.140625,
      2574.142578125
    ]
  }
}