{
  "model": {
    "model_name": "LLAMA-3-8",
    "num_layers": 34,
    "parameters": {
      "total_parameters_bytes": 8801124352,
      "parameters_per_layer_bytes": [
        207618048,
        268546048,
        268546048,
        268546048,
        268546048,
        268546048,
        268546048,
        268546048,
        268546048,
        268546048,
        268546048,
        268546048,
        268546048,
        268546048,
        268546048,
        268546048,
        268546048,
        268546048,
        268546048,
        268546048,
        268546048,
        268546048,
        268546048,
        268546048,
        268546048,
        268546048,
        268546048,
        268546048,
        268546048,
        268546048,
        268546048,
        268546048,
        268546048,
        16384,
        16384
      ],
      "activation_parameters_bytes": [
        268435456,
        268435456,
        268435456,
        268435456,
        268435456,
        268435456,
        268435456,
        268435456,
        268435456,
        268435456,
        268435456,
        268435456,
        268435456,
        268435456,
        268435456,
        268435456,
        268435456,
        268435456,
        268435456,
        268435456,
        268435456,
        268435456,
        268435456,
        268435456,
        268435456,
        268435456,
        268435456,
        268435456,
        268435456,
        268435456,
        268435456,
        268435456,
        268435456,
        268435456,
        268435464
      ]
    }
  },
  "execution_time": {
    "total_time_ms": 17137.300000000003,
    "forward_backward_time_ms": 17004.700000000004,
    "batch_generator_time_ms": 0.0,
    "optimizer_time_ms": 132.60000000000008,
    "layer_compute_total_ms": [
      3.5,
      531.1,
      531.1,
      531.1,
      531.1,
      531.1,
      531.1,
      531.1,
      531.1,
      531.1,
      531.1,
      531.1,
      531.1,
      531.1,
      531.1,
      531.1,
      531.1,
      531.1,
      531.1,
      531.1,
      531.1,
      531.1,
      531.1,
      531.1,
      531.1,
      531.1,
      531.1,
      531.1,
      531.1,
      531.1,
      531.1,
      531.1,
      531.1,
      6.0
    ]
  },
  "execution_memory": {
    "layer_memory_total_mb": [
      1246.140625,
      8704.65234375,
      8704.65234375,
      8704.65234375,
      8704.65234375,
      8704.65234375,
      8704.65234375,
      8704.65234375,
      8704.65234375,
      8704.65234375,
      8704.65234375,
      8704.65234375,
      8704.65234375,
      8704.65234375,
      8704.65234375,
      8704.65234375,
      8704.65234375,
      8704.65234375,
      8704.65234375,
      8704.65234375,
      8704.65234375,
      8704.65234375,
      8704.65234375,
      8704.65234375,
      8704.65234375,
      8704.65234375,
      8704.65234375,
      8704.65234375,
      8704.65234375,
      8704.65234375,
      8704.65234375,
      8704.65234375,
      8704.65234375,
      768.140625,
      1560.283203125
    ]
  }
}