{
  "allreduce_size_2_consec_0": 0.9307518545108833,
  "allreduce_size_2_consec_1": 0.9307518545108833,
  "p2p_size_2": 0.9497502857349149,
  "overlap_coe": 1.0,
  "allreduce_size_3_consec_0": 0.6848421090953392,
  "allreduce_size_3_consec_1": 0.6848421090953392,
  "p2p_size_3": 0.9497502857349149,
  "allreduce_size_4_consec_0": 0.5977694261330637,
  "allreduce_size_4_consec_1": 0.5977694261330637,
  "p2p_size_4": 0.9497502857349149,
  "allreduce_size_5_consec_0": 0.5507471146679218,
  "allreduce_size_5_consec_1": 0.5507471146679218,
  "p2p_size_5": 0.9497502857349149,
  "allreduce_size_6_consec_0": 0.5199769373395609,
  "allreduce_size_6_consec_1": 0.5199769373395609,
  "p2p_size_6": 0.9497502857349149,
  "allreduce_size_7_consec_0": 0.4974993102922546,
  "allreduce_size_7_consec_1": 0.4974993102922546,
  "p2p_size_7": 0.9497502857349149,
  "allreduce_size_8_consec_0": 0.47988441824577466,
  "allreduce_size_8_consec_1": 0.47988441824577466,
  "p2p_size_8": 0.9497502857349149,
  "allreduce_size_9_consec_0": 0.4654040208012278,
  "allreduce_size_9_consec_1": 0.4654040208012278,
  "p2p_size_9": 0.9497502857349149,
  "allreduce_size_10_consec_0": 0.45308812994158076,
  "allreduce_size_10_consec_1": 0.45308812994158076,
  "p2p_size_10": 0.9497502857349149,
  "allreduce_size_11_consec_0": 0.44234729876239365,
  "allreduce_size_11_consec_1": 0.44234729876239365,
  "p2p_size_11": 0.9497502857349149,
  "allreduce_size_12_consec_0": 0.4328006767969302,
  "allreduce_size_12_consec_1": 0.4328006767969302,
  "p2p_size_12": 0.9497502857349149,
  "allreduce_size_13_consec_0": 0.42418985839606826,
  "allreduce_size_13_consec_1": 0.42418985839606826,
  "p2p_size_13": 0.9497502857349149,
  "allreduce_size_14_consec_0": 0.4163323655651479,
  "allreduce_size_14_consec_1": 0.4163323655651479,
  "p2p_size_14": 0.9497502857349149,
  "allreduce_size_15_consec_0": 0.4090949737088767,
  "allreduce_size_15_consec_1": 0.4090949737088767,
  "p2p_size_15": 0.9497502857349149,
  "allreduce_size_16_consec_0": 0.4023776382069341,
  "allreduce_size_16_consec_1": 0.4023776382069341,
  "p2p_size_16": 0.9497502857349149,
  "allreduce_size_17_consec_0": 0.3961033967573783,
  "allreduce_size_17_consec_1": 0.3961033967573783,
  "p2p_size_17": 0.9497502857349149,
  "allreduce_size_18_consec_0": 0.3902117961678038,
  "allreduce_size_18_consec_1": 0.3902117961678038,
  "p2p_size_18": 0.9497502857349149,
  "allreduce_size_19_consec_0": 0.3846544798210044,
  "allreduce_size_19_consec_1": 0.3846544798210044,
  "p2p_size_19": 0.9497502857349149,
  "allreduce_size_20_consec_0": 0.37939214488901074,
  "allreduce_size_20_consec_1": 0.37939214488901074,
  "p2p_size_20": 0.9497502857349149,
  "allreduce_size_21_consec_0": 0.3743923937470388,
  "allreduce_size_21_consec_1": 0.3743923937470388,
  "p2p_size_21": 0.9497502857349149,
  "allreduce_size_22_consec_0": 0.3696281844726143,
  "allreduce_size_22_consec_1": 0.3696281844726143,
  "p2p_size_22": 0.9497502857349149,
  "allreduce_size_23_consec_0": 0.36507669208980065,
  "allreduce_size_23_consec_1": 0.36507669208980065,
  "p2p_size_23": 0.9497502857349149,
  "allreduce_size_24_consec_0": 0.3607184573231429,
  "allreduce_size_24_consec_1": 0.3607184573231429,
  "p2p_size_24": 0.9497502857349149,
  "allreduce_size_25_consec_0": 0.3565367403975818,
  "allreduce_size_25_consec_1": 0.3565367403975818,
  "p2p_size_25": 0.9497502857349149,
  "allreduce_size_26_consec_0": 0.35251702357431525,
  "allreduce_size_26_consec_1": 0.35251702357431525,
  "p2p_size_26": 0.9497502857349149,
  "allreduce_size_27_consec_0": 0.3486466232577059,
  "allreduce_size_27_consec_1": 0.3486466232577059,
  "p2p_size_27": 0.9497502857349149,
  "allreduce_size_28_consec_0": 0.34491438397195157,
  "allreduce_size_28_consec_1": 0.34491438397195157,
  "p2p_size_28": 0.9497502857349149,
  "allreduce_size_29_consec_0": 0.3413104343105745,
  "allreduce_size_29_consec_1": 0.3413104343105745,
  "p2p_size_29": 0.9497502857349149,
  "allreduce_size_30_consec_0": 0.3378259903635454,
  "allreduce_size_30_consec_1": 0.3378259903635454,
  "p2p_size_30": 0.9497502857349149,
  "allreduce_size_31_consec_0": 0.33445319592310385,
  "allreduce_size_31_consec_1": 0.33445319592310385,
  "p2p_size_31": 0.9497502857349149,
  "allreduce_size_32_consec_0": 0.3311849914750926,
  "allreduce_size_32_consec_1": 0.3311849914750926,
  "p2p_size_32": 0.9497502857349149,
  "allreduce_size_33_consec_0": 0.32801500593648936,
  "allreduce_size_33_consec_1": 0.32801500593648936,
  "p2p_size_33": 0.9497502857349149,
  "allreduce_size_34_consec_0": 0.3249374665279799,
  "allreduce_size_34_consec_1": 0.3249374665279799,
  "p2p_size_34": 0.9497502857349149,
  "allreduce_size_35_consec_0": 0.3219471232262022,
  "allreduce_size_35_consec_1": 0.3219471232262022,
  "p2p_size_35": 0.9497502857349149,
  "allreduce_size_36_consec_0": 0.3190391850291031,
  "allreduce_size_36_consec_1": 0.3190391850291031,
  "p2p_size_36": 0.9497502857349149,
  "allreduce_size_37_consec_0": 0.31620926586306586,
  "allreduce_size_37_consec_1": 0.31620926586306586,
  "p2p_size_37": 0.9497502857349149,
  "allreduce_size_38_consec_0": 0.3134533384138143,
  "allreduce_size_38_consec_1": 0.3134533384138143,
  "p2p_size_38": 0.9497502857349149,
  "allreduce_size_39_consec_0": 0.3107676945114171,
  "allreduce_size_39_consec_1": 0.3107676945114171,
  "p2p_size_39": 0.9497502857349149,
  "allreduce_size_40_consec_0": 0.30814891096956376,
  "allreduce_size_40_consec_1": 0.30814891096956376,
  "p2p_size_40": 0.9497502857349149,
  "allreduce_size_41_consec_0": 0.30559381998997515,
  "allreduce_size_41_consec_1": 0.30559381998997515,
  "p2p_size_41": 0.9497502857349149,
  "allreduce_size_42_consec_0": 0.3030994834085255,
  "allreduce_size_42_consec_1": 0.3030994834085255,
  "p2p_size_42": 0.9497502857349149,
  "allreduce_size_43_consec_0": 0.3006631701909094,
  "allreduce_size_43_consec_1": 0.3006631701909094,
  "p2p_size_43": 0.9497502857349149,
  "allreduce_size_44_consec_0": 0.2982823366903406,
  "allreduce_size_44_consec_1": 0.2982823366903406,
  "p2p_size_44": 0.9497502857349149,
  "allreduce_size_45_consec_0": 0.29595460926373,
  "allreduce_size_45_consec_1": 0.29595460926373,
  "p2p_size_45": 0.9497502857349149,
  "allreduce_size_46_consec_0": 0.2936777689105664,
  "allreduce_size_46_consec_1": 0.2936777689105664,
  "p2p_size_46": 0.9497502857349149,
  "allreduce_size_47_consec_0": 0.29144973765373045,
  "allreduce_size_47_consec_1": 0.29144973765373045,
  "p2p_size_47": 0.9497502857349149,
  "allreduce_size_48_consec_0": 0.28926856642637133,
  "allreduce_size_48_consec_1": 0.28926856642637133,
  "p2p_size_48": 0.9497502857349149,
  "allreduce_size_49_consec_0": 0.2871324242658074,
  "allreduce_size_49_consec_1": 0.2871324242658074,
  "p2p_size_49": 0.9497502857349149,
  "allreduce_size_50_consec_0": 0.28503958864577206,
  "allreduce_size_50_consec_1": 0.28503958864577206,
  "p2p_size_50": 0.9497502857349149,
  "allreduce_size_51_consec_0": 0.28298843680348224,
  "allreduce_size_51_consec_1": 0.28298843680348224,
  "p2p_size_51": 0.9497502857349149,
  "allreduce_size_52_consec_0": 0.2809774379389235,
  "allreduce_size_52_consec_1": 0.2809774379389235,
  "p2p_size_52": 0.9497502857349149,
  "allreduce_size_53_consec_0": 0.27900514618123895,
  "allreduce_size_53_consec_1": 0.27900514618123895,
  "p2p_size_53": 0.9497502857349149,
  "allreduce_size_54_consec_0": 0.2770701942317747,
  "allreduce_size_54_consec_1": 0.2770701942317747,
  "p2p_size_54": 0.9497502857349149,
  "allreduce_size_55_consec_0": 0.2751712876056952,
  "allreduce_size_55_consec_1": 0.2751712876056952,
  "p2p_size_55": 0.9497502857349149,
  "allreduce_size_56_consec_0": 0.2733071994045315,
  "allreduce_size_56_consec_1": 0.2733071994045315,
  "p2p_size_56": 0.9497502857349149,
  "allreduce_size_57_consec_0": 0.2714767655608927,
  "allreduce_size_57_consec_1": 0.2714767655608927,
  "p2p_size_57": 0.9497502857349149,
  "allreduce_size_58_consec_0": 0.26967888050412403,