{
  "1": {
    "4": {
      "0": [
        0.001806,
        3e-06,
        0.005383
      ],
      "1": [
        0.02773,
        0.054489,
        0.005383
      ],
      "2": [
        0.027684,
        0.054915,
        0.005383
      ],
      "3": [
        0.027684,
        0.054915,
        0.005383
      ],
      "4": [
        0.027684,
        0.054915,
        0.005383
      ],
      "5": [
        0.027684,
        0.054915,
        0.005383
      ],
      "6": [
        0.027684,
        0.054915,
        0.005383
      ],
      "7": [
        0.027684,
        0.054915,
        0.005383
      ],
      "8": [
        0.027684,
        0.054915,
        0.005383
      ],
      "9": [
        0.027684,
        0.054915,
        0.005383
      ],
      "10": [
        0.027684,
        0.054915,
        0.005383
      ],
      "11": [
        0.027684,
        0.054915,
        0.005383
      ],
      "12": [
        0.027684,
        0.054915,
        0.005383
      ],
      "13": [
        0.027684,
        0.054915,
        0.005383
      ],
      "14": [
        0.027684,
        0.054915,
        0.005383
      ],
      "15": [
        0.027684,
        0.054915,
        0.005383
      ],
      "16": [
        0.027684,
        0.054915,
        0.005383
      ],
      "17": [
        0.027684,
        0.054915,
        0.005383
      ],
      "18": [
        0.027684,
        0.054915,
        0.005383
      ],
      "19": [
        0.027684,
        0.054915,
        0.005383
      ],
      "20": [
        0.027684,
        0.054915,
        0.005383
      ],
      "21": [
        0.027684,
        0.054915,
        0.005383
      ],
      "22": [
        0.027684,
        0.054915,
        0.005383
      ],
      "23": [
        0.027684,
        0.054915,
        0.005383
      ],
      "24": [
        0.027684,
        0.054915,
        0.005383
      ],
      "25": [
        0.027684,
        0.054915,
        0.005383
      ],
      "26": [
        0.027684,
        0.054915,
        0.005383
      ],
      "27": [
        0.027684,
        0.054915,
        0.005383
      ],
      "28": [
        0.027684,
        0.054915,
        0.005383
      ],
      "29": [
        0.027684,
        0.054915,
        0.005383
      ],
      "30": [
        0.027684,
        0.054915,
        0.005383
      ],
      "31": [
        0.027684,
        0.054915,
        0.005383
      ],
      "32": [
        0.027684,
        0.054915,
        0.005383
      ],
      "33": [
        0.000723,
        0.002356,
        0.005383
      ],
      "34": [
        0.008674000000000001,
        0.01409,
        0.005383
      ]
    },
    "2": {
      "0": [
        0.001621,
        3e-06,
        0.01068
      ],
      "1": [
        0.049848,
        0.099211,
        0.01068
      ],
      "2": [
        0.049968,
        0.100805,
        0.01068
      ],
      "3": [
        0.049968,
        0.100805,
        0.01068
      ],
      "4": [
        0.049968,
        0.100805,
        0.01068
      ],
      "5": [
        0.049968,
        0.100805,
        0.01068
      ],
      "6": [
        0.049968,
        0.100805,
        0.01068
      ],
      "7": [
        0.049968,
        0.100805,
        0.01068
      ],
      "8": [
        0.049968,
        0.100805,
        0.01068
      ],
      "9": [
        0.049968,
        0.100805,
        0.01068
      ],
      "10": [
        0.049968,
        0.100805,
        0.01068
      ],
      "11": [
        0.049968,
        0.100805,
        0.01068
      ],
      "12": [
        0.049968,
        0.100805,
        0.01068
      ],
      "13": [
        0.049968,
        0.100805,
        0.01068
      ],
      "14": [
        0.049968,
        0.100805,
        0.01068
      ],
      "15": [
        0.049968,
        0.100805,
        0.01068
      ],
      "16": [
        0.049968,
        0.100805,
        0.01068
      ],
      "17": [
        0.049968,
        0.100805,
        0.01068
      ],
      "18": [
        0.049968,
        0.100805,
        0.01068
      ],
      "19": [
        0.049968,
        0.100805,
        0.01068
      ],
      "20": [
        0.049968,
        0.100805,
        0.01068
      ],
      "21": [
        0.049968,
        0.100805,
        0.01068
      ],
      "22": [
        0.049968,
        0.100805,
        0.01068
      ],
      "23": [
        0.049968,
        0.100805,
        0.01068
      ],
      "24": [
        0.049968,
        0.100805,
        0.01068
      ],
      "25": [
        0.049968,
        0.100805,
        0.01068
      ],
      "26": [
        0.049968,
        0.100805,
        0.01068
      ],
      "27": [
        0.049968,
        0.100805,
        0.01068
      ],
      "28": [
        0.049968,
        0.100805,
        0.01068
      ],
      "29": [
        0.049968,
        0.100805,
        0.01068
      ],
      "30": [
        0.049968,
        0.100805,
        0.01068
      ],
      "31": [
        0.049968,
        0.100805,
        0.01068
      ],
      "32": [
        0.049968,
        0.100805,
        0.01068
      ],
      "33": [
        0.000725,
        0.002358,
        0.01068
      ],
      "34": [
        0.017084,
        0.027383,
        0.01068
      ]
    }
  },
  "2": {
    "4": {
      "0": [
        0.003495,
        3e-06,
        0.005377
      ],
      "1": [
        0.053865,
        0.109373,
        0.005377
      ],
      "2": [
        0.054193,
        0.111043,
        0.005377
      ],
      "3": [
        0.054193,
        0.111043,
        0.005377
      ],
      "4": [
        0.054193,
        0.111043,
        0.005377
      ],
      "5": [
        0.054193,
        0.111043,
        0.005377
      ],
      "6": [
        0.054193,
        0.111043,
        0.005377
      ],
      "7": [
        0.054193,
        0.111043,
        0.005377
      ],
      "8": [
        0.054193,
        0.111043,
        0.005377
      ],
      "9": [
        0.054193,
        0.111043,
        0.005377
      ],
      "10": [
        0.054193,
        0.111043,
        0.005377
      ],
      "11": [
        0.054193,
        0.111043,
        0.005377
      ],
      "12": [
        0.054193,
        0.111043,
        0.005377
      ],
      "13": [
        0.054193,
        0.111043,
        0.005377
      ],
      "14": [
        0.054193,
        0.111043,
        0.005377
      ],
      "15": [
        0.054193,
        0.111043,
        0.005377
      ],
      "16": [
        0.054193,
        0.111043,
        0.005377
      ],
      "17": [
        0.054193,
        0.111043,
        0.005377
      ],
      "18": [
        0.054193,
        0.111043,
        0.005377
      ],
      "19": [
        0.054193,
        0.111043,
        0.005377
      ],
      "20": [
        0.054193,
        0.111043,
        0.005377
      ],
      "21": [
        0.054193,
        0.111043,
        0.005377
      ],
      "22": [
        0.054193,
        0.111043,
        0.005377
      ],
      "23": [
        0.054193,
        0.111043,
        0.005377
      ],
      "24": [
        0.054193,
        0.111043,
        0.005377
      ],
      "25": [
        0.054193,
        0.111043,
        0.005377
      ],
      "26": [
        0.054193,
        0.111043,
        0.005377
      ],
      "27": [
        0.054193,
        0.111043,
        0.005377
      ],
      "28": [
        0.054193,
        0.111043,
        0.005377
      ],
      "29": [
        0.054193,
        0.111043,
        0.005377
      ],
      "30": [
        0.054193,
        0.111043,
        0.005377
      ],
      "31": [
        0.054193,
        0.111043,
        0.005377
      ],
      "32": [
        0.054193,
        0.111043,
        0.005377
      ],
      "33": [
        0.001403,
        0.004622,
        0.005377
      ],