{
    "us-central1-a": {
        "Titan-RTX": {
            "1": {
                "us-central1-a": {
                    "Titan-RTX": {
                        "1": [
                            [
                                -0.01815356,
                                0.23962693,
                                1.715394
                            ],
                            2780109601.4722166
                        ]
                    },
                    "RTX-3090": {
                        "1": [
                            [
                                -3.70612670e-05,
                                6.28011631e-04,
                                1.11391008e-01
                            ],
                            114876125.2999855
                        ]
                    },
                    "RTX-2080": {
                        "1": [
                            [
                                -3.63030760e-05,
                                2.43516307e-04,
                                1.17224488e-01
                            ],
                            117541975.0730115
                        ]
                    }
                }
            },
            "2": {
                "us-central1-a": {
                    "Titan-RTX": {
                        "2": [
                            [
                                -0.01975481,
                                0.23334086,
                                2.34732715
                            ],
                            2941283469.0422616
                        ]
                    },
                    "RTX-3090": {
                        "2": [
                            [
                                -4.04649103e-05,
                                6.61562401e-04,
                                1.12642631e-01
                            ],
                            115701787.8055525
                        ]
                    },
                    "RTX-2080": {
                        "2": [
                            [
                                -3.63030760e-05,
                                2.43516307e-04,
                                1.17224488e-01
                            ],
                            117541975.0730115
                        ]
                    }
                }
            },
            "4": {
                "us-central1-a": {
                    "Titan-RTX": {
                        "4": [
                            [
                                -0.01200083,
                                0.08608481,
                                2.84966563
                            ],
                            2941632876.551077
                        ]
                    },
                    "RTX-2080": {
                        "4": [
                            [
                                -3.63030760e-05,
                                2.43516307e-04,
                                1.17224488e-01
                            ],
                            117541975.0730115
                        ]
                    },
                    "RTX-3090": {
                        "4": [
                            [
                                -2.31132940e-05,
                                7.21900986e-04,
                                1.13089818e-01
                            ],
                            115599445.1502371
                        ]
                    }
                }
            },
            "8": {
                "us-central1-a": {
                    "Titan-RTX": {
                        "8": [
                            [
                                -0.00727065,
                                0.05488608,
                                2.89871609
                            ],
                            2941923935.710581
                        ]
                    },
                    "RTX-3090": {
                        "8": [
                            [
                                -8.30356097e-05,
                                5.95513638e-04,
                                1.14885159e-01
                            ],
                            115938666.4275751
                        ]
                    },
                    "RTX-2080": {
                        "8": [
                            [
                                -3.63030760e-05,
                                2.43516307e-04,
                                1.17224488e-01
                            ],
                            117541975.0730115
                        ]
                    }
                }
            }
        },
        "RTX-2080": {
            "1": {
                "us-central1-a": {
                    "RTX-2080": {
                        "1": [
                            [
                                -4.69643750e-05,
                                3.19168051e-04,
                                1.17203045e-01
                            ],
                            117503020.99807979
                        ]
                    },
                    "RTX-3090": {
                        "1": [
                            [
                                9.79655636e-05,
                                1.32046991e-04,
                                1.10152728e-01
                            ],
                            114819757.1435497
                        ]
                    },
                    "Titan-RTX": {
                        "1": [
                            [
                                -3.63030760e-05,
                                2.43516307e-04,
                                1.17224488e-01
                            ],
                            117541975.0730115
                        ]
                    }
                }
            },
            "2": {
                "us-central1-a": {
                    "RTX-2080": {
                        "2": [
                            [
                                -4.69643750e-05,
                                3.19168051e-04,
                                1.17203045e-01
                            ],
                            117503020.99807979
                        ]
                    },
                    "RTX-3090": {
                        "2": [
                            [
                                9.79655636e-05,
                                1.32046991e-04,
                                1.10152728e-01
                            ],
                            114819757.1435497
                        ]
                    },
                    "Titan-RTX": {
                        "2": [
                            [
                                -3.63030760e-05,
                                2.43516307e-04,
                                1.17224488e-01
                            ],
                            117541975.0730115
                        ]
                    }
                }
            },
            "4": {
                "us-central1-a": {
                    "RTX-2080": {
                        "4": [
                            [
                                -4.69643750e-05,
                                3.19168051e-04,
                                1.17203045e-01
                            ],
                            117503020.99807979
                        ]
                    },
                    "Titan-RTX": {
                        "4": [
                            [
                                -3.63030760e-05,
                                2.43516307e-04,
                                1.17224488e-01
                            ],
                            117541975.0730115
                        ]
                    },