{
  "0": {
    "1": {
      "forward": 0.000218,
      "backward": 2e-06,
      "params_bytes": 214433792,
      "mem_required": 292813004.8,
      "output_activation": 8388608.0
    },
    "32": {},
    "4": {
      "forward": 0.000488,
      "backward": 2e-06,
      "params_bytes": 214433792,
      "mem_required": 450602752.0,
      "output_activation": 33554432.0
    },
    "2": {
      "forward": 0.000296,
      "backward": 2e-06,
      "params_bytes": 214433792,
      "mem_required": 351132723.2,
      "output_activation": 16777216.0
    },
    "8": {
      "forward": 0.000922,
      "backward": 2e-06,
      "params_bytes": 214433792,
      "mem_required": 656296960.0,
      "output_activation": 67108864.0
    },
    "16": {},
    "64": {}
  },
  "1": {
    "1": {
      "forward": 0.008104,
      "backward": 0.020164,
      "params_bytes": 50384896,
      "mem_required": 390031974.4,
      "output_activation": 8388608.0
    },
    "32": {},
    "4": {
      "forward": 0.030512,
      "backward": 0.078247,
      "params_bytes": 50384896,
      "mem_required": 1346456166.4,
      "output_activation": 33554432.0
    },
    "2": {
      "forward": 0.015474,
      "backward": 0.039613,
      "params_bytes": 50384896,
      "mem_required": 708840038.4,
      "output_activation": 16777216.0
    },
    "8": {
      "forward": 0.061721,
      "backward": 0.159684,
      "params_bytes": 50384896,
      "mem_required": 2622514176.0,
      "output_activation": 67108864.0
    },
    "16": {},
    "64": {}
  },
  "2": {
    "1": {
      "forward": 0.007746,
      "backward": 0.020338,
      "params_bytes": 50384896,
      "mem_required": 390031974.4,
      "output_activation": 8388608.0
    },
    "32": {},
    "4": {
      "forward": 0.031114,
      "backward": 0.079946,
      "params_bytes": 50384896,
      "mem_required": 1346456166.4,
      "output_activation": 33554432.0
    },
    "2": {
      "forward": 0.01525,
      "backward": 0.04036,
      "params_bytes": 50384896,
      "mem_required": 708840038.4,
      "output_activation": 16777216.0
    },
    "8": {
      "forward": 0.062924,
      "backward": 0.159244,
      "params_bytes": 50384896,
      "mem_required": 2622514176.0,
      "output_activation": 67108864.0
    },
    "16": {},
    "64": {}
  },
  "3": {
    "1": {
      "forward": 0.007746,
      "backward": 0.020338,
      "params_bytes": 50384896,
      "mem_required": 390031974.4,
      "output_activation": 8388608.0
    },
    "32": {},
    "4": {
      "forward": 0.031114,
      "backward": 0.079946,
      "params_bytes": 50384896,
      "mem_required": 1346456166.4,
      "output_activation": 33554432.0
    },
    "2": {
      "forward": 0.01525,
      "backward": 0.04036,
      "params_bytes": 50384896,
      "mem_required": 708840038.4,
      "output_activation": 16777216.0
    },
    "8": {
      "forward": 0.062924,
      "backward": 0.159244,
      "params_bytes": 50384896,
      "mem_required": 2622514176.0,
      "output_activation": 67108864.0
    },
    "16": {},
    "64": {}
  },
  "4": {
    "1": {
      "forward": 0.007746,
      "backward": 0.020338,
      "params_bytes": 50384896,
      "mem_required": 390031974.4,
      "output_activation": 8388608.0
    },
    "32": {},
    "4": {
      "forward": 0.031114,
      "backward": 0.079946,
      "params_bytes": 50384896,
      "mem_required": 1346456166.4,
      "output_activation": 33554432.0
    },
    "2": {
      "forward": 0.01525,
      "backward": 0.04036,
      "params_bytes": 50384896,
      "mem_required": 708840038.4,
      "output_activation": 16777216.0
    },
    "8": {
      "forward": 0.062924,
      "backward": 0.159244,
      "params_bytes": 50384896,
      "mem_required": 2622514176.0,
      "output_activation": 67108864.0
    },
    "16": {},
    "64": {}
  },
  "5": {
    "1": {
      "forward": 0.007746,
      "backward": 0.020338,
      "params_bytes": 50384896,
      "mem_required": 390031974.4,
      "output_activation": 8388608.0
    },
    "32": {},
    "4": {
      "forward": 0.031114,
      "backward": 0.079946,
      "params_bytes": 50384896,
      "mem_required": 1346456166.4,
      "output_activation": 33554432.0
    },
    "2": {
      "forward": 0.01525,
      "backward": 0.04036,
      "params_bytes": 50384896,
      "mem_required": 708840038.4,
      "output_activation": 16777216.0
    },
    "8": {
      "forward": 0.062924,
      "backward": 0.159244,
      "params_bytes": 50384896,
      "mem_required": 2622514176.0,
      "output_activation": 67108864.0
    },
    "16": {},
    "64": {}
  },
  "6": {
    "1": {
      "forward": 0.007746,
      "backward": 0.020338,
      "params_bytes": 50384896,
      "mem_required": 390031974.4,
      "output_activation": 8388608.0
    },
    "32": {},
    "4": {
      "forward": 0.031114,
      "backward": 0.079946,
      "params_bytes": 50384896,
      "mem_required": 1346456166.4,
      "output_activation": 33554432.0
    },
    "2": {
      "forward": 0.01525,
      "backward": 0.04036,
      "params_bytes": 50384896,
      "mem_required": 708840038.4,
      "output_activation": 16777216.0
    },
    "8": {
      "forward": 0.062924,
      "backward": 0.159244,
      "params_bytes": 50384896,
      "mem_required": 2622514176.0,
      "output_activation": 67108864.0
    },
    "16": {},
    "64": {}
  },
  "7": {
    "1": {
      "forward": 0.007746,
      "backward": 0.020338,
      "params_bytes": 50384896,
      "mem_required": 390031974.4,
      "output_activation": 8388608.0
    },
    "32": {},
    "4": {
      "forward": 0.031114,
      "backward": 0.079946,
      "params_bytes": 50384896,
      "mem_required": 1346456166.4,
      "output_activation": 33554432.0
    },
    "2": {
      "forward": 0.01525,
      "backward": 0.04036,
      "params_bytes": 50384896,
      "mem_required": 708840038.4,
      "output_activation": 16777216.0
    },
    "8": {
      "forward": 0.062924,
      "backward": 0.159244,
      "params_bytes": 50384896,
      "mem_required": 2622514176.0,
      "output_activation": 67108864.0
    },
    "16": {},
    "64": {}
  },
  "8": {
    "1": {
      "forward": 0.007746,
      "backward": 0.020338,
      "params_bytes": 50384896,
      "mem_required": 390031974.4,
      "output_activation": 8388608.0
    },
    "32": {},
    "4": {
      "forward": 0.031114,
      "backward": 0.079946,
      "params_bytes": 50384896,
      "mem_required": 1346456166.4,
      "output_activation": 33554432.0
    },
    "2": {
      "forward": 0.01525,
      "backward": 0.04036,
      "params_bytes": 50384896,
      "mem_required": 708840038.4,
      "output_activation": 16777216.0
    },
    "8": {
      "forward": 0.062924,
      "backward": 0.159244,
      "params_bytes": 50384896,
      "mem_required": 2622514176.0,
      "output_activation": 67108864.0
    },
    "16": {},
    "64": {}
  },
  "9": {
    "1": {
      "forward": 0.007746,
      "backward": 0.020338,
      "params_bytes": 50384896,
      "mem_required": 390031974.4,
      "output_activation": 8388608.0
    },
    "32": {},
    "4": {
      "forward": 0.031114,
      "backward": 0.079946,
      "params_bytes": 50384896,
      "mem_required": 1346456166.4,
      "output_activation": 33554432.0
    },
    "2": {
      "forward": 0.01525,
      "backward": 0.04036,
      "params_bytes": 50384896,
      "mem_required": 708840038.4,
      "output_activation": 16777216.0
    },
    "8": {
      "forward": 0.062924,
      "backward": 0.159244,
      "params_bytes": 50384896,
      "mem_required": 2622514176.0,
      "output_activation": 67108864.0
    },
    "16": {},
    "64": {}
  },
  "10": {
    "1": {
      "forward": 0.007746,
      "backward": 0.020338,
      "params_bytes": 50384896,
      "mem_required": 390031974.4,
      "output_activation": 8388608.0
    },
    "32": {},
    "4": {
      "forward": 0.031114,
      "backward": 0.079946,
      "params_bytes": 50384896,
      "mem_required": 1346456166.4,