{
  "model": {
    "model_name": "GPT-Neo-2.7",
    "num_layers": 34,
    "parameters": {
      "total_parameters_bytes": 2669875200,
      "parameters_per_layer_bytes": [
        150732800,
        78722560,
        78722560,
        78722560,
        78722560,
        78722560,
        78722560,
        78722560,
        78722560,
        78722560,
        78722560,
        78722560,
        78722560,
        78722560,
        78722560,
        78722560,
        78722560,
        78722560,
        78722560,
        78722560,
        78722560,
        78722560,
        78722560,
        78722560,
        78722560,
        78722560,
        78722560,
        78722560,
        78722560,
        78722560,
        78722560,
        78722560,
        78722560,
        20480
      ],
      "activation_parameters_bytes": [
        20971520,
        20971520,
        20971520,
        20971520,
        20971520,
        20971520,
        20971520,
        20971520,
        20971520,
        20971520,
        20971520,
        20971520,
        20971520,
        20971520,
        20971520,
        20971520,
        20971520,
        20971520,
        20971520,
        20971520,
        20971520,
        20971520,
        20971520,
        20971520,
        20971520,
        20971520,
        20971520,
        20971520,
        20971520,
        20971520,
        20971520,
        20971520,
        20971520,
        20971524
      ]
    }
  },
  "execution_time": {
    "total_time_ms": 275.9209999999999,
    "forward_backward_time_ms": 216.14900000000017,
    "batch_generator_time_ms": 0.0,
    "optimizer_time_ms": 59.77200000000003,
    "layer_compute_total_ms": [
      4.081,
      6.382,
      6.579000000000001,
      6.579000000000001,
      6.579000000000001,
      6.579000000000001,
      6.579000000000001,
      6.579000000000001,
      6.579000000000001,
      6.579000000000001,
      6.579000000000001,
      6.579000000000001,
      6.579000000000001,
      6.579000000000001,
      6.579000000000001,
      6.579000000000001,
      6.579000000000001,
      6.579000000000001,
      6.579000000000001,
      6.579000000000001,
      6.579000000000001,
      6.579000000000001,
      6.579000000000001,
      6.579000000000001,
      6.579000000000001,
      6.579000000000001,
      6.579000000000001,
      6.579000000000001,
      6.579000000000001,
      6.579000000000001,
      6.579000000000001,
      6.579000000000001,
      6.579000000000001,
      1.737
    ]
  },
  "execution_memory": {
    "layer_memory_total_mb": [
      743.767578125,
      606.40966796875,
      608.40966796875,
      608.40966796875,
      608.40966796875,
      608.40966796875,
      608.40966796875,
      608.40966796875,
      608.40966796875,
      608.40966796875,
      608.40966796875,
      608.40966796875,
      608.40966796875,
      608.40966796875,
      608.40966796875,
      608.40966796875,
      608.40966796875,
      608.40966796875,
      608.40966796875,
      608.40966796875,
      608.40966796875,
      608.40966796875,
      608.40966796875,
      608.40966796875,
      608.40966796875,
      608.40966796875,
      608.40966796875,
      608.40966796875,
      608.40966796875,
      608.40966796875,
      608.40966796875,
      608.40966796875,
      608.40966796875,
      40.1240234375
    ]
  }
}