{
  "model": {
    "model_name": "GPT-Neo-2.7",
    "num_layers": 34,
    "parameters": {
      "total_parameters_bytes": 5315481600,
      "parameters_per_layer_bytes": [
        279183360,
        157383680,
        157383680,
        157383680,
        157383680,
        157383680,
        157383680,
        157383680,
        157383680,
        157383680,
        157383680,
        157383680,
        157383680,
        157383680,
        157383680,
        157383680,
        157383680,
        157383680,
        157383680,
        157383680,
        157383680,
        157383680,
        157383680,
        157383680,
        157383680,
        157383680,
        157383680,
        157383680,
        157383680,
        157383680,
        157383680,
        157383680,
        157383680,
        20480
      ],
      "activation_parameters_bytes": [
        20971520,
        20971520,
        20971520,
        20971520,
        20971520,
        20971520,
        20971520,
        20971520,
        20971520,
        20971520,
        20971520,
        20971520,
        20971520,
        20971520,
        20971520,
        20971520,
        20971520,
        20971520,
        20971520,
        20971520,
        20971520,
        20971520,
        20971520,
        20971520,
        20971520,
        20971520,
        20971520,
        20971520,
        20971520,
        20971520,
        20971520,
        20971520,
        20971520,
        20971524
      ]
    }
  },
  "execution_time": {
    "total_time_ms": 427.4490000000001,
    "forward_backward_time_ms": 313.345,
    "batch_generator_time_ms": 0.0,
    "optimizer_time_ms": 114.10399999999994,
    "layer_compute_total_ms": [
      3.4779999999999998,
      9.727,
      9.636000000000001,
      9.636000000000001,
      9.636000000000001,
      9.636000000000001,
      9.636000000000001,
      9.636000000000001,
      9.636000000000001,
      9.636000000000001,
      9.636000000000001,
      9.636000000000001,
      9.636000000000001,
      9.636000000000001,
      9.636000000000001,
      9.636000000000001,
      9.636000000000001,
      9.636000000000001,
      9.636000000000001,
      9.636000000000001,
      9.636000000000001,
      9.636000000000001,
      9.636000000000001,
      9.636000000000001,
      9.636000000000001,
      9.636000000000001,
      9.636000000000001,
      9.636000000000001,
      9.636000000000001,
      9.636000000000001,
      9.636000000000001,
      9.636000000000001,
      9.636000000000001,
      1.424
    ]
  },
  "execution_memory": {
    "layer_memory_total_mb": [
      1356.267578125,
      1120.4951171875,
      1120.4951171875,
      1120.4951171875,
      1120.4951171875,
      1120.4951171875,
      1120.4951171875,
      1120.4951171875,
      1120.4951171875,
      1120.4951171875,
      1120.4951171875,
      1120.4951171875,
      1120.4951171875,
      1120.4951171875,
      1120.4951171875,
      1120.4951171875,
      1120.4951171875,
      1120.4951171875,
      1120.4951171875,
      1120.4951171875,
      1120.4951171875,
      1120.4951171875,
      1120.4951171875,
      1120.4951171875,
      1120.4951171875,
      1120.4951171875,
      1120.4951171875,
      1120.4951171875,
      1120.4951171875,
      1120.4951171875,
      1120.4951171875,
      1120.4951171875,
      1120.4951171875,
      40.1240234375
    ]
  }
}