{
  "model": {
    "model_name": "GPT-Neo-2.7",
    "num_layers": 34,
    "parameters": {
      "total_parameters_bytes": 10606694400,
      "parameters_per_layer_bytes": [
        536084480,
        314705920,
        314705920,
        314705920,
        314705920,
        314705920,
        314705920,
        314705920,
        314705920,
        314705920,
        314705920,
        314705920,
        314705920,
        314705920,
        314705920,
        314705920,
        314705920,
        314705920,
        314705920,
        314705920,
        314705920,
        314705920,
        314705920,
        314705920,
        314705920,
        314705920,
        314705920,
        314705920,
        314705920,
        314705920,
        314705920,
        314705920,
        314705920,
        20480
      ],
      "activation_parameters_bytes": [
        20971520,
        20971520,
        20971520,
        20971520,
        20971520,
        20971520,
        20971520,
        20971520,
        20971520,
        20971520,
        20971520,
        20971520,
        20971520,
        20971520,
        20971520,
        20971520,
        20971520,
        20971520,
        20971520,
        20971520,
        20971520,
        20971520,
        20971520,
        20971520,
        20971520,
        20971520,
        20971520,
        20971520,
        20971520,
        20971520,
        20971520,
        20971520,
        20971520,
        20971524
      ]
    }
  },
  "execution_time": {
    "total_time_ms": 757.6439999999998,
    "forward_backward_time_ms": 534.9439999999997,
    "batch_generator_time_ms": 0.0,
    "optimizer_time_ms": 222.70000000000013,
    "layer_compute_total_ms": [
      3.117,
      16.805,
      16.59,
      16.59,
      16.59,
      16.59,
      16.59,
      16.59,
      16.59,
      16.59,
      16.59,
      16.59,
      16.59,
      16.59,
      16.59,
      16.59,
      16.59,
      16.59,
      16.59,
      16.59,
      16.59,
      16.59,
      16.59,
      16.59,
      16.59,
      16.59,
      16.59,
      16.59,
      16.59,
      16.59,
      16.59,
      16.59,
      16.59,
      0.732
    ]
  },
  "execution_memory": {
    "layer_memory_total_mb": [
      2581.25,
      2150.666015625,
      2150.666015625,
      2150.666015625,
      2150.666015625,
      2150.666015625,
      2150.666015625,
      2150.666015625,
      2150.666015625,
      2150.666015625,
      2150.666015625,
      2150.666015625,
      2150.666015625,
      2150.666015625,
      2150.666015625,
      2150.666015625,
      2150.666015625,
      2150.666015625,
      2150.666015625,
      2150.666015625,
      2150.666015625,
      2150.666015625,
      2150.666015625,
      2150.666015625,
      2150.666015625,
      2150.666015625,
      2150.666015625,
      2150.666015625,
      2150.666015625,
      2150.666015625,
      2150.666015625,
      2150.666015625,
      2150.666015625,
      40.1240234375
    ]
  }
}