{
  "model": {
    "model_name": "GPT-Neo-2.7",
    "num_layers": 34,
    "parameters": {
      "total_parameters_bytes": 5315481600,
      "parameters_per_layer_bytes": [
        279183360,
        157383680,
        157383680,
        157383680,
        157383680,
        157383680,
        157383680,
        157383680,
        157383680,
        157383680,
        157383680,
        157383680,
        157383680,
        157383680,
        157383680,
        157383680,
        157383680,
        157383680,
        157383680,
        157383680,
        157383680,
        157383680,
        157383680,
        157383680,
        157383680,
        157383680,
        157383680,
        157383680,
        157383680,
        157383680,
        157383680,
        157383680,
        157383680,
        20480
      ],
      "activation_parameters_bytes": [
        41943040,
        41943040,
        41943040,
        41943040,
        41943040,
        41943040,
        41943040,
        41943040,
        41943040,
        41943040,
        41943040,
        41943040,
        41943040,
        41943040,
        41943040,
        41943040,
        41943040,
        41943040,
        41943040,
        41943040,
        41943040,
        41943040,
        41943040,
        41943040,
        41943040,
        41943040,
        41943040,
        41943040,
        41943040,
        41943040,
        41943040,
        41943040,
        41943040,
        41943048
      ]
    }
  },
  "execution_time": {
    "total_time_ms": 696.5879999999997,
    "forward_backward_time_ms": 582.314,
    "batch_generator_time_ms": 0.0,
    "optimizer_time_ms": 114.27400000000003,
    "layer_compute_total_ms": [
      4.08,
      18.254,
      18.029,
      18.029,
      18.029,
      18.029,
      18.029,
      18.029,
      18.029,
      18.029,
      18.029,
      18.029,
      18.029,
      18.029,
      18.029,
      18.029,
      18.029,
      18.029,
      18.029,
      18.029,
      18.029,
      18.029,
      18.029,
      18.029,
      18.029,
      18.029,
      18.029,
      18.029,
      18.029,
      18.029,
      18.029,
      18.029,
      18.029,
      1.081
    ]
  },
  "execution_memory": {
    "layer_memory_total_mb": [
      1381.28515625,
      1490.5263671875,
      1490.5263671875,
      1490.5263671875,
      1490.5263671875,
      1490.5263671875,
      1490.5263671875,
      1490.5263671875,
      1490.5263671875,
      1490.5263671875,
      1490.5263671875,
      1490.5263671875,
      1490.5263671875,
      1490.5263671875,
      1490.5263671875,
      1490.5263671875,
      1490.5263671875,
      1490.5263671875,
      1490.5263671875,
      1490.5263671875,
      1490.5263671875,
      1490.5263671875,
      1490.5263671875,
      1490.5263671875,
      1490.5263671875,
      1490.5263671875,
      1490.5263671875,
      1490.5263671875,
      1490.5263671875,
      1490.5263671875,
      1490.5263671875,
      1490.5263671875,
      1490.5263671875,
      80.150390625
    ]
  }
}