{
  "model": {
    "model_name": "GPT-Neo-2.7",
    "num_layers": 34,
    "parameters": {
      "total_parameters_bytes": 10606694400,
      "parameters_per_layer_bytes": [
        536084480,
        314705920,
        314705920,
        314705920,
        314705920,
        314705920,
        314705920,
        314705920,
        314705920,
        314705920,
        314705920,
        314705920,
        314705920,
        314705920,
        314705920,
        314705920,
        314705920,
        314705920,
        314705920,
        314705920,
        314705920,
        314705920,
        314705920,
        314705920,
        314705920,
        314705920,
        314705920,
        314705920,
        314705920,
        314705920,
        314705920,
        314705920,
        314705920,
        20480
      ],
      "activation_parameters_bytes": [
        83886080,
        83886080,
        83886080,
        83886080,
        83886080,
        83886080,
        83886080,
        83886080,
        83886080,
        83886080,
        83886080,
        83886080,
        83886080,
        83886080,
        83886080,
        83886080,
        83886080,
        83886080,
        83886080,
        83886080,
        83886080,
        83886080,
        83886080,
        83886080,
        83886080,
        83886080,
        83886080,
        83886080,
        83886080,
        83886080,
        83886080,
        83886080,
        83886080,
        83886096
      ]
    }
  },
  "execution_time": {
    "total_time_ms": 2306.4140000000007,
    "forward_backward_time_ms": 2083.4080000000004,
    "batch_generator_time_ms": 0.0,
    "optimizer_time_ms": 223.00599999999994,
    "layer_compute_total_ms": [
      4.724,
      65.13799999999999,
      64.901,
      64.901,
      64.901,
      64.901,
      64.901,
      64.901,
      64.901,
      64.901,
      64.901,
      64.901,
      64.901,
      64.901,
      64.901,
      64.901,
      64.901,
      64.901,
      64.901,
      64.901,
      64.901,
      64.901,
      64.901,
      64.901,
      64.901,
      64.901,
      64.901,
      64.901,
      64.901,
      64.901,
      64.901,
      64.901,
      64.901,
      1.615
    ]
  },
  "execution_memory": {
    "layer_memory_total_mb": [
      2656.25,
      4100.759765625,
      4100.759765625,
      4100.759765625,
      4100.759765625,
      4100.759765625,
      4100.759765625,
      4100.759765625,
      4100.759765625,
      4100.759765625,
      4100.759765625,
      4100.759765625,
      4100.759765625,
      4100.759765625,
      4100.759765625,
      4100.759765625,
      4100.759765625,
      4100.759765625,
      4100.759765625,
      4100.759765625,
      4100.759765625,
      4100.759765625,
      4100.759765625,
      4100.759765625,
      4100.759765625,
      4100.759765625,
      4100.759765625,
      4100.759765625,
      4100.759765625,
      4100.759765625,
      4100.759765625,
      4100.759765625,
      4100.759765625,
      160.203125
    ]
  }
}