{
  "model": {
    "model_name": "GPT-Neo-2.7",
    "num_layers": 34,
    "parameters": {
      "total_parameters_bytes": 5315481600,
      "parameters_per_layer_bytes": [
        279183360,
        157383680,
        157383680,
        157383680,
        157383680,
        157383680,
        157383680,
        157383680,
        157383680,
        157383680,
        157383680,
        157383680,
        157383680,
        157383680,
        157383680,
        157383680,
        157383680,
        157383680,
        157383680,
        157383680,
        157383680,
        157383680,
        157383680,
        157383680,
        157383680,
        157383680,
        157383680,
        157383680,
        157383680,
        157383680,
        157383680,
        157383680,
        157383680,
        20480
      ],
      "activation_parameters_bytes": [
        83886080,
        83886080,
        83886080,
        83886080,
        83886080,
        83886080,
        83886080,
        83886080,
        83886080,
        83886080,
        83886080,
        83886080,
        83886080,
        83886080,
        83886080,
        83886080,
        83886080,
        83886080,
        83886080,
        83886080,
        83886080,
        83886080,
        83886080,
        83886080,
        83886080,
        83886080,
        83886080,
        83886080,
        83886080,
        83886080,
        83886080,
        83886080,
        83886080,
        83886096
      ]
    }
  },
  "execution_time": {
    "total_time_ms": 1257.135,
    "forward_backward_time_ms": 1142.5550000000005,
    "batch_generator_time_ms": 0.0,
    "optimizer_time_ms": 114.58000000000006,
    "layer_compute_total_ms": [
      5.654,
      35.494,
      35.476,
      35.476,
      35.476,
      35.476,
      35.476,
      35.476,
      35.476,
      35.476,
      35.476,
      35.476,
      35.476,
      35.476,
      35.476,
      35.476,
      35.476,
      35.476,
      35.476,
      35.476,
      35.476,
      35.476,
      35.476,
      35.476,
      35.476,
      35.476,
      35.476,
      35.476,
      35.476,
      35.476,
      35.476,
      35.476,
      35.476,
      1.651
    ]
  },
  "execution_memory": {
    "layer_memory_total_mb": [
      1431.3203125,
      2230.5888671875,
      2230.5888671875,
      2230.5888671875,
      2230.5888671875,
      2230.5888671875,
      2230.5888671875,
      2230.5888671875,
      2230.5888671875,
      2230.5888671875,
      2230.5888671875,
      2230.5888671875,
      2230.5888671875,
      2230.5888671875,
      2230.5888671875,
      2230.5888671875,
      2230.5888671875,
      2230.5888671875,
      2230.5888671875,
      2230.5888671875,
      2230.5888671875,
      2230.5888671875,
      2230.5888671875,
      2230.5888671875,
      2230.5888671875,
      2230.5888671875,
      2230.5888671875,
      2230.5888671875,
      2230.5888671875,
      2230.5888671875,
      2230.5888671875,
      2230.5888671875,
      2230.5888671875,
      160.203125
    ]
  }
}