{
  "model": {
    "model_name": "GPT-Neo-2.7",
    "num_layers": 34,
    "parameters": {
      "total_parameters_bytes": 5315481600,
      "parameters_per_layer_bytes": [
        279183360,
        157383680,
        157383680,
        157383680,
        157383680,
        157383680,
        157383680,
        157383680,
        157383680,
        157383680,
        157383680,
        157383680,
        157383680,
        157383680,
        157383680,
        157383680,
        157383680,
        157383680,
        157383680,
        157383680,
        157383680,
        157383680,
        157383680,
        157383680,
        157383680,
        157383680,
        157383680,
        157383680,
        157383680,
        157383680,
        157383680,
        157383680,
        157383680,
        20480
      ],
      "activation_parameters_bytes": [
        167772160,
        167772160,
        167772160,
        167772160,
        167772160,
        167772160,
        167772160,
        167772160,
        167772160,
        167772160,
        167772160,
        167772160,
        167772160,
        167772160,
        167772160,
        167772160,
        167772160,
        167772160,
        167772160,
        167772160,
        167772160,
        167772160,
        167772160,
        167772160,
        167772160,
        167772160,
        167772160,
        167772160,
        167772160,
        167772160,
        167772160,
        167772160,
        167772160,
        167772192
      ]
    }
  },
  "execution_time": {
    "total_time_ms": 2404.3450000000003,
    "forward_backward_time_ms": 2290.138999999999,
    "batch_generator_time_ms": 0.0,
    "optimizer_time_ms": 114.20599999999995,
    "layer_compute_total_ms": [
      7.8180000000000005,
      71.35900000000001,
      71.23400000000001,
      71.23400000000001,
      71.23400000000001,
      71.23400000000001,
      71.23400000000001,
      71.23400000000001,
      71.23400000000001,
      71.23400000000001,
      71.23400000000001,
      71.23400000000001,
      71.23400000000001,
      71.23400000000001,
      71.23400000000001,
      71.23400000000001,
      71.23400000000001,
      71.23400000000001,
      71.23400000000001,
      71.23400000000001,
      71.23400000000001,
      71.23400000000001,
      71.23400000000001,
      71.23400000000001,
      71.23400000000001,
      71.23400000000001,
      71.23400000000001,
      71.23400000000001,
      71.23400000000001,
      71.23400000000001,
      71.23400000000001,
      71.23400000000001,
      71.23400000000001,
      2.7079999999999997
    ]
  },
  "execution_memory": {
    "layer_memory_total_mb": [
      1531.390625,
      3710.7138671875,
      3710.7138671875,
      3710.7138671875,
      3710.7138671875,
      3710.7138671875,
      3710.7138671875,
      3710.7138671875,
      3710.7138671875,
      3710.7138671875,
      3710.7138671875,
      3710.7138671875,
      3710.7138671875,
      3710.7138671875,
      3710.7138671875,
      3710.7138671875,
      3710.7138671875,
      3710.7138671875,
      3710.7138671875,
      3710.7138671875,
      3710.7138671875,
      3710.7138671875,
      3710.7138671875,
      3710.7138671875,
      3710.7138671875,
      3710.7138671875,
      3710.7138671875,
      3710.7138671875,
      3710.7138671875,
      3710.7138671875,
      3710.7138671875,
      3710.7138671875,
      3710.7138671875,
      320.30859375
    ]
  }
}