{
  "model": {
    "model_name": "GPT-Neo-2.7",
    "num_layers": 34,
    "parameters": {
      "total_parameters_bytes": 10606694400,
      "parameters_per_layer_bytes": [
        536084480,
        314705920,
        314705920,
        314705920,
        314705920,
        314705920,
        314705920,
        314705920,
        314705920,
        314705920,
        314705920,
        314705920,
        314705920,
        314705920,
        314705920,
        314705920,
        314705920,
        314705920,
        314705920,
        314705920,
        314705920,
        314705920,
        314705920,
        314705920,
        314705920,
        314705920,
        314705920,
        314705920,
        314705920,
        314705920,
        314705920,
        314705920,
        314705920,
        20480
      ],
      "activation_parameters_bytes": [
        167772160,
        167772160,
        167772160,
        167772160,
        167772160,
        167772160,
        167772160,
        167772160,
        167772160,
        167772160,
        167772160,
        167772160,
        167772160,
        167772160,
        167772160,
        167772160,
        167772160,
        167772160,
        167772160,
        167772160,
        167772160,
        167772160,
        167772160,
        167772160,
        167772160,
        167772160,
        167772160,
        167772160,
        167772160,
        167772160,
        167772160,
        167772160,
        167772160,
        167772192
      ]
    }
  },
  "execution_time": {
    "total_time_ms": 4466.206999999999,
    "forward_backward_time_ms": 4242.588999999998,
    "batch_generator_time_ms": 0.0,
    "optimizer_time_ms": 223.61799999999997,
    "layer_compute_total_ms": [
      6.104,
      131.13299999999998,
      132.345,
      132.345,
      132.345,
      132.345,
      132.345,
      132.345,
      132.345,
      132.345,
      132.345,
      132.345,
      132.345,
      132.345,
      132.345,
      132.345,
      132.345,
      132.345,
      132.345,
      132.345,
      132.345,
      132.345,
      132.345,
      132.345,
      132.345,
      132.345,
      132.345,
      132.345,
      132.345,
      132.345,
      132.345,
      132.345,
      132.345,
      2.657
    ]
  },
  "execution_memory": {
    "layer_memory_total_mb": [
      2756.25,
      6700.884765625,
      6700.884765625,
      6700.884765625,
      6700.884765625,
      6700.884765625,
      6700.884765625,
      6700.884765625,
      6700.884765625,
      6700.884765625,
      6700.884765625,
      6700.884765625,
      6700.884765625,
      6700.884765625,
      6700.884765625,
      6700.884765625,
      6700.884765625,
      6700.884765625,
      6700.884765625,
      6700.884765625,
      6700.884765625,
      6700.884765625,
      6700.884765625,
      6700.884765625,
      6700.884765625,
      6700.884765625,
      6700.884765625,
      6700.884765625,
      6700.884765625,
      6700.884765625,
      6700.884765625,
      6700.884765625,
      6700.884765625,
      320.30859375
    ]
  }
}