{
  "model": {
    "model_name": "OPT-350",
    "num_layers": 26,
    "parameters": {
      "total_parameters_bytes": 819879936,
      "parameters_per_layer_bytes": [
        111673344,
        25204736,
        25204736,
        25204736,
        25204736,
        25204736,
        25204736,
        25204736,
        25204736,
        25204736,
        25204736,
        25204736,
        25204736,
        25204736,
        25204736,
        25204736,
        25204736,
        25204736,
        25204736,
        25204736,
        25204736,
        25204736,
        25204736,
        25204736,
        25204736,
        103292928
      ],
      "activation_parameters_bytes": [
        16777216,
        16777216,
        16777216,
        16777216,
        16777216,
        16777216,
        16777216,
        16777216,
        16777216,
        16777216,
        16777216,
        16777216,
        16777216,
        16777216,
        16777216,
        16777216,
        16777216,
        16777216,
        16777216,
        16777216,
        16777216,
        16777216,
        16777216,
        16777216,
        16777216,
        413138952
      ]
    }
  },
  "execution_time": {
    "total_time_ms": 263.9700000000001,
    "forward_backward_time_ms": 224.68400000000008,
    "batch_generator_time_ms": 0.0,
    "optimizer_time_ms": 39.286,
    "layer_compute_total_ms": [
      0.883,
      9.154,
      8.949,
      8.949,
      8.949,
      8.949,
      8.949,
      8.949,
      8.949,
      8.949,
      8.949,
      8.949,
      8.949,
      8.949,
      8.949,
      8.949,
      8.949,
      8.949,
      8.949,
      8.949,
      8.949,
      8.949,
      8.949,
      8.949,
      8.949,
      8.82
    ]
  },
  "execution_memory": {
    "layer_memory_total_mb": [
      548.53515625,
      488.216796875,
      488.216796875,
      488.216796875,
      488.216796875,
      488.216796875,
      488.216796875,
      488.216796875,
      488.216796875,
      488.216796875,
      488.216796875,
      488.216796875,
      488.216796875,
      488.216796875,
      488.216796875,
      488.216796875,
      488.216796875,
      488.216796875,
      488.216796875,
      488.216796875,
      488.216796875,
      488.216796875,
      488.216796875,
      488.216796875,
      488.216796875,
      1300.591796875
    ]
  }
}