{
  "model": {
    "model_name": "OPT-350",
    "num_layers": 26,
    "parameters": {
      "total_parameters_bytes": 1629724672,
      "parameters_per_layer_bytes": [
        214433792,
        50384896,
        50384896,
        50384896,
        50384896,
        50384896,
        50384896,
        50384896,
        50384896,
        50384896,
        50384896,
        50384896,
        50384896,
        50384896,
        50384896,
        50384896,
        50384896,
        50384896,
        50384896,
        50384896,
        50384896,
        50384896,
        50384896,
        50384896,
        50384896,
        206053376
      ],
      "activation_parameters_bytes": [
        33554432,
        33554432,
        33554432,
        33554432,
        33554432,
        33554432,
        33554432,
        33554432,
        33554432,
        33554432,
        33554432,
        33554432,
        33554432,
        33554432,
        33554432,
        33554432,
        33554432,
        33554432,
        33554432,
        33554432,
        33554432,
        33554432,
        33554432,
        33554432,
        33554432,
        1648361488
      ]
    }
  },
  "execution_time": {
    "total_time_ms": 850.4120000000001,
    "forward_backward_time_ms": 773.9459999999997,
    "batch_generator_time_ms": 0.0,
    "optimizer_time_ms": 76.46600000000002,
    "layer_compute_total_ms": [
      0.511,
      31.314,
      30.918999999999997,
      30.918999999999997,
      30.918999999999997,
      30.918999999999997,
      30.918999999999997,
      30.918999999999997,
      30.918999999999997,
      30.918999999999997,
      30.918999999999997,
      30.918999999999997,
      30.918999999999997,
      30.918999999999997,
      30.918999999999997,
      30.918999999999997,
      30.918999999999997,
      30.918999999999997,
      30.918999999999997,
      30.918999999999997,
      30.918999999999997,
      30.918999999999997,
      30.918999999999997,
      30.918999999999997,
      30.918999999999997,
      30.983999999999995
    ]
  },
  "execution_memory": {
    "layer_memory_total_mb": [
      1054.5,
      1616.31640625,
      1616.31640625,
      1616.31640625,
      1616.31640625,
      1616.31640625,
      1616.31640625,
      1616.31640625,
      1616.31640625,
      1616.31640625,
      1616.31640625,
      1616.31640625,
      1616.31640625,
      1616.31640625,
      1616.31640625,
      1616.31640625,
      1616.31640625,
      1616.31640625,
      1616.31640625,
      1616.31640625,
      1616.31640625,
      1616.31640625,
      1616.31640625,
      1616.31640625,
      1616.31640625,
      4166.64453125
    ]
  }
}