{
  "model": {
    "model_name": "OPT-350",
    "num_layers": 26,
    "parameters": {
      "total_parameters_bytes": 819879936,
      "parameters_per_layer_bytes": [
        111673344,
        25204736,
        25204736,
        25204736,
        25204736,
        25204736,
        25204736,
        25204736,
        25204736,
        25204736,
        25204736,
        25204736,
        25204736,
        25204736,
        25204736,
        25204736,
        25204736,
        25204736,
        25204736,
        25204736,
        25204736,
        25204736,
        25204736,
        25204736,
        25204736,
        103292928
      ],
      "activation_parameters_bytes": [
        33554432,
        33554432,
        33554432,
        33554432,
        33554432,
        33554432,
        33554432,
        33554432,
        33554432,
        33554432,
        33554432,
        33554432,
        33554432,
        33554432,
        33554432,
        33554432,
        33554432,
        33554432,
        33554432,
        33554432,
        33554432,
        33554432,
        33554432,
        33554432,
        33554432,
        826277904
      ]
    }
  },
  "execution_time": {
    "total_time_ms": 465.70799999999986,
    "forward_backward_time_ms": 426.39599999999984,
    "batch_generator_time_ms": 0.0,
    "optimizer_time_ms": 39.312000000000005,
    "layer_compute_total_ms": [
      1.0219999999999998,
      17.305,
      17.032,
      17.032,
      17.032,
      17.032,
      17.032,
      17.032,
      17.032,
      17.032,
      17.032,
      17.032,
      17.032,
      17.032,
      17.032,
      17.032,
      17.032,
      17.032,
      17.032,
      17.032,
      17.032,
      17.032,
      17.032,
      17.032,
      17.032,
      16.333
    ]
  },
  "execution_memory": {
    "layer_memory_total_mb": [
      564.5703125,
      856.248046875,
      856.248046875,
      856.248046875,
      856.248046875,
      856.248046875,
      856.248046875,
      856.248046875,
      856.248046875,
      856.248046875,
      856.248046875,
      856.248046875,
      856.248046875,
      856.248046875,
      856.248046875,
      856.248046875,
      856.248046875,
      856.248046875,
      856.248046875,
      856.248046875,
      856.248046875,
      856.248046875,
      856.248046875,
      856.248046875,
      856.248046875,
      2108.64453125
    ]
  }
}