{
  "model": {
    "model_name": "OPT-350",
    "num_layers": 26,
    "parameters": {
      "total_parameters_bytes": 414957568,
      "parameters_per_layer_bytes": [
        60293120,
        12614656,
        12614656,
        12614656,
        12614656,
        12614656,
        12614656,
        12614656,
        12614656,
        12614656,
        12614656,
        12614656,
        12614656,
        12614656,
        12614656,
        12614656,
        12614656,
        12614656,
        12614656,
        12614656,
        12614656,
        12614656,
        12614656,
        12614656,
        12614656,
        51912704
      ],
      "activation_parameters_bytes": [
        67108864,
        67108864,
        67108864,
        67108864,
        67108864,
        67108864,
        67108864,
        67108864,
        67108864,
        67108864,
        67108864,
        67108864,
        67108864,
        67108864,
        67108864,
        67108864,
        67108864,
        67108864,
        67108864,
        67108864,
        67108864,
        67108864,
        67108864,
        67108864,
        67108864,
        830472224
      ]
    }
  },
  "execution_time": {
    "total_time_ms": 499.6459999999999,
    "forward_backward_time_ms": 475.2579999999999,
    "batch_generator_time_ms": 0.0,
    "optimizer_time_ms": 24.387999999999995,
    "layer_compute_total_ms": [
      1.5630000000000002,
      19.267,
      19.017000000000003,
      19.017000000000003,
      19.017000000000003,
      19.017000000000003,
      19.017000000000003,
      19.017000000000003,
      19.017000000000003,
      19.017000000000003,
      19.017000000000003,
      19.017000000000003,
      19.017000000000003,
      19.017000000000003,
      19.017000000000003,
      19.017000000000003,
      19.017000000000003,
      19.017000000000003,
      19.017000000000003,
      19.017000000000003,
      19.017000000000003,
      19.017000000000003,
      19.017000000000003,
      19.017000000000003,
      19.017000000000003,
      17.037
    ]
  },
  "execution_memory": {
    "layer_memory_total_mb": [
      351.640625,
      896.2763671875,
      892.2763671875,
      892.2763671875,
      892.2763671875,
      892.2763671875,
      892.2763671875,
      892.2763671875,
      892.2763671875,
      892.2763671875,
      892.2763671875,
      892.2763671875,
      892.2763671875,
      892.2763671875,
      892.2763671875,
      892.2763671875,
      892.2763671875,
      892.2763671875,
      892.2763671875,
      892.2763671875,
      892.2763671875,
      892.2763671875,
      892.2763671875,
      892.2763671875,
      892.2763671875,
      1911.75
    ]
  }
}