{
  "model": {
    "model_name": "OPT-350",
    "num_layers": 26,
    "parameters": {
      "total_parameters_bytes": 1629724672,
      "parameters_per_layer_bytes": [
        214433792,
        50384896,
        50384896,
        50384896,
        50384896,
        50384896,
        50384896,
        50384896,
        50384896,
        50384896,
        50384896,
        50384896,
        50384896,
        50384896,
        50384896,
        50384896,
        50384896,
        50384896,
        50384896,
        50384896,
        50384896,
        50384896,
        50384896,
        50384896,
        50384896,
        206053376
      ],
      "activation_parameters_bytes": [
        67108864,
        67108864,
        67108864,
        67108864,
        67108864,
        67108864,
        67108864,
        67108864,
        67108864,
        67108864,
        67108864,
        67108864,
        67108864,
        67108864,
        67108864,
        67108864,
        67108864,
        67108864,
        67108864,
        67108864,
        67108864,
        67108864,
        67108864,
        67108864,
        67108864,
        3296722976
      ]
    }
  },
  "execution_time": {
    "total_time_ms": 1607.6740000000002,
    "forward_backward_time_ms": 1531.0519999999997,
    "batch_generator_time_ms": 0.0,
    "optimizer_time_ms": 76.62200000000003,
    "layer_compute_total_ms": [
      0.688,
      61.583000000000006,
      61.165,
      61.165,
      61.165,
      61.165,
      61.165,
      61.165,
      61.165,
      61.165,
      61.165,
      61.165,
      61.165,
      61.165,
      61.165,
      61.165,
      61.165,
      61.165,
      61.165,
      61.165,
      61.165,
      61.165,
      61.165,
      61.165,
      61.165,
      61.986
    ]
  },
  "execution_memory": {
    "layer_memory_total_mb": [
      1086.5,
      2992.37890625,
      2992.37890625,
      2992.37890625,
      2992.37890625,
      2992.37890625,
      2992.37890625,
      2992.37890625,
      2992.37890625,
      2992.37890625,
      2992.37890625,
      2992.37890625,
      2992.37890625,
      2992.37890625,
      2992.37890625,
      2992.37890625,
      2992.37890625,
      2992.37890625,
      2992.37890625,
      2992.37890625,
      2992.37890625,
      2992.37890625,
      2992.37890625,
      2992.37890625,
      2992.37890625,
      7350.75
    ]
  }
}