{
  "model": {
    "model_name": "OPT-350",
    "num_layers": 26,
    "parameters": {
      "total_parameters_bytes": 414957568,
      "parameters_per_layer_bytes": [
        60293120,
        12614656,
        12614656,
        12614656,
        12614656,
        12614656,
        12614656,
        12614656,
        12614656,
        12614656,
        12614656,
        12614656,
        12614656,
        12614656,
        12614656,
        12614656,
        12614656,
        12614656,
        12614656,
        12614656,
        12614656,
        12614656,
        12614656,
        12614656,
        12614656,
        51912704
      ],
      "activation_parameters_bytes": [
        8388608,
        8388608,
        8388608,
        8388608,
        8388608,
        8388608,
        8388608,
        8388608,
        8388608,
        8388608,
        8388608,
        8388608,
        8388608,
        8388608,
        8388608,
        8388608,
        8388608,
        8388608,
        8388608,
        8388608,
        8388608,
        8388608,
        8388608,
        8388608,
        8388608,
        103809028
      ]
    }
  },
  "execution_time": {
    "total_time_ms": 94.13399999999996,
    "forward_backward_time_ms": 82.51199999999999,
    "batch_generator_time_ms": 0.0,
    "optimizer_time_ms": 11.621999999999993,
    "layer_compute_total_ms": [
      0.969,
      3.4379999999999997,
      3.2190000000000003,
      3.2190000000000003,
      3.2190000000000003,
      3.2190000000000003,
      3.2190000000000003,
      3.2190000000000003,
      3.2190000000000003,
      3.2190000000000003,
      3.2190000000000003,
      3.2190000000000003,
      3.2190000000000003,
      3.2190000000000003,
      3.2190000000000003,
      3.2190000000000003,
      3.2190000000000003,
      3.2190000000000003,
      3.2190000000000003,
      3.2190000000000003,
      3.2190000000000003,
      3.2190000000000003,
      3.2190000000000003,
      3.2190000000000003,
      3.2190000000000003,
      4.068
    ]
  },
  "execution_memory": {
    "layer_memory_total_mb": [
      295.517578125,
      164.6669921875,
      164.1669921875,
      164.1669921875,
      164.1669921875,
      164.1669921875,
      164.1669921875,
      164.1669921875,
      164.1669921875,
      164.1669921875,
      164.1669921875,
      164.1669921875,
      164.1669921875,
      164.1669921875,
      164.1669921875,
      164.1669921875,
      164.1669921875,
      164.1669921875,
      164.1669921875,
      164.1669921875,
      164.1669921875,
      164.1669921875,
      164.1669921875,
      164.1669921875,
      164.1669921875,
      455.5654296875
    ]
  }
}