{
  "model": {
    "model_name": "OPT-350",
    "num_layers": 26,
    "parameters": {
      "total_parameters_bytes": 1629724672,
      "parameters_per_layer_bytes": [
        214433792,
        50384896,
        50384896,
        50384896,
        50384896,
        50384896,
        50384896,
        50384896,
        50384896,
        50384896,
        50384896,
        50384896,
        50384896,
        50384896,
        50384896,
        50384896,
        50384896,
        50384896,
        50384896,
        50384896,
        50384896,
        50384896,
        50384896,
        50384896,
        50384896,
        206053376
      ],
      "activation_parameters_bytes": [
        134217728,
        134217728,
        134217728,
        134217728,
        134217728,
        134217728,
        134217728,
        134217728,
        134217728,
        134217728,
        134217728,
        134217728,
        134217728,
        134217728,
        134217728,
        134217728,
        134217728,
        134217728,
        134217728,
        134217728,
        134217728,
        134217728,
        134217728,
        134217728,
        134217728,
        6593445952
      ]
    }
  },
  "execution_time": {
    "total_time_ms": 1484.7869999999994,
    "forward_backward_time_ms": 1449.4010000000003,
    "batch_generator_time_ms": 0.0,
    "optimizer_time_ms": 35.386,
    "layer_compute_total_ms": [
      0.611,
      55.99199999999999,
      57.516000000000005,
      57.516000000000005,
      57.516000000000005,
      57.516000000000005,
      57.516000000000005,
      57.516000000000005,
      57.516000000000005,
      57.516000000000005,
      57.516000000000005,
      57.516000000000005,
      57.516000000000005,
      57.516000000000005,
      57.516000000000005,
      57.516000000000005,
      57.516000000000005,
      57.516000000000005,
      57.516000000000005,
      57.516000000000005,
      57.516000000000005,
      57.516000000000005,
      57.516000000000005,
      57.516000000000005,
      57.516000000000005,
      69.93
    ]
  },
  "execution_memory": {
    "layer_memory_total_mb": [
      1150.5,
      5744.50390625,
      5744.50390625,
      5744.50390625,
      5744.50390625,
      5744.50390625,
      5744.50390625,
      5744.50390625,
      5744.50390625,
      5744.50390625,
      5744.50390625,
      5744.50390625,
      5744.50390625,
      5744.50390625,
      5744.50390625,
      5744.50390625,
      5744.50390625,
      5744.50390625,
      5744.50390625,
      5744.50390625,
      5744.50390625,
      5744.50390625,
      5744.50390625,
      5744.50390625,
      5744.50390625,
      13718.9609375
    ]
  }
}