{
  "model": {
    "model_name": "OPT-350",
    "num_layers": 26,
    "parameters": {
      "total_parameters_bytes": 414957568,
      "parameters_per_layer_bytes": [
        60293120,
        12614656,
        12614656,
        12614656,
        12614656,
        12614656,
        12614656,
        12614656,
        12614656,
        12614656,
        12614656,
        12614656,
        12614656,
        12614656,
        12614656,
        12614656,
        12614656,
        12614656,
        12614656,
        12614656,
        12614656,
        12614656,
        12614656,
        12614656,
        12614656,
        51912704
      ],
      "activation_parameters_bytes": [
        134217728,
        134217728,
        134217728,
        134217728,
        134217728,
        134217728,
        134217728,
        134217728,
        134217728,
        134217728,
        134217728,
        134217728,
        134217728,
        134217728,
        134217728,
        134217728,
        134217728,
        134217728,
        134217728,
        134217728,
        134217728,
        134217728,
        134217728,
        134217728,
        134217728,
        1660944448
      ]
    }
  },
  "execution_time": {
    "total_time_ms": 475.1009999999998,
    "forward_backward_time_ms": 462.0489999999998,
    "batch_generator_time_ms": 0.0,
    "optimizer_time_ms": 13.052000000000005,
    "layer_compute_total_ms": [
      1.6119999999999999,
      18.578,
      18.375999999999998,
      18.375999999999998,
      18.375999999999998,
      18.375999999999998,
      18.375999999999998,
      18.375999999999998,
      18.375999999999998,
      18.375999999999998,
      18.375999999999998,
      18.375999999999998,
      18.375999999999998,
      18.375999999999998,
      18.375999999999998,
      18.375999999999998,
      18.375999999999998,
      18.375999999999998,
      18.375999999999998,
      18.375999999999998,
      18.375999999999998,
      18.375999999999998,
      18.375999999999998,
      18.375999999999998,
      18.375999999999998,
      19.211
    ]
  },
  "execution_memory": {
    "layer_memory_total_mb": [
      415.78125,
      1732.4013671875,
      1724.4013671875,
      1724.4013671875,
      1724.4013671875,
      1724.4013671875,
      1724.4013671875,
      1724.4013671875,
      1724.4013671875,
      1724.4013671875,
      1724.4013671875,
      1724.4013671875,
      1724.4013671875,
      1724.4013671875,
      1724.4013671875,
      1724.4013671875,
      1724.4013671875,
      1724.4013671875,
      1724.4013671875,
      1724.4013671875,
      1724.4013671875,
      1724.4013671875,
      1724.4013671875,
      1724.4013671875,
      1724.4013671875,
      3575.9609375
    ]
  }
}