{
  "model": {
    "model_name": "OPT-350",
    "num_layers": 26,
    "parameters": {
      "total_parameters_bytes": 819879936,
      "parameters_per_layer_bytes": [
        111673344,
        25204736,
        25204736,
        25204736,
        25204736,
        25204736,
        25204736,
        25204736,
        25204736,
        25204736,
        25204736,
        25204736,
        25204736,
        25204736,
        25204736,
        25204736,
        25204736,
        25204736,
        25204736,
        25204736,
        25204736,
        25204736,
        25204736,
        25204736,
        25204736,
        103292928
      ],
      "activation_parameters_bytes": [
        134217728,
        134217728,
        134217728,
        134217728,
        134217728,
        134217728,
        134217728,
        134217728,
        134217728,
        134217728,
        134217728,
        134217728,
        134217728,
        134217728,
        134217728,
        134217728,
        134217728,
        134217728,
        134217728,
        134217728,
        134217728,
        134217728,
        134217728,
        134217728,
        134217728,
        3305111616
      ]
    }
  },
  "execution_time": {
    "total_time_ms": 888.8189999999997,
    "forward_backward_time_ms": 868.4869999999996,
    "batch_generator_time_ms": 0.0,
    "optimizer_time_ms": 20.332,
    "layer_compute_total_ms": [
      2.211,
      34.531,
      34.656,
      34.656,
      34.656,
      34.656,
      34.656,
      34.656,
      34.656,
      34.656,
      34.656,
      34.656,
      34.656,
      34.656,
      34.656,
      34.656,
      34.656,
      34.656,
      34.656,
      34.656,
      34.656,
      34.656,
      34.656,
      34.656,
      34.656,
      34.657
    ]
  },
  "execution_memory": {
    "layer_memory_total_mb": [
      660.78125,
      3064.435546875,
      3064.435546875,
      3064.435546875,
      3064.435546875,
      3064.435546875,
      3064.435546875,
      3064.435546875,
      3064.435546875,
      3064.435546875,
      3064.435546875,
      3064.435546875,
      3064.435546875,
      3064.435546875,
      3064.435546875,
      3064.435546875,
      3064.435546875,
      3064.435546875,
      3064.435546875,
      3064.435546875,
      3064.435546875,
      3064.435546875,
      3064.435546875,
      3064.435546875,
      3064.435546875,
      6956.9609375
    ]
  }
}