{
  "model": {
    "model_name": "OPT-350",
    "num_layers": 26,
    "parameters": {
      "total_parameters_bytes": 414957568,
      "parameters_per_layer_bytes": [
        60293120,
        12614656,
        12614656,
        12614656,
        12614656,
        12614656,
        12614656,
        12614656,
        12614656,
        12614656,
        12614656,
        12614656,
        12614656,
        12614656,
        12614656,
        12614656,
        12614656,
        12614656,
        12614656,
        12614656,
        12614656,
        12614656,
        12614656,
        12614656,
        12614656,
        51912704
      ],
      "activation_parameters_bytes": [
        1073741824,
        1073741824,
        1073741824,
        1073741824,
        1073741824,
        1073741824,
        1073741824,
        1073741824,
        1073741824,
        1073741824,
        1073741824,
        1073741824,
        1073741824,
        1073741824,
        1073741824,
        1073741824,
        1073741824,
        1073741824,
        1073741824,
        1073741824,
        1073741824,
        1073741824,
        1073741824,
        1073741824,
        1073741824,
        13287555584
      ]
    }
  },
  "execution_time": {
    "total_time_ms": 3568.083999999998,
    "forward_backward_time_ms": 3553.8360000000016,
    "batch_generator_time_ms": 0.0,
    "optimizer_time_ms": 14.248,
    "layer_compute_total_ms": [
      11.672,
      139.577,
      140.313,
      140.313,
      140.313,
      140.313,
      140.313,
      140.313,
      140.313,
      140.313,
      140.313,
      140.313,
      140.313,
      140.313,
      140.313,
      140.313,
      140.313,
      140.313,
      140.313,
      140.313,
      140.313,
      140.313,
      140.313,
      140.313,
      140.313,
      175.388
    ]
  },
  "execution_memory": {
    "layer_memory_total_mb": [
      1313.75,
      13438.1513671875,
      13374.1513671875,
      13374.1513671875,
      13374.1513671875,
      13374.1513671875,
      13374.1513671875,
      13374.1513671875,
      13374.1513671875,
      13374.1513671875,
      13374.1513671875,
      13374.1513671875,
      13374.1513671875,
      13374.1513671875,
      13374.1513671875,
      13374.1513671875,
      13374.1513671875,
      13374.1513671875,
      13374.1513671875,
      13374.1513671875,
      13374.1513671875,
      13374.1513671875,
      13374.1513671875,
      13374.1513671875,
      13374.1513671875,
      26874.9140625
    ]
  }
}