{
  "model": {
    "model_name": "OPT-350",
    "num_layers": 26,
    "parameters": {
      "total_parameters_bytes": 819879936,
      "parameters_per_layer_bytes": [
        111673344,
        25204736,
        25204736,
        25204736,
        25204736,
        25204736,
        25204736,
        25204736,
        25204736,
        25204736,
        25204736,
        25204736,
        25204736,
        25204736,
        25204736,
        25204736,
        25204736,
        25204736,
        25204736,
        25204736,
        25204736,
        25204736,
        25204736,
        25204736,
        25204736,
        103292928
      ],
      "activation_parameters_bytes": [
        268435456,
        268435456,
        268435456,
        268435456,
        268435456,
        268435456,
        268435456,
        268435456,
        268435456,
        268435456,
        268435456,
        268435456,
        268435456,
        268435456,
        268435456,
        268435456,
        268435456,
        268435456,
        268435456,
        268435456,
        268435456,
        268435456,
        268435456,
        268435456,
        268435456,
        6610223232
      ]
    }
  },
  "execution_time": {
    "total_time_ms": 1729.563000000001,
    "forward_backward_time_ms": 1709.517000000001,
    "batch_generator_time_ms": 0.0,
    "optimizer_time_ms": 20.04600000000001,
    "layer_compute_total_ms": [
      4.551,
      66.311,
      68.08200000000001,
      68.08200000000001,
      68.08200000000001,
      68.08200000000001,
      68.08200000000001,
      68.08200000000001,
      68.08200000000001,
      68.08200000000001,
      68.08200000000001,
      68.08200000000001,
      68.08200000000001,
      68.08200000000001,
      68.08200000000001,
      68.08200000000001,
      68.08200000000001,
      68.08200000000001,
      68.08200000000001,
      68.08200000000001,
      68.08200000000001,
      68.08200000000001,
      68.08200000000001,
      68.08200000000001,
      68.08200000000001,
      72.769
    ]
  },
  "execution_memory": {
    "layer_memory_total_mb": [
      789.0625,
      6008.685546875,
      6008.685546875,
      6008.685546875,
      6008.685546875,
      6008.685546875,
      6008.685546875,
      6008.685546875,
      6008.685546875,
      6008.685546875,
      6008.685546875,
      6008.685546875,
      6008.685546875,
      6008.685546875,
      6008.685546875,
      6008.685546875,
      6008.685546875,
      6008.685546875,
      6008.685546875,
      6008.685546875,
      6008.685546875,
      6008.685546875,
      6008.685546875,
      6008.685546875,
      6008.685546875,
      13421.3828125
    ]
  }
}