{
  "model": {
    "model_name": "OPT-350",
    "num_layers": 26,
    "parameters": {
      "total_parameters_bytes": 1629724672,
      "parameters_per_layer_bytes": [
        214433792,
        50384896,
        50384896,
        50384896,
        50384896,
        50384896,
        50384896,
        50384896,
        50384896,
        50384896,
        50384896,
        50384896,
        50384896,
        50384896,
        50384896,
        50384896,
        50384896,
        50384896,
        50384896,
        50384896,
        50384896,
        50384896,
        50384896,
        50384896,
        50384896,
        206053376
      ],
      "activation_parameters_bytes": [
        268435456,
        268435456,
        268435456,
        268435456,
        268435456,
        268435456,
        268435456,
        268435456,
        268435456,
        268435456,
        268435456,
        268435456,
        268435456,
        268435456,
        268435456,
        268435456,
        268435456,
        268435456,
        268435456,
        268435456,
        268435456,
        268435456,
        268435456,
        268435456,
        268435456,
        13186891904
      ]
    }
  },
  "execution_time": {
    "total_time_ms": 2930.238,
    "forward_backward_time_ms": 2895.0079999999994,
    "batch_generator_time_ms": 0.0,
    "optimizer_time_ms": 35.23,
    "layer_compute_total_ms": [
      1.109,
      109.988,
      114.7,
      114.7,
      114.7,
      114.7,
      114.7,
      114.7,
      114.7,
      114.7,
      114.7,
      114.7,
      114.7,
      114.7,
      114.7,
      114.7,
      114.7,
      114.7,
      114.7,
      114.7,
      114.7,
      114.7,
      114.7,
      114.7,
      114.7,
      145.811
    ]
  },
  "execution_memory": {
    "layer_memory_total_mb": [
      1278.5,
      11248.75390625,
      11248.75390625,
      11248.75390625,
      11248.75390625,
      11248.75390625,
      11248.75390625,
      11248.75390625,
      11248.75390625,
      11248.75390625,
      11248.75390625,
      11248.75390625,
      11248.75390625,
      11248.75390625,
      11248.75390625,
      11248.75390625,
      11248.75390625,
      11248.75390625,
      11248.75390625,
      11248.75390625,
      11248.75390625,
      11248.75390625,
      11248.75390625,
      11248.75390625,
      11248.75390625,
      26455.3828125
    ]
  }
}