{
  "model": {
    "model_name": "OPT-350",
    "num_layers": 26,
    "parameters": {
      "total_parameters_bytes": 414957568,
      "parameters_per_layer_bytes": [
        60293120,
        12614656,
        12614656,
        12614656,
        12614656,
        12614656,
        12614656,
        12614656,
        12614656,
        12614656,
        12614656,
        12614656,
        12614656,
        12614656,
        12614656,
        12614656,
        12614656,
        12614656,
        12614656,
        12614656,
        12614656,
        12614656,
        12614656,
        12614656,
        12614656,
        51912704
      ],
      "activation_parameters_bytes": [
        268435456,
        268435456,
        268435456,
        268435456,
        268435456,
        268435456,
        268435456,
        268435456,
        268435456,
        268435456,
        268435456,
        268435456,
        268435456,
        268435456,
        268435456,
        268435456,
        268435456,
        268435456,
        268435456,
        268435456,
        268435456,
        268435456,
        268435456,
        268435456,
        268435456,
        3321888896
      ]
    }
  },
  "execution_time": {
    "total_time_ms": 931.5320000000004,
    "forward_backward_time_ms": 918.7139999999998,
    "batch_generator_time_ms": 0.0,
    "optimizer_time_ms": 12.818000000000005,
    "layer_compute_total_ms": [
      3.083,
      36.41,
      36.486,
      36.486,
      36.486,
      36.486,
      36.486,
      36.486,
      36.486,
      36.486,
      36.486,
      36.486,
      36.486,
      36.486,
      36.486,
      36.486,
      36.486,
      36.486,
      36.486,
      36.486,
      36.486,
      36.486,
      36.486,
      36.486,
      36.486,
      40.043
    ]
  },
  "execution_memory": {
    "layer_memory_total_mb": [
      544.0625,
      3404.6513671875,
      3388.6513671875,
      3388.6513671875,
      3388.6513671875,
      3388.6513671875,
      3388.6513671875,
      3388.6513671875,
      3388.6513671875,
      3388.6513671875,
      3388.6513671875,
      3388.6513671875,
      3388.6513671875,
      3388.6513671875,
      3388.6513671875,
      3388.6513671875,
      3388.6513671875,
      3388.6513671875,
      3388.6513671875,
      3388.6513671875,
      3388.6513671875,
      3388.6513671875,
      3388.6513671875,
      3388.6513671875,
      3388.6513671875,
      6904.3828125
    ]
  }
}