{
  "model": {
    "model_name": "OPT-350",
    "num_layers": 26,
    "parameters": {
      "total_parameters_bytes": 414957568,
      "parameters_per_layer_bytes": [
        60293120,
        12614656,
        12614656,
        12614656,
        12614656,
        12614656,
        12614656,
        12614656,
        12614656,
        12614656,
        12614656,
        12614656,
        12614656,
        12614656,
        12614656,
        12614656,
        12614656,
        12614656,
        12614656,
        12614656,
        12614656,
        12614656,
        12614656,
        12614656,
        12614656,
        51912704
      ],
      "activation_parameters_bytes": [
        536870912,
        536870912,
        536870912,
        536870912,
        536870912,
        536870912,
        536870912,
        536870912,
        536870912,
        536870912,
        536870912,
        536870912,
        536870912,
        536870912,
        536870912,
        536870912,
        536870912,
        536870912,
        536870912,
        536870912,
        536870912,
        536870912,
        536870912,
        536870912,
        536870912,
        6643777792
      ]
    }
  },
  "execution_time": {
    "total_time_ms": 1807.9040000000005,
    "forward_backward_time_ms": 1795.2939999999992,
    "batch_generator_time_ms": 0.0,
    "optimizer_time_ms": 12.609999999999998,
    "layer_compute_total_ms": [
      6.196,
      70.49799999999999,
      71.1,
      71.1,
      71.1,
      71.1,
      71.1,
      71.1,
      71.1,
      71.1,
      71.1,
      71.1,
      71.1,
      71.1,
      71.1,
      71.1,
      71.1,
      71.1,
      71.1,
      71.1,
      71.1,
      71.1,
      71.1,
      71.1,
      71.1,
      83.30000000000001
    ]
  },
  "execution_memory": {
    "layer_memory_total_mb": [
      800.625,
      6749.1513671875,
      6717.1513671875,
      6717.1513671875,
      6717.1513671875,
      6717.1513671875,
      6717.1513671875,
      6717.1513671875,
      6717.1513671875,
      6717.1513671875,
      6717.1513671875,
      6717.1513671875,
      6717.1513671875,
      6717.1513671875,
      6717.1513671875,
      6717.1513671875,
      6717.1513671875,
      6717.1513671875,
      6717.1513671875,
      6717.1513671875,
      6717.1513671875,
      6717.1513671875,
      6717.1513671875,
      6717.1513671875,
      6717.1513671875,
      13561.2265625
    ]
  }
}