{
  "model": {
    "model_name": "OPT-350",
    "num_layers": 26,
    "parameters": {
      "total_parameters_bytes": 414957568,
      "parameters_per_layer_bytes": [
        60293120,
        12614656,
        12614656,
        12614656,
        12614656,
        12614656,
        12614656,
        12614656,
        12614656,
        12614656,
        12614656,
        12614656,
        12614656,
        12614656,
        12614656,
        12614656,
        12614656,
        12614656,
        12614656,
        12614656,
        12614656,
        12614656,
        12614656,
        12614656,
        12614656,
        51912704
      ],
      "activation_parameters_bytes": [
        67108864,
        67108864,
        67108864,
        67108864,
        67108864,
        67108864,
        67108864,
        67108864,
        67108864,
        67108864,
        67108864,
        67108864,
        67108864,
        67108864,
        67108864,
        67108864,
        67108864,
        67108864,
        67108864,
        67108864,
        67108864,
        67108864,
        67108864,
        67108864,
        67108864,
        830472224
      ]
    }
  },
  "execution_time": {
    "total_time_ms": 243.34400000000008,
    "forward_backward_time_ms": 230.88999999999996,
    "batch_generator_time_ms": 0.0,
    "optimizer_time_ms": 12.453999999999994,
    "layer_compute_total_ms": [
      0.9229999999999999,
      9.49,
      9.153,
      9.153,
      9.153,
      9.153,
      9.153,
      9.153,
      9.153,
      9.153,
      9.153,
      9.153,
      9.153,
      9.153,
      9.153,
      9.153,
      9.153,
      9.153,
      9.153,
      9.153,
      9.153,
      9.153,
      9.153,
      9.153,
      9.153,
      9.958
    ]
  },
  "execution_memory": {
    "layer_memory_total_mb": [
      351.640625,
      896.2763671875,
      892.2763671875,
      892.2763671875,
      892.2763671875,
      892.2763671875,
      892.2763671875,
      892.2763671875,
      892.2763671875,
      892.2763671875,
      892.2763671875,
      892.2763671875,
      892.2763671875,
      892.2763671875,
      892.2763671875,
      892.2763671875,
      892.2763671875,
      892.2763671875,
      892.2763671875,
      892.2763671875,
      892.2763671875,
      892.2763671875,
      892.2763671875,
      892.2763671875,
      892.2763671875,
      1911.75
    ]
  }
}