{
  "model": {
    "model_name": "OPT-350",
    "num_layers": 26,
    "parameters": {
      "total_parameters_bytes": 414957568,
      "parameters_per_layer_bytes": [
        60293120,
        12614656,
        12614656,
        12614656,
        12614656,
        12614656,
        12614656,
        12614656,
        12614656,
        12614656,
        12614656,
        12614656,
        12614656,
        12614656,
        12614656,
        12614656,
        12614656,
        12614656,
        12614656,
        12614656,
        12614656,
        12614656,
        12614656,
        12614656,
        12614656,
        51912704
      ],
      "activation_parameters_bytes": [
        134217728,
        134217728,
        134217728,
        134217728,
        134217728,
        134217728,
        134217728,
        134217728,
        134217728,
        134217728,
        134217728,
        134217728,
        134217728,
        134217728,
        134217728,
        134217728,
        134217728,
        134217728,
        134217728,
        134217728,
        134217728,
        134217728,
        134217728,
        134217728,
        134217728,
        1660944448
      ]
    }
  },
  "execution_time": {
    "total_time_ms": 7108.149999999997,
    "forward_backward_time_ms": 7044.8139999999985,
    "batch_generator_time_ms": 0.0,
    "optimizer_time_ms": 63.336,
    "layer_compute_total_ms": [
      45.129000000000005,
      279.624,
      281.513,
      281.513,
      281.513,
      281.513,
      281.513,
      281.513,
      281.513,
      281.513,
      281.513,
      281.513,
      281.513,
      281.513,
      281.513,
      281.513,
      281.513,
      281.513,
      281.513,
      281.513,
      281.513,
      281.513,
      281.513,
      281.513,
      281.513,
      245.262
    ]
  },
  "execution_memory": {
    "layer_memory_total_mb": [
      415.78125,
      1732.4013671875,
      1724.4013671875,
      1724.4013671875,
      1724.4013671875,
      1724.4013671875,
      1724.4013671875,
      1724.4013671875,
      1724.4013671875,
      1724.4013671875,
      1724.4013671875,
      1724.4013671875,
      1724.4013671875,
      1724.4013671875,
      1724.4013671875,
      1724.4013671875,
      1724.4013671875,
      1724.4013671875,
      1724.4013671875,
      1724.4013671875,
      1724.4013671875,
      1724.4013671875,
      1724.4013671875,
      1724.4013671875,
      1724.4013671875,
      3575.9609375
    ]
  }
}