{
  "model": {
    "model_name": "OPT-350",
    "num_layers": 26,
    "parameters": {
      "total_parameters_bytes": 819879936,
      "parameters_per_layer_bytes": [
        111673344,
        25204736,
        25204736,
        25204736,
        25204736,
        25204736,
        25204736,
        25204736,
        25204736,
        25204736,
        25204736,
        25204736,
        25204736,
        25204736,
        25204736,
        25204736,
        25204736,
        25204736,
        25204736,
        25204736,
        25204736,
        25204736,
        25204736,
        25204736,
        25204736,
        103292928
      ],
      "activation_parameters_bytes": [
        134217728,
        134217728,
        134217728,
        134217728,
        134217728,
        134217728,
        134217728,
        134217728,
        134217728,
        134217728,
        134217728,
        134217728,
        134217728,
        134217728,
        134217728,
        134217728,
        134217728,
        134217728,
        134217728,
        134217728,
        134217728,
        134217728,
        134217728,
        134217728,
        134217728,
        3305111616
      ]
    }
  },
  "execution_time": {
    "total_time_ms": 9254.319000000001,
    "forward_backward_time_ms": 9142.960999999996,
    "batch_generator_time_ms": 0.0,
    "optimizer_time_ms": 111.35800000000002,
    "layer_compute_total_ms": [
      37.569,
      359.13199999999995,
      360.89599999999996,
      360.89599999999996,
      360.89599999999996,
      360.89599999999996,
      360.89599999999996,
      360.89599999999996,
      360.89599999999996,
      360.89599999999996,
      360.89599999999996,
      360.89599999999996,
      360.89599999999996,
      360.89599999999996,
      360.89599999999996,
      360.89599999999996,
      360.89599999999996,
      360.89599999999996,
      360.89599999999996,
      360.89599999999996,
      360.89599999999996,
      360.89599999999996,
      360.89599999999996,
      360.89599999999996,
      360.89599999999996,
      445.652
    ]
  },
  "execution_memory": {
    "layer_memory_total_mb": [
      660.78125,
      3064.435546875,
      3064.435546875,
      3064.435546875,
      3064.435546875,
      3064.435546875,
      3064.435546875,
      3064.435546875,
      3064.435546875,
      3064.435546875,
      3064.435546875,
      3064.435546875,
      3064.435546875,
      3064.435546875,
      3064.435546875,
      3064.435546875,
      3064.435546875,
      3064.435546875,
      3064.435546875,
      3064.435546875,
      3064.435546875,
      3064.435546875,
      3064.435546875,
      3064.435546875,
      3064.435546875,
      6956.9609375
    ]
  }
}