{
  "model": {
    "model_name": "OPT-350",
    "num_layers": 26,
    "parameters": {
      "total_parameters_bytes": 212496384,
      "parameters_per_layer_bytes": [
        34603008,
        6319616,
        6319616,
        6319616,
        6319616,
        6319616,
        6319616,
        6319616,
        6319616,
        6319616,
        6319616,
        6319616,
        6319616,
        6319616,
        6319616,
        6319616,
        6319616,
        6319616,
        6319616,
        6319616,
        6319616,
        6319616,
        6319616,
        6319616,
        6319616,
        26222592
      ],
      "activation_parameters_bytes": [
        8388608,
        8388608,
        8388608,
        8388608,
        8388608,
        8388608,
        8388608,
        8388608,
        8388608,
        8388608,
        8388608,
        8388608,
        8388608,
        8388608,
        8388608,
        8388608,
        8388608,
        8388608,
        8388608,
        8388608,
        8388608,
        8388608,
        8388608,
        8388608,
        8388608,
        52428804
      ]
    }
  },
  "execution_time": {
    "total_time_ms": 431.0520000000002,
    "forward_backward_time_ms": 395.9260000000002,
    "batch_generator_time_ms": 0.0,
    "optimizer_time_ms": 35.12599999999998,
    "layer_compute_total_ms": [
      3.787,
      15.765,
      15.934000000000001,
      15.934000000000001,
      15.934000000000001,
      15.934000000000001,
      15.934000000000001,
      15.934000000000001,
      15.934000000000001,
      15.934000000000001,
      15.934000000000001,
      15.934000000000001,
      15.934000000000001,
      15.934000000000001,
      15.934000000000001,
      15.934000000000001,
      15.934000000000001,
      15.934000000000001,
      15.934000000000001,
      15.934000000000001,
      15.934000000000001,
      15.934000000000001,
      15.934000000000001,
      15.934000000000001,
      15.934000000000001,
      9.892
    ]
  },
  "execution_memory": {
    "layer_memory_total_mb": [
      173.017578125,
      94.14990234375,
      94.14990234375,
      94.14990234375,
      94.14990234375,
      94.14990234375,
      94.14990234375,
      94.14990234375,
      94.14990234375,
      94.14990234375,
      94.14990234375,
      94.14990234375,
      94.14990234375,
      94.14990234375,
      94.14990234375,
      94.14990234375,
      94.14990234375,
      94.14990234375,
      94.14990234375,
      94.14990234375,
      94.14990234375,
      94.14990234375,
      94.14990234375,
      94.14990234375,
      94.14990234375,
      233.0654296875
    ]
  }
}