{
  "model": {
    "model_name": "OPT-350",
    "num_layers": 26,
    "parameters": {
      "total_parameters_bytes": 819879936,
      "parameters_per_layer_bytes": [
        111673344,
        25204736,
        25204736,
        25204736,
        25204736,
        25204736,
        25204736,
        25204736,
        25204736,
        25204736,
        25204736,
        25204736,
        25204736,
        25204736,
        25204736,
        25204736,
        25204736,
        25204736,
        25204736,
        25204736,
        25204736,
        25204736,
        25204736,
        25204736,
        25204736,
        103292928
      ],
      "activation_parameters_bytes": [
        8388608,
        8388608,
        8388608,
        8388608,
        8388608,
        8388608,
        8388608,
        8388608,
        8388608,
        8388608,
        8388608,
        8388608,
        8388608,
        8388608,
        8388608,
        8388608,
        8388608,
        8388608,
        8388608,
        8388608,
        8388608,
        8388608,
        8388608,
        8388608,
        8388608,
        206569476
      ]
    }
  },
  "execution_time": {
    "total_time_ms": 685.0979999999998,
    "forward_backward_time_ms": 573.87,
    "batch_generator_time_ms": 0.0,
    "optimizer_time_ms": 111.22800000000005,
    "layer_compute_total_ms": [
      2.518,
      22.63,
      22.734,
      22.734,
      22.734,
      22.734,
      22.734,
      22.734,
      22.734,
      22.734,
      22.734,
      22.734,
      22.734,
      22.734,
      22.734,
      22.734,
      22.734,
      22.734,
      22.734,
      22.734,
      22.734,
      22.734,
      22.734,
      22.734,
      22.734,
      25.840000000000003
    ]
  },
  "execution_memory": {
    "layer_memory_total_mb": [
      540.517578125,
      304.201171875,
      304.201171875,
      304.201171875,
      304.201171875,
      304.201171875,
      304.201171875,
      304.201171875,
      304.201171875,
      304.201171875,
      304.201171875,
      304.201171875,
      304.201171875,
      304.201171875,
      304.201171875,
      304.201171875,
      304.201171875,
      304.201171875,
      304.201171875,
      304.201171875,
      304.201171875,
      304.201171875,
      304.201171875,
      304.201171875,
      304.201171875,
      896.5654296875
    ]
  }
}