{
  "model": {
    "model_name": "OPT-350",
    "num_layers": 26,
    "parameters": {
      "total_parameters_bytes": 212496384,
      "parameters_per_layer_bytes": [
        34603008,
        6319616,
        6319616,
        6319616,
        6319616,
        6319616,
        6319616,
        6319616,
        6319616,
        6319616,
        6319616,
        6319616,
        6319616,
        6319616,
        6319616,
        6319616,
        6319616,
        6319616,
        6319616,
        6319616,
        6319616,
        6319616,
        6319616,
        6319616,
        6319616,
        26222592
      ],
      "activation_parameters_bytes": [
        134217728,
        134217728,
        134217728,
        134217728,
        134217728,
        134217728,
        134217728,
        134217728,
        134217728,
        134217728,
        134217728,
        134217728,
        134217728,
        134217728,
        134217728,
        134217728,
        134217728,
        134217728,
        134217728,
        134217728,
        134217728,
        134217728,
        134217728,
        134217728,
        134217728,
        838860864
      ]
    }
  },
  "execution_time": {
    "total_time_ms": 6076.53,
    "forward_backward_time_ms": 6041.378000000002,
    "batch_generator_time_ms": 0.0,
    "optimizer_time_ms": 35.151999999999994,
    "layer_compute_total_ms": [
      50.018,
      242.046,
      243.233,
      243.233,
      243.233,
      243.233,
      243.233,
      243.233,
      243.233,
      243.233,
      243.233,
      243.233,
      243.233,
      243.233,
      243.233,
      243.233,
      243.233,
      243.233,
      243.233,
      243.233,
      243.233,
      243.233,
      243.233,
      243.233,
      243.233,
      154.95499999999998
    ]
  },
  "execution_memory": {
    "layer_memory_total_mb": [
      293.28125,
      1054.38427734375,
      1054.38427734375,
      1054.38427734375,
      1054.38427734375,
      1054.38427734375,
      1054.38427734375,
      1054.38427734375,
      1054.38427734375,
      1054.38427734375,
      1054.38427734375,
      1054.38427734375,
      1054.38427734375,
      1054.38427734375,
      1054.38427734375,
      1054.38427734375,
      1054.38427734375,
      1054.38427734375,
      1054.38427734375,
      1054.38427734375,
      1054.38427734375,
      1054.38427734375,
      1054.38427734375,
      1054.38427734375,
      1054.38427734375,
      1853.4609375
    ]
  }
}