{
  "model": {
    "model_name": "OPT-350",
    "num_layers": 26,
    "parameters": {
      "total_parameters_bytes": 1629724672,
      "parameters_per_layer_bytes": [
        214433792,
        50384896,
        50384896,
        50384896,
        50384896,
        50384896,
        50384896,
        50384896,
        50384896,
        50384896,
        50384896,
        50384896,
        50384896,
        50384896,
        50384896,
        50384896,
        50384896,
        50384896,
        50384896,
        50384896,
        50384896,
        50384896,
        50384896,
        50384896,
        50384896,
        206053376
      ],
      "activation_parameters_bytes": [
        16777216,
        16777216,
        16777216,
        16777216,
        16777216,
        16777216,
        16777216,
        16777216,
        16777216,
        16777216,
        16777216,
        16777216,
        16777216,
        16777216,
        16777216,
        16777216,
        16777216,
        16777216,
        16777216,
        16777216,
        16777216,
        16777216,
        16777216,
        16777216,
        16777216,
        824180744
      ]
    }
  },
  "execution_time": {
    "total_time_ms": 1645.0699999999995,
    "forward_backward_time_ms": 1434.0799999999997,
    "batch_generator_time_ms": 0.0,
    "optimizer_time_ms": 210.99000000000007,
    "layer_compute_total_ms": [
      0.298,
      55.087,
      55.61,
      55.61,
      55.61,
      55.61,
      55.61,
      55.61,
      55.61,
      55.61,
      55.61,
      55.61,
      55.61,
      55.61,
      55.61,
      55.61,
      55.61,
      55.61,
      55.61,
      55.61,
      55.61,
      55.61,
      55.61,
      55.61,
      55.61,
      99.66499999999999
    ]
  },
  "execution_memory": {
    "layer_memory_total_mb": [
      1038.5,
      928.28515625,
      928.28515625,
      928.28515625,
      928.28515625,
      928.28515625,
      928.28515625,
      928.28515625,
      928.28515625,
      928.28515625,
      928.28515625,
      928.28515625,
      928.28515625,
      928.28515625,
      928.28515625,
      928.28515625,
      928.28515625,
      928.28515625,
      928.28515625,
      928.28515625,
      928.28515625,
      928.28515625,
      928.28515625,
      928.28515625,
      928.28515625,
      2574.591796875
    ]
  }
}