{
  "model": {
    "model_name": "OPT-350",
    "num_layers": 26,
    "parameters": {
      "total_parameters_bytes": 212496384,
      "parameters_per_layer_bytes": [
        34603008,
        6319616,
        6319616,
        6319616,
        6319616,
        6319616,
        6319616,
        6319616,
        6319616,
        6319616,
        6319616,
        6319616,
        6319616,
        6319616,
        6319616,
        6319616,
        6319616,
        6319616,
        6319616,
        6319616,
        6319616,
        6319616,
        6319616,
        6319616,
        6319616,
        26222592
      ],
      "activation_parameters_bytes": [
        16777216,
        16777216,
        16777216,
        16777216,
        16777216,
        16777216,
        16777216,
        16777216,
        16777216,
        16777216,
        16777216,
        16777216,
        16777216,
        16777216,
        16777216,
        16777216,
        16777216,
        16777216,
        16777216,
        16777216,
        16777216,
        16777216,
        16777216,
        16777216,
        16777216,
        104857608
      ]
    }
  },
  "execution_time": {
    "total_time_ms": 813.6979999999998,
    "forward_backward_time_ms": 776.1799999999997,
    "batch_generator_time_ms": 0.0,
    "optimizer_time_ms": 37.51800000000001,
    "layer_compute_total_ms": [
      6.497,
      31.060000000000002,
      31.299,
      31.299,
      31.299,
      31.299,
      31.299,
      31.299,
      31.299,
      31.299,
      31.299,
      31.299,
      31.299,
      31.299,
      31.299,
      31.299,
      31.299,
      31.299,
      31.299,
      31.299,
      31.299,
      31.299,
      31.299,
      31.299,
      31.299,
      18.746
    ]
  },
  "execution_memory": {
    "layer_memory_total_mb": [
      181.03515625,
      158.16552734375,
      158.16552734375,
      158.16552734375,
      158.16552734375,
      158.16552734375,
      158.16552734375,
      158.16552734375,
      158.16552734375,
      158.16552734375,
      158.16552734375,
      158.16552734375,
      158.16552734375,
      158.16552734375,
      158.16552734375,
      158.16552734375,
      158.16552734375,
      158.16552734375,
      158.16552734375,
      158.16552734375,
      158.16552734375,
      158.16552734375,
      158.16552734375,
      158.16552734375,
      158.16552734375,
      341.091796875
    ]
  }
}