{
  "model": {
    "model_name": "OPT-350",
    "num_layers": 26,
    "parameters": {
      "total_parameters_bytes": 414957568,
      "parameters_per_layer_bytes": [
        60293120,
        12614656,
        12614656,
        12614656,
        12614656,
        12614656,
        12614656,
        12614656,
        12614656,
        12614656,
        12614656,
        12614656,
        12614656,
        12614656,
        12614656,
        12614656,
        12614656,
        12614656,
        12614656,
        12614656,
        12614656,
        12614656,
        12614656,
        12614656,
        12614656,
        51912704
      ],
      "activation_parameters_bytes": [
        16777216,
        16777216,
        16777216,
        16777216,
        16777216,
        16777216,
        16777216,
        16777216,
        16777216,
        16777216,
        16777216,
        16777216,
        16777216,
        16777216,
        16777216,
        16777216,
        16777216,
        16777216,
        16777216,
        16777216,
        16777216,
        16777216,
        16777216,
        16777216,
        16777216,
        207618056
      ]
    }
  },
  "execution_time": {
    "total_time_ms": 951.1309999999995,
    "forward_backward_time_ms": 893.6449999999995,
    "batch_generator_time_ms": 0.0,
    "optimizer_time_ms": 57.485999999999976,
    "layer_compute_total_ms": [
      7.226,
      35.451,
      35.714,
      35.714,
      35.714,
      35.714,
      35.714,
      35.714,
      35.714,
      35.714,
      35.714,
      35.714,
      35.714,
      35.714,
      35.714,
      35.714,
      35.714,
      35.714,
      35.714,
      35.714,
      35.714,
      35.714,
      35.714,
      35.714,
      35.714,
      29.546
    ]
  },
  "execution_memory": {
    "layer_memory_total_mb": [
      303.53515625,
      269.1826171875,
      268.1826171875,
      268.1826171875,
      268.1826171875,
      268.1826171875,
      268.1826171875,
      268.1826171875,
      268.1826171875,
      268.1826171875,
      268.1826171875,
      268.1826171875,
      268.1826171875,
      268.1826171875,
      268.1826171875,
      268.1826171875,
      268.1826171875,
      268.1826171875,
      268.1826171875,
      268.1826171875,
      268.1826171875,
      268.1826171875,
      268.1826171875,
      268.1826171875,
      268.1826171875,
      663.591796875
    ]
  }
}