{
  "model": {
    "model_name": "OPT-350",
    "num_layers": 26,
    "parameters": {
      "total_parameters_bytes": 414957568,
      "parameters_per_layer_bytes": [
        60293120,
        12614656,
        12614656,
        12614656,
        12614656,
        12614656,
        12614656,
        12614656,
        12614656,
        12614656,
        12614656,
        12614656,
        12614656,
        12614656,
        12614656,
        12614656,
        12614656,
        12614656,
        12614656,
        12614656,
        12614656,
        12614656,
        12614656,
        12614656,
        12614656,
        51912704
      ],
      "activation_parameters_bytes": [
        268435456,
        268435456,
        268435456,
        268435456,
        268435456,
        268435456,
        268435456,
        268435456,
        268435456,
        268435456,
        268435456,
        268435456,
        268435456,
        268435456,
        268435456,
        268435456,
        268435456,
        268435456,
        268435456,
        268435456,
        268435456,
        268435456,
        268435456,
        268435456,
        268435456,
        3321888896
      ]
    }
  },
  "execution_time": {
    "total_time_ms": 14193.116000000005,
    "forward_backward_time_ms": 14129.831999999995,
    "batch_generator_time_ms": 0.0,
    "optimizer_time_ms": 63.28399999999998,
    "layer_compute_total_ms": [
      89.93599999999999,
      560.715,
      563.934,
      563.934,
      563.934,
      563.934,
      563.934,
      563.934,
      563.934,
      563.934,
      563.934,
      563.934,
      563.934,
      563.934,
      563.934,
      563.934,
      563.934,
      563.934,
      563.934,
      563.934,
      563.934,
      563.934,
      563.934,
      563.934,
      563.934,
      508.69899999999996
    ]
  },
  "execution_memory": {
    "layer_memory_total_mb": [
      544.0625,
      3404.6513671875,
      3388.6513671875,
      3388.6513671875,
      3388.6513671875,
      3388.6513671875,
      3388.6513671875,
      3388.6513671875,
      3388.6513671875,
      3388.6513671875,
      3388.6513671875,
      3388.6513671875,
      3388.6513671875,
      3388.6513671875,
      3388.6513671875,
      3388.6513671875,
      3388.6513671875,
      3388.6513671875,
      3388.6513671875,
      3388.6513671875,
      3388.6513671875,
      3388.6513671875,
      3388.6513671875,
      3388.6513671875,
      3388.6513671875,
      6904.3828125
    ]
  }
}