{
  "model": {
    "model_name": "OPT-350",
    "num_layers": 26,
    "parameters": {
      "total_parameters_bytes": 212496384,
      "parameters_per_layer_bytes": [
        34603008,
        6319616,
        6319616,
        6319616,
        6319616,
        6319616,
        6319616,
        6319616,
        6319616,
        6319616,
        6319616,
        6319616,
        6319616,
        6319616,
        6319616,
        6319616,
        6319616,
        6319616,
        6319616,
        6319616,
        6319616,
        6319616,
        6319616,
        6319616,
        6319616,
        26222592
      ],
      "activation_parameters_bytes": [
        268435456,
        268435456,
        268435456,
        268435456,
        268435456,
        268435456,
        268435456,
        268435456,
        268435456,
        268435456,
        268435456,
        268435456,
        268435456,
        268435456,
        268435456,
        268435456,
        268435456,
        268435456,
        268435456,
        268435456,
        268435456,
        268435456,
        268435456,
        268435456,
        268435456,
        1677721728
      ]
    }
  },
  "execution_time": {
    "total_time_ms": 12197.177999999998,
    "forward_backward_time_ms": 12159.400000000005,
    "batch_generator_time_ms": 0.0,
    "optimizer_time_ms": 37.778,
    "layer_compute_total_ms": [
      99.237,
      485.517,
      488.44800000000004,
      488.44800000000004,
      488.44800000000004,
      488.44800000000004,
      488.44800000000004,
      488.44800000000004,
      488.44800000000004,
      488.44800000000004,
      488.44800000000004,
      488.44800000000004,
      488.44800000000004,
      488.44800000000004,
      488.44800000000004,
      488.44800000000004,
      488.44800000000004,
      488.44800000000004,
      488.44800000000004,
      488.44800000000004,
      488.44800000000004,
      488.44800000000004,
      488.44800000000004,
      488.44800000000004,
      488.44800000000004,
      340.342
    ]
  },
  "execution_memory": {
    "layer_memory_total_mb": [
      421.5625,
      2078.63427734375,
      2078.63427734375,
      2078.63427734375,
      2078.63427734375,
      2078.63427734375,
      2078.63427734375,
      2078.63427734375,
      2078.63427734375,
      2078.63427734375,
      2078.63427734375,
      2078.63427734375,
      2078.63427734375,
      2078.63427734375,
      2078.63427734375,
      2078.63427734375,
      2078.63427734375,
      2078.63427734375,
      2078.63427734375,
      2078.63427734375,
      2078.63427734375,
      2078.63427734375,
      2078.63427734375,
      2078.63427734375,
      2078.63427734375,
      3581.8828125
    ]
  }
}