{
  "model": {
    "model_name": "OPT-350",
    "num_layers": 26,
    "parameters": {
      "total_parameters_bytes": 414957568,
      "parameters_per_layer_bytes": [
        60293120,
        12614656,
        12614656,
        12614656,
        12614656,
        12614656,
        12614656,
        12614656,
        12614656,
        12614656,
        12614656,
        12614656,
        12614656,
        12614656,
        12614656,
        12614656,
        12614656,
        12614656,
        12614656,
        12614656,
        12614656,
        12614656,
        12614656,
        12614656,
        12614656,
        51912704
      ],
      "activation_parameters_bytes": [
        33554432,
        33554432,
        33554432,
        33554432,
        33554432,
        33554432,
        33554432,
        33554432,
        33554432,
        33554432,
        33554432,
        33554432,
        33554432,
        33554432,
        33554432,
        33554432,
        33554432,
        33554432,
        33554432,
        33554432,
        33554432,
        33554432,
        33554432,
        33554432,
        33554432,
        415236112
      ]
    }
  },
  "execution_time": {
    "total_time_ms": 1854.7810000000002,
    "forward_backward_time_ms": 1793.707000000001,
    "batch_generator_time_ms": 0.0,
    "optimizer_time_ms": 61.073999999999955,
    "layer_compute_total_ms": [
      11.557,
      70.74600000000001,
      71.882,
      71.882,
      71.882,
      71.882,
      71.882,
      71.882,
      71.882,
      71.882,
      71.882,
      71.882,
      71.882,
      71.882,
      71.882,
      71.882,
      71.882,
      71.882,
      71.882,
      71.882,
      71.882,
      71.882,
      71.882,
      71.882,
      71.882,
      58.117999999999995
    ]
  },
  "execution_memory": {
    "layer_memory_total_mb": [
      319.5703125,
      478.2138671875,
      476.2138671875,
      476.2138671875,
      476.2138671875,
      476.2138671875,
      476.2138671875,
      476.2138671875,
      476.2138671875,
      476.2138671875,
      476.2138671875,
      476.2138671875,
      476.2138671875,
      476.2138671875,
      476.2138671875,
      476.2138671875,
      476.2138671875,
      476.2138671875,
      476.2138671875,
      476.2138671875,
      476.2138671875,
      476.2138671875,
      476.2138671875,
      476.2138671875,
      476.2138671875,
      1079.64453125
    ]
  }
}