{
  "model": {
    "model_name": "OPT-350",
    "num_layers": 26,
    "parameters": {
      "total_parameters_bytes": 1629724672,
      "parameters_per_layer_bytes": [
        214433792,
        50384896,
        50384896,
        50384896,
        50384896,
        50384896,
        50384896,
        50384896,
        50384896,
        50384896,
        50384896,
        50384896,
        50384896,
        50384896,
        50384896,
        50384896,
        50384896,
        50384896,
        50384896,
        50384896,
        50384896,
        50384896,
        50384896,
        50384896,
        50384896,
        206053376
      ],
      "activation_parameters_bytes": [
        33554432,
        33554432,
        33554432,
        33554432,
        33554432,
        33554432,
        33554432,
        33554432,
        33554432,
        33554432,
        33554432,
        33554432,
        33554432,
        33554432,
        33554432,
        33554432,
        33554432,
        33554432,
        33554432,
        33554432,
        33554432,
        33554432,
        33554432,
        33554432,
        33554432,
        1648361488
      ]
    }
  },
  "execution_time": {
    "total_time_ms": 3079.3529999999982,
    "forward_backward_time_ms": 2869.038999999999,
    "batch_generator_time_ms": 0.0,
    "optimizer_time_ms": 210.314,
    "layer_compute_total_ms": [
      0.49,
      108.759,
      111.06,
      111.06,
      111.06,
      111.06,
      111.06,
      111.06,
      111.06,
      111.06,
      111.06,
      111.06,
      111.06,
      111.06,
      111.06,
      111.06,
      111.06,
      111.06,
      111.06,
      111.06,
      111.06,
      111.06,
      111.06,
      111.06,
      111.06,
      205.41000000000003
    ]
  },
  "execution_memory": {
    "layer_memory_total_mb": [
      1054.5,
      1616.31640625,
      1616.31640625,
      1616.31640625,
      1616.31640625,
      1616.31640625,
      1616.31640625,
      1616.31640625,
      1616.31640625,
      1616.31640625,
      1616.31640625,
      1616.31640625,
      1616.31640625,
      1616.31640625,
      1616.31640625,
      1616.31640625,
      1616.31640625,
      1616.31640625,
      1616.31640625,
      1616.31640625,
      1616.31640625,
      1616.31640625,
      1616.31640625,
      1616.31640625,
      1616.31640625,
      4166.64453125
    ]
  }
}