{
  "model": {
    "model_name": "OPT-350",
    "num_layers": 26,
    "parameters": {
      "total_parameters_bytes": 819879936,
      "parameters_per_layer_bytes": [
        111673344,
        25204736,
        25204736,
        25204736,
        25204736,
        25204736,
        25204736,
        25204736,
        25204736,
        25204736,
        25204736,
        25204736,
        25204736,
        25204736,
        25204736,
        25204736,
        25204736,
        25204736,
        25204736,
        25204736,
        25204736,
        25204736,
        25204736,
        25204736,
        25204736,
        103292928
      ],
      "activation_parameters_bytes": [
        33554432,
        33554432,
        33554432,
        33554432,
        33554432,
        33554432,
        33554432,
        33554432,
        33554432,
        33554432,
        33554432,
        33554432,
        33554432,
        33554432,
        33554432,
        33554432,
        33554432,
        33554432,
        33554432,
        33554432,
        33554432,
        33554432,
        33554432,
        33554432,
        33554432,
        826277904
      ]
    }
  },
  "execution_time": {
    "total_time_ms": 2419.1409999999987,
    "forward_backward_time_ms": 2310.0709999999995,
    "batch_generator_time_ms": 0.0,
    "optimizer_time_ms": 109.06999999999994,
    "layer_compute_total_ms": [
      9.439,
      89.805,
      91.512,
      91.512,
      91.512,
      91.512,
      91.512,
      91.512,
      91.512,
      91.512,
      91.512,
      91.512,
      91.512,
      91.512,
      91.512,
      91.512,
      91.512,
      91.512,
      91.512,
      91.512,
      91.512,
      91.512,
      91.512,
      91.512,
      91.512,
      106.05099999999999
    ]
  },
  "execution_memory": {
    "layer_memory_total_mb": [
      564.5703125,
      856.248046875,
      856.248046875,
      856.248046875,
      856.248046875,
      856.248046875,
      856.248046875,
      856.248046875,
      856.248046875,
      856.248046875,
      856.248046875,
      856.248046875,
      856.248046875,
      856.248046875,
      856.248046875,
      856.248046875,
      856.248046875,
      856.248046875,
      856.248046875,
      856.248046875,
      856.248046875,
      856.248046875,
      856.248046875,
      856.248046875,
      856.248046875,
      2108.64453125
    ]
  }
}