{
  "model": {
    "model_name": "OPT-350",
    "num_layers": 26,
    "parameters": {
      "total_parameters_bytes": 212496384,
      "parameters_per_layer_bytes": [
        34603008,
        6319616,
        6319616,
        6319616,
        6319616,
        6319616,
        6319616,
        6319616,
        6319616,
        6319616,
        6319616,
        6319616,
        6319616,
        6319616,
        6319616,
        6319616,
        6319616,
        6319616,
        6319616,
        6319616,
        6319616,
        6319616,
        6319616,
        6319616,
        6319616,
        26222592
      ],
      "activation_parameters_bytes": [
        536870912,
        536870912,
        536870912,
        536870912,
        536870912,
        536870912,
        536870912,
        536870912,
        536870912,
        536870912,
        536870912,
        536870912,
        536870912,
        536870912,
        536870912,
        536870912,
        536870912,
        536870912,
        536870912,
        536870912,
        536870912,
        536870912,
        536870912,
        536870912,
        536870912,
        3355443456
      ]
    }
  },
  "execution_time": {
    "total_time_ms": 25052.54899999999,
    "forward_backward_time_ms": 25017.86500000001,
    "batch_generator_time_ms": 0.0,
    "optimizer_time_ms": 34.684000000000005,
    "layer_compute_total_ms": [
      192.67300000000003,
      991.821,
      1001.752,
      1001.752,
      1001.752,
      1001.752,
      1001.752,
      1001.752,
      1001.752,
      1001.752,
      1001.752,
      1001.752,
      1001.752,
      1001.752,
      1001.752,
      1001.752,
      1001.752,
      1001.752,
      1001.752,
      1001.752,
      1001.752,
      1001.752,
      1001.752,
      1001.752,
      1001.752,
      793.0749999999999
    ]
  },
  "execution_memory": {
    "layer_memory_total_mb": [
      678.125,
      4127.13427734375,
      4127.13427734375,
      4127.13427734375,
      4127.13427734375,
      4127.13427734375,
      4127.13427734375,
      4127.13427734375,
      4127.13427734375,
      4127.13427734375,
      4127.13427734375,
      4127.13427734375,
      4127.13427734375,
      4127.13427734375,
      4127.13427734375,
      4127.13427734375,
      4127.13427734375,
      4127.13427734375,
      4127.13427734375,
      4127.13427734375,
      4127.13427734375,
      4127.13427734375,
      4127.13427734375,
      4127.13427734375,
      4127.13427734375,
      7038.7265625
    ]
  }
}