{
  "model": {
    "model_name": "OPT-350",
    "num_layers": 26,
    "parameters": {
      "total_parameters_bytes": 212496384,
      "parameters_per_layer_bytes": [
        34603008,
        6319616,
        6319616,
        6319616,
        6319616,
        6319616,
        6319616,
        6319616,
        6319616,
        6319616,
        6319616,
        6319616,
        6319616,
        6319616,
        6319616,
        6319616,
        6319616,
        6319616,
        6319616,
        6319616,
        6319616,
        6319616,
        6319616,
        6319616,
        6319616,
        26222592
      ],
      "activation_parameters_bytes": [
        67108864,
        67108864,
        67108864,
        67108864,
        67108864,
        67108864,
        67108864,
        67108864,
        67108864,
        67108864,
        67108864,
        67108864,
        67108864,
        67108864,
        67108864,
        67108864,
        67108864,
        67108864,
        67108864,
        67108864,
        67108864,
        67108864,
        67108864,
        67108864,
        67108864,
        419430432
      ]
    }
  },
  "execution_time": {
    "total_time_ms": 3078.522000000001,
    "forward_backward_time_ms": 3042.3819999999996,
    "batch_generator_time_ms": 0.0,
    "optimizer_time_ms": 36.14000000000001,
    "layer_compute_total_ms": [
      27.184,
      121.46700000000001,
      122.613,
      122.613,
      122.613,
      122.613,
      122.613,
      122.613,
      122.613,
      122.613,
      122.613,
      122.613,
      122.613,
      122.613,
      122.613,
      122.613,
      122.613,
      122.613,
      122.613,
      122.613,
      122.613,
      122.613,
      122.613,
      122.613,
      122.613,
      73.632
    ]
  },
  "execution_memory": {
    "layer_memory_total_mb": [
      229.140625,
      542.25927734375,
      542.25927734375,
      542.25927734375,
      542.25927734375,
      542.25927734375,
      542.25927734375,
      542.25927734375,
      542.25927734375,
      542.25927734375,
      542.25927734375,
      542.25927734375,
      542.25927734375,
      542.25927734375,
      542.25927734375,
      542.25927734375,
      542.25927734375,
      542.25927734375,
      542.25927734375,
      542.25927734375,
      542.25927734375,
      542.25927734375,
      542.25927734375,
      542.25927734375,
      542.25927734375,
      989.25
    ]
  }
}