{
  "model": {
    "model_name": "OPT-350",
    "num_layers": 26,
    "parameters": {
      "total_parameters_bytes": 1629724672,
      "parameters_per_layer_bytes": [
        214433792,
        50384896,
        50384896,
        50384896,
        50384896,
        50384896,
        50384896,
        50384896,
        50384896,
        50384896,
        50384896,
        50384896,
        50384896,
        50384896,
        50384896,
        50384896,
        50384896,
        50384896,
        50384896,
        50384896,
        50384896,
        50384896,
        50384896,
        50384896,
        50384896,
        206053376
      ],
      "activation_parameters_bytes": [
        67108864,
        67108864,
        67108864,
        67108864,
        67108864,
        67108864,
        67108864,
        67108864,
        67108864,
        67108864,
        67108864,
        67108864,
        67108864,
        67108864,
        67108864,
        67108864,
        67108864,
        67108864,
        67108864,
        67108864,
        67108864,
        67108864,
        67108864,
        67108864,
        67108864,
        3296722976
      ]
    }
  },
  "execution_time": {
    "total_time_ms": 5952.749999999998,
    "forward_backward_time_ms": 5739.6539999999995,
    "batch_generator_time_ms": 0.0,
    "optimizer_time_ms": 213.09599999999998,
    "layer_compute_total_ms": [
      0.9239999999999999,
      221.405,
      222.168,
      222.168,
      222.168,
      222.168,
      222.168,
      222.168,
      222.168,
      222.168,
      222.168,
      222.168,
      222.168,
      222.168,
      222.168,
      222.168,
      222.168,
      222.168,
      222.168,
      222.168,
      222.168,
      222.168,
      222.168,
      222.168,
      222.168,
      407.461
    ]
  },
  "execution_memory": {
    "layer_memory_total_mb": [
      1086.5,
      2992.37890625,
      2992.37890625,
      2992.37890625,
      2992.37890625,
      2992.37890625,
      2992.37890625,
      2992.37890625,
      2992.37890625,
      2992.37890625,
      2992.37890625,
      2992.37890625,
      2992.37890625,
      2992.37890625,
      2992.37890625,
      2992.37890625,
      2992.37890625,
      2992.37890625,
      2992.37890625,
      2992.37890625,
      2992.37890625,
      2992.37890625,
      2992.37890625,
      2992.37890625,
      2992.37890625,
      7350.75
    ]
  }
}