{
  "model": {
    "model_name": "OPT-350",
    "num_layers": 26,
    "parameters": {
      "total_parameters_bytes": 414957568,
      "parameters_per_layer_bytes": [
        60293120,
        12614656,
        12614656,
        12614656,
        12614656,
        12614656,
        12614656,
        12614656,
        12614656,
        12614656,
        12614656,
        12614656,
        12614656,
        12614656,
        12614656,
        12614656,
        12614656,
        12614656,
        12614656,
        12614656,
        12614656,
        12614656,
        12614656,
        12614656,
        12614656,
        51912704
      ],
      "activation_parameters_bytes": [
        67108864,
        67108864,
        67108864,
        67108864,
        67108864,
        67108864,
        67108864,
        67108864,
        67108864,
        67108864,
        67108864,
        67108864,
        67108864,
        67108864,
        67108864,
        67108864,
        67108864,
        67108864,
        67108864,
        67108864,
        67108864,
        67108864,
        67108864,
        67108864,
        67108864,
        830472224
      ]
    }
  },
  "execution_time": {
    "total_time_ms": 3601.1329999999994,
    "forward_backward_time_ms": 3539.7470000000017,
    "batch_generator_time_ms": 0.0,
    "optimizer_time_ms": 61.38599999999997,
    "layer_compute_total_ms": [
      22.805,
      140.15800000000002,
      141.563,
      141.563,
      141.563,
      141.563,
      141.563,
      141.563,
      141.563,
      141.563,
      141.563,
      141.563,
      141.563,
      141.563,
      141.563,
      141.563,
      141.563,
      141.563,
      141.563,
      141.563,
      141.563,
      141.563,
      141.563,
      141.563,
      141.563,
      120.83500000000001
    ]
  },
  "execution_memory": {
    "layer_memory_total_mb": [
      351.640625,
      896.2763671875,
      892.2763671875,
      892.2763671875,
      892.2763671875,
      892.2763671875,
      892.2763671875,
      892.2763671875,
      892.2763671875,
      892.2763671875,
      892.2763671875,
      892.2763671875,
      892.2763671875,
      892.2763671875,
      892.2763671875,
      892.2763671875,
      892.2763671875,
      892.2763671875,
      892.2763671875,
      892.2763671875,
      892.2763671875,
      892.2763671875,
      892.2763671875,
      892.2763671875,
      892.2763671875,
      1911.75
    ]
  }
}