{
  "allreduce_size_2_consec_0": 5.553441868174815,
  "allreduce_size_2_consec_1": 128.97498353658426,
  "p2p_size_2": 5.617553846984486,
  "overlap_coe": 1.227,
  "allreduce_size_3_consec_0": 4.113200696369832,
  "allreduce_size_3_consec_1": 86.8757055583851,
  "p2p_size_3": 5.617553846984486,
  "allreduce_size_4_consec_0": 3.6140066745474124,
  "allreduce_size_4_consec_1": 71.21545551813168,
  "p2p_size_4": 5.617553846984486,
  "allreduce_size_5_consec_0": 3.3523994844779934,
  "allreduce_size_5_consec_1": 3.3523994844779934,
  "p2p_size_5": 5.617553846984486,
  "allreduce_size_6_consec_0": 3.187122703433376,
  "allreduce_size_6_consec_1": 3.187122703433376,
  "p2p_size_6": 5.617553846984486,
  "allreduce_size_7_consec_0": 3.070809646018731,
  "allreduce_size_7_consec_1": 3.070809646018731,
  "p2p_size_7": 5.617553846984486,
  "allreduce_size_8_consec_0": 2.9830047302419396,
  "allreduce_size_8_consec_1": 2.9830047302419396,
  "p2p_size_8": 5.617553846984486,
  "allreduce_size_9_consec_0": 2.9133869401379298,
  "allreduce_size_9_consec_1": 2.9133869401379298,
  "p2p_size_9": 5.617553846984486,
  "allreduce_size_10_consec_0": 2.856162974025767,
  "allreduce_size_10_consec_1": 2.856162974025767,
  "p2p_size_10": 5.617553846984486,
  "allreduce_size_11_consec_0": 2.8078171200392004,
  "allreduce_size_11_consec_1": 2.8078171200392004,
  "p2p_size_11": 5.617553846984486,
  "allreduce_size_12_consec_0": 2.7660844756767924,
  "allreduce_size_12_consec_1": 2.7660844756767924,
  "p2p_size_12": 5.617553846984486,
  "allreduce_size_13_consec_0": 2.7294352618458704,
  "allreduce_size_13_consec_1": 2.7294352618458704,
  "p2p_size_13": 5.617553846984486,
  "allreduce_size_14_consec_0": 2.696795760697993,
  "allreduce_size_14_consec_1": 2.696795760697993,
  "p2p_size_14": 5.617553846984486,
  "allreduce_size_15_consec_0": 2.667387980714701,
  "allreduce_size_15_consec_1": 2.667387980714701,
  "p2p_size_15": 5.617553846984486,
  "allreduce_size_16_consec_0": 2.6406328887902104,
  "allreduce_size_16_consec_1": 2.6406328887902104,
  "p2p_size_16": 5.617553846984486,
  "allreduce_size_17_consec_0": 2.6160895498809422,
  "allreduce_size_17_consec_1": 2.6160895498809422,
  "p2p_size_17": 5.617553846984486,
  "allreduce_size_18_consec_0": 2.5934154848011324,
  "allreduce_size_18_consec_1": 2.5934154848011324,
  "p2p_size_18": 5.617553846984486,
  "allreduce_size_19_consec_0": 2.5723400574899618,
  "allreduce_size_19_consec_1": 2.5723400574899618,
  "p2p_size_19": 5.617553846984486,
  "allreduce_size_20_consec_0": 2.5526461335704966,
  "allreduce_size_20_consec_1": 2.5526461335704966,
  "p2p_size_20": 5.617553846984486,
  "allreduce_size_21_consec_0": 2.534157144172176,
  "allreduce_size_21_consec_1": 2.534157144172176,
  "p2p_size_21": 5.617553846984486,
  "allreduce_size_22_consec_0": 2.516727773511812,
  "allreduce_size_22_consec_1": 2.516727773511812,
  "p2p_size_22": 5.617553846984486,
  "allreduce_size_23_consec_0": 2.500237131653528,
  "allreduce_size_23_consec_1": 2.500237131653528,
  "p2p_size_23": 5.617553846984486,
  "allreduce_size_24_consec_0": 2.4845836665470884,
  "allreduce_size_24_consec_1": 2.4845836665470884,
  "p2p_size_24": 5.617553846984486,
  "allreduce_size_25_consec_0": 2.4696813157452904,
  "allreduce_size_25_consec_1": 2.4696813157452904,
  "p2p_size_25": 5.617553846984486,
  "allreduce_size_26_consec_0": 2.455456556421732,
  "allreduce_size_26_consec_1": 2.455456556421732,
  "p2p_size_26": 5.617553846984486,
  "allreduce_size_27_consec_0": 2.441846116163486,
  "allreduce_size_27_consec_1": 2.441846116163486,
  "p2p_size_27": 5.617553846984486,
  "allreduce_size_28_consec_0": 2.4287951765270273,
  "allreduce_size_28_consec_1": 2.4287951765270273,
  "p2p_size_28": 5.617553846984486,
  "allreduce_size_29_consec_0": 2.4162559487116924,
  "allreduce_size_29_consec_1": 2.4162559487116924,
  "p2p_size_29": 5.617553846984486,
  "allreduce_size_30_consec_0": 2.4041865335109778,
  "allreduce_size_30_consec_1": 2.4041865335109778,
  "p2p_size_30": 5.617553846984486,
  "allreduce_size_31_consec_0": 2.3925500007672045,
  "allreduce_size_31_consec_1": 2.3925500007672045,
  "p2p_size_31": 5.617553846984486,
  "allreduce_size_32_consec_0": 2.381313639997867,
  "allreduce_size_32_consec_1": 2.381313639997867,
  "p2p_size_32": 5.617553846984486,
  "allreduce_size_33_consec_0": 2.3704483457347996,
  "allreduce_size_33_consec_1": 2.3704483457347996,
  "p2p_size_33": 5.617553846984486,
  "allreduce_size_34_consec_0": 2.3599281097929112,
  "allreduce_size_34_consec_1": 2.3599281097929112,
  "p2p_size_34": 5.617553846984486,
  "allreduce_size_35_consec_0": 2.349729599095094,
  "allreduce_size_35_consec_1": 2.349729599095094,
  "p2p_size_35": 5.617553846984486,
  "allreduce_size_36_consec_0": 2.3398318024648797,
  "allreduce_size_36_consec_1": 2.3398318024648797,
  "p2p_size_36": 5.617553846984486,
  "allreduce_size_37_consec_0": 2.330215733405145,
  "allreduce_size_37_consec_1": 2.330215733405145,
  "p2p_size_37": 5.617553846984486,
  "allreduce_size_38_consec_0": 2.320864178624376,
  "allreduce_size_38_consec_1": 2.320864178624376,
  "p2p_size_38": 5.617553846984486,
  "allreduce_size_39_consec_0": 2.311761484176368,
  "allreduce_size_39_consec_1": 2.311761484176368,
  "p2p_size_39": 5.617553846984486,
  "allreduce_size_40_consec_0": 2.3028933727064005,
  "allreduce_size_40_consec_1": 2.3028933727064005,
  "p2p_size_40": 5.617553846984486,
  "allreduce_size_41_consec_0": 2.2942467865646874,
  "allreduce_size_41_consec_1": 2.2942467865646874,
  "p2p_size_41": 5.617553846984486,
  "allreduce_size_42_consec_0": 2.285809752542694,
  "allreduce_size_42_consec_1": 2.285809752542694,
  "p2p_size_42": 5.617553846984486,
  "allreduce_size_43_consec_0": 2.2775712647737327,
  "allreduce_size_43_consec_1": 2.2775712647737327,
  "p2p_size_43": 5.617553846984486,
  "allreduce_size_44_consec_0": 2.269521182964085,
  "allreduce_size_44_consec_1": 2.269521182964085,
  "p2p_size_44": 5.617553846984486,
  "allreduce_size_45_consec_0": 2.261650143620578,
  "allreduce_size_45_consec_1": 2.261650143620578,
  "p2p_size_45": 5.617553846984486,
  "allreduce_size_46_consec_0": 2.253949482342628,
  "allreduce_size_46_consec_1": 2.253949482342628,
  "p2p_size_46": 5.617553846984486,
  "allreduce_size_47_consec_0": 2.2464111655719248,
  "allreduce_size_47_consec_1": 2.2464111655719248,
  "p2p_size_47": 5.617553846984486,
  "allreduce_size_48_consec_0": 2.2390277304573747,
  "allreduce_size_48_consec_1": 2.2390277304573747,
  "p2p_size_48": 5.617553846984486,
  "allreduce_size_49_consec_0": 2.231792231708978,
  "allreduce_size_49_consec_1": 2.231792231708978,
  "p2p_size_49": 5.617553846984486,
  "allreduce_size_50_consec_0": 2.2246981944917397,
  "allreduce_size_50_consec_1": 2.2246981944917397,
  "p2p_size_50": 5.617553846984486,
  "allreduce_size_51_consec_0": 2.2177395725570213,
  "allreduce_size_51_consec_1": 2.2177395725570213,
  "p2p_size_51": 5.617553846984486,
  "allreduce_size_52_consec_0": 2.2109107109299364,
  "allreduce_size_52_consec_1": 2.2109107109299364,
  "p2p_size_52": 5.617553846984486,
  "allreduce_size_53_consec_0": 2.204206312572238,
  "allreduce_size_53_consec_1": 2.204206312572238,
  "p2p_size_53": 5.617553846984486,
  "allreduce_size_54_consec_0": 2.1976214085242933,
  "allreduce_size_54_consec_1": 2.1976214085242933,
  "p2p_size_54": 5.617553846984486,
  "allreduce_size_55_consec_0": 2.1911513311003623,
  "allreduce_size_55_consec_1": 2.1911513311003623,
  "p2p_size_55": 5.617553846984486,
  "allreduce_size_56_consec_0": 2.1847916897707362,
  "allreduce_size_56_consec_1": 2.1847916897707362,
  "p2p_size_56": 5.617553846984486,
  "allreduce_size_57_consec_0": 2.1785383494144632,
  "allreduce_size_57_consec_1": 2.1785383494144632,
  "p2p_size_57": 5.617553846984486,
  "allreduce_size_58_consec_0": 2.172387410668823,
  "allreduce_size_58_consec_1": 2.172387410668823,
  "p2p_size_58": 5.617553846984486,
  "allreduce_size_59_consec_0": 2.166335192137866,