{
    "1": {
        "FwdE": 0.000350566,
        "BwdE": 3.5328e-06,
        "ActE": 4194304,
        "FwdT": 0.018995,
        "BwdT": 0.0535382,
        "ActT": 4194304,
        "FwdH": 0.0129602,
        "BwdH": 0.0269112,
        "ActH": 237551616,
        "Update": 0.00185
    },
    "2": {
        "FwdE": 0.000350566,
        "BwdE": 3.5328e-06,
        "ActE": 4194304,
        "FwdT": 0.018995,
        "BwdT": 0.0535382,
        "ActT": 4194304,
        "FwdH": 0.0129602,
        "BwdH": 0.0269112,
        "ActH": 237551616,
        "Update": 0.00185
    },
    "4": {
        "FwdE": 0.000350566,
        "BwdE": 3.5328e-06,
        "ActE": 4194304,
        "FwdT": 0.018995,
        "BwdT": 0.0535382,
        "ActT": 4194304,
        "FwdH": 0.0129602,
        "BwdH": 0.0269112,
        "ActH": 237551616,
        "Update": 0.00185
    }
}