{
    "1": {
        "FwdE": 0.000480307,
        "BwdE": 3.0208e-06,
        "ActE": 4194304,
        "FwdT": 0.0251203,
        "BwdT": 0.0707738,
        "ActT": 4194304,
        "FwdH": 0.0168816,
        "BwdH": 0.0331374,
        "ActH": 237551616,
        "Update": 0.00289798
    },
    "2": {
        "FwdE": 0.000572109,
        "BwdE": 3.1744e-06,
        "ActE": 4194304,
        "FwdT": 0.0481327,
        "BwdT": 0.142608,
        "ActT": 4194304,
        "FwdH": 0.0336915,
        "BwdH": 0.0674804,
        "ActH": 237551616,
        "Update": 0.00289798
    }
}