{
  "2": {
    "2": {
      "0": [
        0.005183,
        3e-06,
        0.004744
      ],
      "1": [
        0.0506,
        0.107532,
        0.004744
      ],
      "2": [
        0.055066,
        0.108628,
        0.004744
      ],
      "3": [
        0.055066,
        0.108628,
        0.004744
      ],
      "4": [
        0.055066,
        0.108628,
        0.004744
      ],
      "5": [
        0.055066,
        0.108628,
        0.004744
      ],
      "6": [
        0.055066,
        0.108628,
        0.004744
      ],
      "7": [
        0.055066,
        0.108628,
        0.004744
      ],
      "8": [
        0.055066,
        0.108628,
        0.004744
      ],
      "9": [
        0.055066,
        0.108628,
        0.004744
      ],
      "10": [
        0.055066,
        0.108628,
        0.004744
      ],
      "11": [
        0.055066,
        0.108628,
        0.004744
      ],
      "12": [
        0.055066,
        0.108628,
        0.004744
      ],
      "13": [
        0.055066,
        0.108628,
        0.004744
      ],
      "14": [
        0.055066,
        0.108628,
        0.004744
      ],
      "15": [
        0.055066,
        0.108628,
        0.004744
      ],
      "16": [
        0.055066,
        0.108628,
        0.004744
      ],
      "17": [
        0.055066,
        0.108628,
        0.004744
      ],
      "18": [
        0.055066,
        0.108628,
        0.004744
      ],
      "19": [
        0.055066,
        0.108628,
        0.004744
      ],
      "20": [
        0.055066,
        0.108628,
        0.004744
      ],
      "21": [
        0.055066,
        0.108628,
        0.004744
      ],
      "22": [
        0.055066,
        0.108628,
        0.004744
      ],
      "23": [
        0.055066,
        0.108628,
        0.004744
      ],
      "24": [
        0.055066,
        0.108628,
        0.004744
      ],
      "25": [
        0.055066,
        0.108628,
        0.004744
      ],
      "26": [
        0.055066,
        0.108628,
        0.004744
      ],
      "27": [
        0.055066,
        0.108628,
        0.004744
      ],
      "28": [
        0.055066,
        0.108628,
        0.004744
      ],
      "29": [
        0.055066,
        0.108628,
        0.004744
      ],
      "30": [
        0.055066,
        0.108628,
        0.004744
      ],
      "31": [
        0.055066,
        0.108628,
        0.004744
      ],
      "32": [
        0.055066,
        0.108628,
        0.004744
      ],
      "33": [
        0.000711,
        0.002079,
        0.004744
      ],
      "34": [
        0.016800000000000002,
        0.034709000000000004,
        0.004744
      ]
    },
    "4": {
      "0": [
        0.002167,
        3e-06,
        0.002529
      ],
      "1": [
        0.026593,
        0.05855,
        0.002529
      ],
      "2": [
        0.027159,
        0.059605,
        0.002529
      ],
      "3": [
        0.027159,
        0.059605,
        0.002529
      ],
      "4": [
        0.027159,
        0.059605,
        0.002529
      ],
      "5": [
        0.027159,
        0.059605,
        0.002529
      ],
      "6": [
        0.027159,
        0.059605,
        0.002529
      ],
      "7": [
        0.027159,
        0.059605,
        0.002529
      ],
      "8": [
        0.027159,
        0.059605,
        0.002529
      ],
      "9": [
        0.027159,
        0.059605,
        0.002529
      ],
      "10": [
        0.027159,
        0.059605,
        0.002529
      ],
      "11": [
        0.027159,
        0.059605,
        0.002529
      ],
      "12": [
        0.027159,
        0.059605,
        0.002529
      ],
      "13": [
        0.027159,
        0.059605,
        0.002529
      ],
      "14": [
        0.027159,
        0.059605,
        0.002529
      ],
      "15": [
        0.027159,
        0.059605,
        0.002529
      ],
      "16": [
        0.027159,
        0.059605,
        0.002529
      ],
      "17": [
        0.027159,
        0.059605,
        0.002529
      ],
      "18": [
        0.027159,
        0.059605,
        0.002529
      ],
      "19": [
        0.027159,
        0.059605,
        0.002529
      ],
      "20": [
        0.027159,
        0.059605,
        0.002529
      ],
      "21": [
        0.027159,
        0.059605,
        0.002529
      ],
      "22": [
        0.027159,
        0.059605,
        0.002529
      ],
      "23": [
        0.027159,
        0.059605,
        0.002529
      ],
      "24": [
        0.027159,
        0.059605,
        0.002529
      ],
      "25": [
        0.027159,
        0.059605,
        0.002529
      ],
      "26": [
        0.027159,
        0.059605,
        0.002529
      ],
      "27": [
        0.027159,
        0.059605,
        0.002529
      ],
      "28": [
        0.027159,
        0.059605,
        0.002529
      ],
      "29": [
        0.027159,
        0.059605,
        0.002529
      ],
      "30": [
        0.027159,
        0.059605,
        0.002529
      ],
      "31": [
        0.027159,
        0.059605,
        0.002529
      ],
      "32": [
        0.027159,
        0.059605,
        0.002529
      ],
      "33": [
        0.000701,
        0.002077,
        0.002529
      ],
      "34": [
        0.008367,
        0.017211,
        0.002529
      ]
    }
  },
  "1": {
    "1": {
      "0": [
        0.000309,
        2e-06,
        0.009272
      ],
      "1": [
        0.044987,
        0.095222,
        0.009272
      ],
      "2": [
        0.048754,
        0.095833,
        0.009272
      ],
      "3": [
        0.048754,
        0.095833,
        0.009272
      ],
      "4": [
        0.048754,
        0.095833,
        0.009272
      ],
      "5": [
        0.048754,
        0.095833,
        0.009272
      ],
      "6": [
        0.048754,
        0.095833,
        0.009272
      ],
      "7": [
        0.048754,
        0.095833,
        0.009272
      ],
      "8": [
        0.048754,
        0.095833,
        0.009272
      ],
      "9": [
        0.048754,
        0.095833,
        0.009272
      ],
      "10": [
        0.048754,
        0.095833,
        0.009272
      ],
      "11": [
        0.048754,
        0.095833,
        0.009272
      ],
      "12": [
        0.048754,
        0.095833,
        0.009272
      ],
      "13": [
        0.048754,
        0.095833,
        0.009272
      ],
      "14": [
        0.048754,
        0.095833,
        0.009272
      ],
      "15": [
        0.048754,
        0.095833,
        0.009272
      ],
      "16": [
        0.048754,
        0.095833,
        0.009272
      ],
      "17": [
        0.048754,
        0.095833,
        0.009272
      ],
      "18": [
        0.048754,
        0.095833,
        0.009272
      ],
      "19": [
        0.048754,
        0.095833,
        0.009272
      ],
      "20": [
        0.048754,
        0.095833,
        0.009272
      ],
      "21": [
        0.048754,
        0.095833,
        0.009272
      ],
      "22": [
        0.048754,
        0.095833,
        0.009272
      ],
      "23": [
        0.048754,
        0.095833,
        0.009272
      ],
      "24": [
        0.048754,
        0.095833,
        0.009272
      ],
      "25": [
        0.048754,
        0.095833,
        0.009272
      ],
      "26": [
        0.048754,
        0.095833,
        0.009272
      ],
      "27": [
        0.048754,
        0.095833,
        0.009272
      ],
      "28": [
        0.048754,
        0.095833,
        0.009272
      ],
      "29": [
        0.048754,
        0.095833,
        0.009272
      ],
      "30": [
        0.048754,
        0.095833,
        0.009272
      ],
      "31": [
        0.048754,
        0.095833,
        0.009272
      ],
      "32": [
        0.048754,
        0.095833,
        0.009272
      ],
      "33": [
        0.000369,
        0.001078,
        0.009272
      ],