{
  "0": {
    "1": {
      "forward": 0.001621,
      "backward": 3e-06,
      "params_bytes": 413138944,
      "mem_required": 1755783321.6,
      "output_activation": 67108864.0
    },
    "2": {}
  },
  "1": {
    "1": {
      "forward": 0.049848,
      "backward": 0.099211,
      "params_bytes": 537026560,
      "mem_required": 10625615769.6,
      "output_activation": 67108864.0
    },
    "2": {}
  },
  "2": {
    "1": {
      "forward": 0.049968,
      "backward": 0.100805,
      "params_bytes": 537026560,
      "mem_required": 10625615769.6,
      "output_activation": 67108864.0
    },
    "2": {}
  },
  "3": {
    "1": {
      "forward": 0.049968,
      "backward": 0.100805,
      "params_bytes": 537026560,
      "mem_required": 10625615769.6,
      "output_activation": 67108864.0
    },
    "2": {}
  },
  "4": {
    "1": {
      "forward": 0.049968,
      "backward": 0.100805,
      "params_bytes": 537026560,
      "mem_required": 10625615769.6,
      "output_activation": 67108864.0
    },
    "2": {}
  },
  "5": {
    "1": {
      "forward": 0.049968,
      "backward": 0.100805,
      "params_bytes": 537026560,
      "mem_required": 10625615769.6,
      "output_activation": 67108864.0
    },
    "2": {}
  },
  "6": {
    "1": {
      "forward": 0.049968,
      "backward": 0.100805,
      "params_bytes": 537026560,
      "mem_required": 10625615769.6,
      "output_activation": 67108864.0
    },
    "2": {}
  },
  "7": {
    "1": {
      "forward": 0.049968,
      "backward": 0.100805,
      "params_bytes": 537026560,
      "mem_required": 10625615769.6,
      "output_activation": 67108864.0
    },
    "2": {}
  },
  "8": {
    "1": {
      "forward": 0.049968,
      "backward": 0.100805,
      "params_bytes": 537026560,
      "mem_required": 10625615769.6,
      "output_activation": 67108864.0
    },
    "2": {}
  },
  "9": {
    "1": {
      "forward": 0.049968,
      "backward": 0.100805,
      "params_bytes": 537026560,
      "mem_required": 10625615769.6,
      "output_activation": 67108864.0
    },
    "2": {}
  },
  "10": {
    "1": {
      "forward": 0.049968,
      "backward": 0.100805,
      "params_bytes": 537026560,
      "mem_required": 10625615769.6,
      "output_activation": 67108864.0
    },
    "2": {}
  },
  "11": {
    "1": {
      "forward": 0.049968,
      "backward": 0.100805,
      "params_bytes": 537026560,
      "mem_required": 10625615769.6,
      "output_activation": 67108864.0
    },
    "2": {}
  },
  "12": {
    "1": {
      "forward": 0.049968,
      "backward": 0.100805,
      "params_bytes": 537026560,
      "mem_required": 10625615769.6,
      "output_activation": 67108864.0
    },
    "2": {}
  },
  "13": {
    "1": {
      "forward": 0.049968,
      "backward": 0.100805,
      "params_bytes": 537026560,
      "mem_required": 10625615769.6,
      "output_activation": 67108864.0
    },
    "2": {}
  },
  "14": {
    "1": {
      "forward": 0.049968,
      "backward": 0.100805,
      "params_bytes": 537026560,
      "mem_required": 10625615769.6,
      "output_activation": 67108864.0
    },
    "2": {}
  },
  "15": {
    "1": {
      "forward": 0.049968,
      "backward": 0.100805,
      "params_bytes": 537026560,
      "mem_required": 10625615769.6,
      "output_activation": 67108864.0
    },
    "2": {}
  },
  "16": {
    "1": {
      "forward": 0.049968,
      "backward": 0.100805,
      "params_bytes": 537026560,
      "mem_required": 10625615769.6,
      "output_activation": 67108864.0
    },
    "2": {}
  },
  "17": {
    "1": {
      "forward": 0.049968,
      "backward": 0.100805,
      "params_bytes": 537026560,
      "mem_required": 10625615769.6,
      "output_activation": 67108864.0
    },
    "2": {}
  },
  "18": {
    "1": {
      "forward": 0.049968,
      "backward": 0.100805,
      "params_bytes": 537026560,
      "mem_required": 10625615769.6,
      "output_activation": 67108864.0
    },
    "2": {}
  },
  "19": {
    "1": {
      "forward": 0.049968,
      "backward": 0.100805,
      "params_bytes": 537026560,
      "mem_required": 10625615769.6,
      "output_activation": 67108864.0
    },
    "2": {}
  },
  "20": {
    "1": {
      "forward": 0.049968,
      "backward": 0.100805,
      "params_bytes": 537026560,
      "mem_required": 10625615769.6,
      "output_activation": 67108864.0
    },
    "2": {}
  },
  "21": {
    "1": {
      "forward": 0.049968,
      "backward": 0.100805,
      "params_bytes": 537026560,
      "mem_required": 10625615769.6,
      "output_activation": 67108864.0
    },
    "2": {}
  },
  "22": {
    "1": {
      "forward": 0.049968,
      "backward": 0.100805,
      "params_bytes": 537026560,
      "mem_required": 10625615769.6,
      "output_activation": 67108864.0
    },
    "2": {}
  },
  "23": {
    "1": {
      "forward": 0.049968,
      "backward": 0.100805,
      "params_bytes": 537026560,
      "mem_required": 10625615769.6,
      "output_activation": 67108864.0
    },
    "2": {}
  },
  "24": {
    "1": {
      "forward": 0.049968,
      "backward": 0.100805,
      "params_bytes": 537026560,
      "mem_required": 10625615769.6,
      "output_activation": 67108864.0
    },
    "2": {}
  },
  "25": {
    "1": {
      "forward": 0.049968,
      "backward": 0.100805,
      "params_bytes": 537026560,
      "mem_required": 10625615769.6,
      "output_activation": 67108864.0
    },
    "2": {}
  },
  "26": {
    "1": {
      "forward": 0.049968,
      "backward": 0.100805,
      "params_bytes": 537026560,
      "mem_required": 10625615769.6,
      "output_activation": 67108864.0
    },
    "2": {}
  },
  "27": {
    "1": {
      "forward": 0.049968,
      "backward": 0.100805,
      "params_bytes": 537026560,
      "mem_required": 10625615769.6,
      "output_activation": 67108864.0
    },
    "2": {}
  },
  "28": {
    "1": {
      "forward": 0.049968,
      "backward": 0.100805,
      "params_bytes": 537026560,
      "mem_required": 10625615769.6,
      "output_activation": 67108864.0
    },
    "2": {}
  },
  "29": {
    "1": {
      "forward": 0.049968,
      "backward": 0.100805,
      "params_bytes": 537026560,
      "mem_required": 10625615769.6,
      "output_activation": 67108864.0
    },
    "2": {}
  },
  "30": {
    "1": {
      "forward": 0.049968,
      "backward": 0.100805,
      "params_bytes": 537026560,
      "mem_required": 10625615769.6,
      "output_activation": 67108864.0
    },
    "2": {}
  },
  "31": {
    "1": {
      "forward": 0.049968,
      "backward": 0.100805,
      "params_bytes": 537026560,
      "mem_required": 10625615769.6,
      "output_activation": 67108864.0
    },
    "2": {}
  },
  "32": {
    "1": {
      "forward": 0.049968,
      "backward": 0.100805,
      "params_bytes": 537026560,
      "mem_required": 10625615769.6,
      "output_activation": 67108864.0
    },
    "2": {}
  },
  "33": {
    "1": {
      "forward": 0.000725,
      "backward": 0.002358,
      "params_bytes": 16384,
      "mem_required": 2893045606.4,
      "output_activation": 67108864.0
    },
    "2": {}
  }
}