{
  "0": {
    "16": {},
    "4": {
      "forward": 0.000583,
      "backward": 2e-06,
      "params_bytes": 214433792,
      "mem_required": 450602752.0,
      "output_activation": 33554432.0
    },
    "1": {
      "forward": 0.000329,
      "backward": 2e-06,
      "params_bytes": 214433792,
      "mem_required": 292813004.8,
      "output_activation": 8388608.0
    },
    "2": {
      "forward": 0.000406,
      "backward": 2e-06,
      "params_bytes": 214433792,
      "mem_required": 351132723.2,
      "output_activation": 16777216.0
    },
    "8": {}
  },
  "1": {
    "16": {},
    "4": {
      "forward": 0.032479,
      "backward": 0.082794,
      "params_bytes": 50384896,
      "mem_required": 1346456166.4,
      "output_activation": 33554432.0
    },
    "1": {
      "forward": 0.008574,
      "backward": 0.021325,
      "params_bytes": 50384896,
      "mem_required": 390031974.4,
      "output_activation": 8388608.0
    },
    "2": {
      "forward": 0.01649,
      "backward": 0.041549,
      "params_bytes": 50384896,
      "mem_required": 708840038.4,
      "output_activation": 16777216.0
    },
    "8": {}
  },
  "2": {
    "16": {},
    "4": {
      "forward": 0.03333,
      "backward": 0.084989,
      "params_bytes": 50384896,
      "mem_required": 1346456166.4,
      "output_activation": 33554432.0
    },
    "1": {
      "forward": 0.008132,
      "backward": 0.021591,
      "params_bytes": 50384896,
      "mem_required": 390031974.4,
      "output_activation": 8388608.0
    },
    "2": {
      "forward": 0.01619,
      "backward": 0.042838,
      "params_bytes": 50384896,
      "mem_required": 708840038.4,
      "output_activation": 16777216.0
    },
    "8": {}
  },
  "3": {
    "16": {},
    "4": {
      "forward": 0.03333,
      "backward": 0.084989,
      "params_bytes": 50384896,
      "mem_required": 1346456166.4,
      "output_activation": 33554432.0
    },
    "1": {
      "forward": 0.008132,
      "backward": 0.021591,
      "params_bytes": 50384896,
      "mem_required": 390031974.4,
      "output_activation": 8388608.0
    },
    "2": {
      "forward": 0.01619,
      "backward": 0.042838,
      "params_bytes": 50384896,
      "mem_required": 708840038.4,
      "output_activation": 16777216.0
    },
    "8": {}
  },
  "4": {
    "16": {},
    "4": {
      "forward": 0.03333,
      "backward": 0.084989,
      "params_bytes": 50384896,
      "mem_required": 1346456166.4,
      "output_activation": 33554432.0
    },
    "1": {
      "forward": 0.008132,
      "backward": 0.021591,
      "params_bytes": 50384896,
      "mem_required": 390031974.4,
      "output_activation": 8388608.0
    },
    "2": {
      "forward": 0.01619,
      "backward": 0.042838,
      "params_bytes": 50384896,
      "mem_required": 708840038.4,
      "output_activation": 16777216.0
    },
    "8": {}
  },
  "5": {
    "16": {},
    "4": {
      "forward": 0.03333,
      "backward": 0.084989,
      "params_bytes": 50384896,
      "mem_required": 1346456166.4,
      "output_activation": 33554432.0
    },
    "1": {
      "forward": 0.008132,
      "backward": 0.021591,
      "params_bytes": 50384896,
      "mem_required": 390031974.4,
      "output_activation": 8388608.0
    },
    "2": {
      "forward": 0.01619,
      "backward": 0.042838,
      "params_bytes": 50384896,
      "mem_required": 708840038.4,
      "output_activation": 16777216.0
    },
    "8": {}
  },
  "6": {
    "16": {},
    "4": {
      "forward": 0.03333,
      "backward": 0.084989,
      "params_bytes": 50384896,
      "mem_required": 1346456166.4,
      "output_activation": 33554432.0
    },
    "1": {
      "forward": 0.008132,
      "backward": 0.021591,
      "params_bytes": 50384896,
      "mem_required": 390031974.4,
      "output_activation": 8388608.0
    },
    "2": {
      "forward": 0.01619,
      "backward": 0.042838,
      "params_bytes": 50384896,
      "mem_required": 708840038.4,
      "output_activation": 16777216.0
    },
    "8": {}
  },
  "7": {
    "16": {},
    "4": {
      "forward": 0.03333,
      "backward": 0.084989,
      "params_bytes": 50384896,
      "mem_required": 1346456166.4,
      "output_activation": 33554432.0
    },
    "1": {
      "forward": 0.008132,
      "backward": 0.021591,
      "params_bytes": 50384896,
      "mem_required": 390031974.4,
      "output_activation": 8388608.0
    },
    "2": {
      "forward": 0.01619,
      "backward": 0.042838,
      "params_bytes": 50384896,
      "mem_required": 708840038.4,
      "output_activation": 16777216.0
    },
    "8": {}
  },
  "8": {
    "16": {},
    "4": {
      "forward": 0.03333,
      "backward": 0.084989,
      "params_bytes": 50384896,
      "mem_required": 1346456166.4,
      "output_activation": 33554432.0
    },
    "1": {
      "forward": 0.008132,
      "backward": 0.021591,
      "params_bytes": 50384896,
      "mem_required": 390031974.4,
      "output_activation": 8388608.0
    },
    "2": {
      "forward": 0.01619,
      "backward": 0.042838,
      "params_bytes": 50384896,
      "mem_required": 708840038.4,
      "output_activation": 16777216.0
    },
    "8": {}
  },
  "9": {
    "16": {},
    "4": {
      "forward": 0.03333,
      "backward": 0.084989,
      "params_bytes": 50384896,
      "mem_required": 1346456166.4,
      "output_activation": 33554432.0
    },
    "1": {
      "forward": 0.008132,
      "backward": 0.021591,
      "params_bytes": 50384896,
      "mem_required": 390031974.4,
      "output_activation": 8388608.0
    },
    "2": {
      "forward": 0.01619,
      "backward": 0.042838,
      "params_bytes": 50384896,
      "mem_required": 708840038.4,
      "output_activation": 16777216.0
    },
    "8": {}
  },
  "10": {
    "16": {},
    "4": {
      "forward": 0.03333,
      "backward": 0.084989,
      "params_bytes": 50384896,
      "mem_required": 1346456166.4,
      "output_activation": 33554432.0
    },
    "1": {
      "forward": 0.008132,
      "backward": 0.021591,
      "params_bytes": 50384896,
      "mem_required": 390031974.4,
      "output_activation": 8388608.0
    },
    "2": {
      "forward": 0.01619,
      "backward": 0.042838,
      "params_bytes": 50384896,
      "mem_required": 708840038.4,
      "output_activation": 16777216.0
    },
    "8": {}
  },
  "11": {
    "16": {},
    "4": {
      "forward": 0.03333,
      "backward": 0.084989,
      "params_bytes": 50384896,
      "mem_required": 1346456166.4,
      "output_activation": 33554432.0
    },
    "1": {
      "forward": 0.008132,
      "backward": 0.021591,
      "params_bytes": 50384896,
      "mem_required": 390031974.4,
      "output_activation": 8388608.0
    },
    "2": {
      "forward": 0.01619,
      "backward": 0.042838,
      "params_bytes": 50384896,
      "mem_required": 708840038.4,
      "output_activation": 16777216.0
    },
    "8": {}
  },
  "12": {
    "16": {},
    "4": {
      "forward": 0.03333,
      "backward": 0.084989,
      "params_bytes": 50384896,
      "mem_required": 1346456166.4,
      "output_activation": 33554432.0
    },
    "1": {
      "forward": 0.008132,
      "backward": 0.021591,
      "params_bytes": 50384896,
      "mem_required": 390031974.4,
      "output_activation": 8388608.0
    },
    "2": {
      "forward": 0.01619,
      "backward": 0.042838,
      "params_bytes": 50384896,
      "mem_required": 708840038.4,
      "output_activation": 16777216.0
    },
    "8": {}
  },
  "13": {
    "16": {},
    "4": {
      "forward": 0.03333,
      "backward": 0.084989,
      "params_bytes": 50384896,
      "mem_required": 1346456166.4,
      "output_activation": 33554432.0
    },
    "1": {
      "forward": 0.008132,
      "backward": 0.021591,
      "params_bytes": 50384896,
      "mem_required": 390031974.4,
      "output_activation": 8388608.0
    },
    "2": {
      "forward": 0.01619,
      "backward": 0.042838,
      "params_bytes": 50384896,
      "mem_required": 708840038.4,
      "output_activation": 16777216.0
    },