{
  "0": {
    "16": {},
    "4": {
      "forward": 0.009303,
      "backward": 2e-06,
      "params_bytes": 111673344,
      "mem_required": 450602752.0,
      "output_activation": 16777216.0
    },
    "1": {
      "forward": 0.002438,
      "backward": 2e-06,
      "params_bytes": 111673344,
      "mem_required": 292813004.8,
      "output_activation": 4194304.0
    },
    "2": {
      "forward": 0.004739,
      "backward": 2e-06,
      "params_bytes": 111673344,
      "mem_required": 351132723.2,
      "output_activation": 8388608.0
    },
    "8": {
      "forward": 0.018847,
      "backward": 2e-06,
      "params_bytes": 111673344,
      "mem_required": 656296960.0,
      "output_activation": 33554432.0
    }
  },
  "1": {
    "16": {},
    "4": {
      "forward": 0.033827,
      "backward": 0.058106,
      "params_bytes": 25204736,
      "mem_required": 1346456166.4,
      "output_activation": 16777216.0
    },
    "1": {
      "forward": 0.00846,
      "backward": 0.014883,
      "params_bytes": 25204736,
      "mem_required": 390031974.4,
      "output_activation": 4194304.0
    },
    "2": {
      "forward": 0.016993,
      "backward": 0.029478,
      "params_bytes": 25204736,
      "mem_required": 708840038.4,
      "output_activation": 8388608.0
    },
    "8": {
      "forward": 0.067587,
      "backward": 0.116794,
      "params_bytes": 25204736,
      "mem_required": 2622514176.0,
      "output_activation": 33554432.0
    }
  },
  "2": {
    "16": {},
    "4": {
      "forward": 0.033859,
      "backward": 0.060151,
      "params_bytes": 25204736,
      "mem_required": 1346456166.4,
      "output_activation": 16777216.0
    },
    "1": {
      "forward": 0.00849,
      "backward": 0.014982,
      "params_bytes": 25204736,
      "mem_required": 390031974.4,
      "output_activation": 4194304.0
    },
    "2": {
      "forward": 0.017043,
      "backward": 0.030394,
      "params_bytes": 25204736,
      "mem_required": 708840038.4,
      "output_activation": 8388608.0
    },
    "8": {
      "forward": 0.067594,
      "backward": 0.118945,
      "params_bytes": 25204736,
      "mem_required": 2622514176.0,
      "output_activation": 33554432.0
    }
  },
  "3": {
    "16": {},
    "4": {
      "forward": 0.033859,
      "backward": 0.060151,
      "params_bytes": 25204736,
      "mem_required": 1346456166.4,
      "output_activation": 16777216.0
    },
    "1": {
      "forward": 0.00849,
      "backward": 0.014982,
      "params_bytes": 25204736,
      "mem_required": 390031974.4,
      "output_activation": 4194304.0
    },
    "2": {
      "forward": 0.017043,
      "backward": 0.030394,
      "params_bytes": 25204736,
      "mem_required": 708840038.4,
      "output_activation": 8388608.0
    },
    "8": {
      "forward": 0.067594,
      "backward": 0.118945,
      "params_bytes": 25204736,
      "mem_required": 2622514176.0,
      "output_activation": 33554432.0
    }
  },
  "4": {
    "16": {},
    "4": {
      "forward": 0.033859,
      "backward": 0.060151,
      "params_bytes": 25204736,
      "mem_required": 1346456166.4,
      "output_activation": 16777216.0
    },
    "1": {
      "forward": 0.00849,
      "backward": 0.014982,
      "params_bytes": 25204736,
      "mem_required": 390031974.4,
      "output_activation": 4194304.0
    },
    "2": {
      "forward": 0.017043,
      "backward": 0.030394,
      "params_bytes": 25204736,
      "mem_required": 708840038.4,
      "output_activation": 8388608.0
    },
    "8": {
      "forward": 0.067594,
      "backward": 0.118945,
      "params_bytes": 25204736,
      "mem_required": 2622514176.0,
      "output_activation": 33554432.0
    }
  },
  "5": {
    "16": {},
    "4": {
      "forward": 0.033859,
      "backward": 0.060151,
      "params_bytes": 25204736,
      "mem_required": 1346456166.4,
      "output_activation": 16777216.0
    },
    "1": {
      "forward": 0.00849,
      "backward": 0.014982,
      "params_bytes": 25204736,
      "mem_required": 390031974.4,
      "output_activation": 4194304.0
    },
    "2": {
      "forward": 0.017043,
      "backward": 0.030394,
      "params_bytes": 25204736,
      "mem_required": 708840038.4,
      "output_activation": 8388608.0
    },
    "8": {
      "forward": 0.067594,
      "backward": 0.118945,
      "params_bytes": 25204736,
      "mem_required": 2622514176.0,
      "output_activation": 33554432.0
    }
  },
  "6": {
    "16": {},
    "4": {
      "forward": 0.033859,
      "backward": 0.060151,
      "params_bytes": 25204736,
      "mem_required": 1346456166.4,
      "output_activation": 16777216.0
    },
    "1": {
      "forward": 0.00849,
      "backward": 0.014982,
      "params_bytes": 25204736,
      "mem_required": 390031974.4,
      "output_activation": 4194304.0
    },
    "2": {
      "forward": 0.017043,
      "backward": 0.030394,
      "params_bytes": 25204736,
      "mem_required": 708840038.4,
      "output_activation": 8388608.0
    },
    "8": {
      "forward": 0.067594,
      "backward": 0.118945,
      "params_bytes": 25204736,
      "mem_required": 2622514176.0,
      "output_activation": 33554432.0
    }
  },
  "7": {
    "16": {},
    "4": {
      "forward": 0.033859,
      "backward": 0.060151,
      "params_bytes": 25204736,
      "mem_required": 1346456166.4,
      "output_activation": 16777216.0
    },
    "1": {
      "forward": 0.00849,
      "backward": 0.014982,
      "params_bytes": 25204736,
      "mem_required": 390031974.4,
      "output_activation": 4194304.0
    },
    "2": {
      "forward": 0.017043,
      "backward": 0.030394,
      "params_bytes": 25204736,
      "mem_required": 708840038.4,
      "output_activation": 8388608.0
    },
    "8": {
      "forward": 0.067594,
      "backward": 0.118945,
      "params_bytes": 25204736,
      "mem_required": 2622514176.0,
      "output_activation": 33554432.0
    }
  },
  "8": {
    "16": {},
    "4": {
      "forward": 0.033859,
      "backward": 0.060151,
      "params_bytes": 25204736,
      "mem_required": 1346456166.4,
      "output_activation": 16777216.0
    },
    "1": {
      "forward": 0.00849,
      "backward": 0.014982,
      "params_bytes": 25204736,
      "mem_required": 390031974.4,
      "output_activation": 4194304.0
    },
    "2": {
      "forward": 0.017043,
      "backward": 0.030394,
      "params_bytes": 25204736,
      "mem_required": 708840038.4,
      "output_activation": 8388608.0
    },
    "8": {
      "forward": 0.067594,
      "backward": 0.118945,
      "params_bytes": 25204736,
      "mem_required": 2622514176.0,
      "output_activation": 33554432.0
    }
  },
  "9": {
    "16": {},
    "4": {
      "forward": 0.033859,
      "backward": 0.060151,
      "params_bytes": 25204736,
      "mem_required": 1346456166.4,
      "output_activation": 16777216.0
    },
    "1": {
      "forward": 0.00849,
      "backward": 0.014982,
      "params_bytes": 25204736,
      "mem_required": 390031974.4,
      "output_activation": 4194304.0
    },
    "2": {
      "forward": 0.017043,
      "backward": 0.030394,
      "params_bytes": 25204736,
      "mem_required": 708840038.4,
      "output_activation": 8388608.0
    },
    "8": {
      "forward": 0.067594,
      "backward": 0.118945,
      "params_bytes": 25204736,
      "mem_required": 2622514176.0,
      "output_activation": 33554432.0
    }
  },
  "10": {
    "16": {},
    "4": {
      "forward": 0.033859,
      "backward": 0.060151,
      "params_bytes": 25204736,
      "mem_required": 1346456166.4,
      "output_activation": 16777216.0
    },
    "1": {
      "forward": 0.00849,
      "backward": 0.014982,
      "params_bytes": 25204736,
      "mem_required": 390031974.4,
      "output_activation": 4194304.0
    },
    "2": {
      "forward": 0.017043,
      "backward": 0.030394,
      "params_bytes": 25204736,
      "mem_required": 708840038.4,
      "output_activation": 8388608.0
    },
    "8": {
      "forward": 0.067594,
      "backward": 0.118945,