{
  "model": {
    "model_name": "LLAMA-3-8",
    "num_layers": 34,
    "parameters": {
      "total_parameters_bytes": 8801124352,
      "parameters_per_layer_bytes": [
        207618048,
        268546048,
        268546048,
        268546048,
        268546048,
        268546048,
        268546048,
        268546048,
        268546048,
        268546048,
        268546048,
        268546048,
        268546048,
        268546048,
        268546048,
        268546048,
        268546048,
        268546048,
        268546048,
        268546048,
        268546048,
        268546048,
        268546048,
        268546048,
        268546048,
        268546048,
        268546048,
        268546048,
        268546048,
        268546048,
        268546048,
        268546048,
        268546048,
        16384,
        16384
      ],
      "activation_parameters_bytes": [
        134217728,
        134217728,
        134217728,
        134217728,
        134217728,
        134217728,
        134217728,
        134217728,
        134217728,
        134217728,
        134217728,
        134217728,
        134217728,
        134217728,
        134217728,
        134217728,
        134217728,
        134217728,
        134217728,
        134217728,
        134217728,
        134217728,
        134217728,
        134217728,
        134217728,
        134217728,
        134217728,
        134217728,
        134217728,
        134217728,
        134217728,
        134217728,
        134217728,
        134217728,
        134217732
      ]
    }
  },
  "execution_time": {
    "total_time_ms": 1444.4919999999993,
    "forward_backward_time_ms": 1358.199999999999,
    "batch_generator_time_ms": 0.0,
    "optimizer_time_ms": 86.29199999999993,
    "layer_compute_total_ms": [
      1.201,
      43.08,
      42.339,
      42.339,
      42.339,
      42.339,
      42.339,
      42.339,
      42.339,
      42.339,
      42.339,
      42.339,
      42.339,
      42.339,
      42.339,
      42.339,
      42.339,
      42.339,
      42.339,
      42.339,
      42.339,
      42.339,
      42.339,
      42.339,
      42.339,
      42.339,
      42.339,
      42.339,
      42.339,
      42.339,
      42.339,
      42.339,
      42.339,
      1.4100000000000001
    ]
  },
  "execution_memory": {
    "layer_memory_total_mb": [
      1118.0703125,
      4992.58984375,
      4992.58984375,
      4992.58984375,
      4992.58984375,
      4992.58984375,
      4992.58984375,
      4992.58984375,
      4992.58984375,
      4992.58984375,
      4992.58984375,
      4992.58984375,
      4992.58984375,
      4992.58984375,
      4992.58984375,
      4992.58984375,
      4992.58984375,
      4992.58984375,
      4992.58984375,
      4992.58984375,
      4992.58984375,
      4992.58984375,
      4992.58984375,
      4992.58984375,
      4992.58984375,
      4992.58984375,
      4992.58984375,
      4992.58984375,
      4992.58984375,
      4992.58984375,
      4992.58984375,
      4992.58984375,
      4992.58984375,
      384.109375,
      780.1806640625
    ]
  }
}