{
  "model": {
    "model_name": "LLAMA-3-8",
    "num_layers": 34,
    "parameters": {
      "total_parameters_bytes": 17598021632,
      "parameters_per_layer_bytes": [
        413138944,
        537026560,
        537026560,
        537026560,
        537026560,
        537026560,
        537026560,
        537026560,
        537026560,
        537026560,
        537026560,
        537026560,
        537026560,
        537026560,
        537026560,
        537026560,
        537026560,
        537026560,
        537026560,
        537026560,
        537026560,
        537026560,
        537026560,
        537026560,
        537026560,
        537026560,
        537026560,
        537026560,
        537026560,
        537026560,
        537026560,
        537026560,
        537026560,
        16384,
        16384
      ],
      "activation_parameters_bytes": [
        134217728,
        134217728,
        134217728,
        134217728,
        134217728,
        134217728,
        134217728,
        134217728,
        134217728,
        134217728,
        134217728,
        134217728,
        134217728,
        134217728,
        134217728,
        134217728,
        134217728,
        134217728,
        134217728,
        134217728,
        134217728,
        134217728,
        134217728,
        134217728,
        134217728,
        134217728,
        134217728,
        134217728,
        134217728,
        134217728,
        134217728,
        134217728,
        134217728,
        134217728,
        134217732
      ]
    }
  },
  "execution_time": {
    "total_time_ms": 2748.3429999999985,
    "forward_backward_time_ms": 2588.5769999999998,
    "batch_generator_time_ms": 0.0,
    "optimizer_time_ms": 159.76600000000005,
    "layer_compute_total_ms": [
      1.877,
      78.226,
      80.872,
      80.872,
      80.872,
      80.872,
      80.872,
      80.872,
      80.872,
      80.872,
      80.872,
      80.872,
      80.872,
      80.872,
      80.872,
      80.872,
      80.872,
      80.872,
      80.872,
      80.872,
      80.872,
      80.872,
      80.872,
      80.872,
      80.872,
      80.872,
      80.872,
      80.872,
      80.872,
      80.872,
      80.872,
      80.872,
      80.872,
      1.4420000000000002
    ]
  },
  "execution_memory": {
    "layer_memory_total_mb": [
      2098.0703125,
      8960.8046875,
      8960.8046875,
      8960.8046875,
      8960.8046875,
      8960.8046875,
      8960.8046875,
      8960.8046875,
      8960.8046875,
      8960.8046875,
      8960.8046875,
      8960.8046875,
      8960.8046875,
      8960.8046875,
      8960.8046875,
      8960.8046875,
      8960.8046875,
      8960.8046875,
      8960.8046875,
      8960.8046875,
      8960.8046875,
      8960.8046875,
      8960.8046875,
      8960.8046875,
      8960.8046875,
      8960.8046875,
      8960.8046875,
      8960.8046875,
      8960.8046875,
      8960.8046875,
      8960.8046875,
      8960.8046875,
      8960.8046875,
      384.109375,
      1172.1806640625
    ]
  }
}