{
  "model": {
    "model_name": "LLAMA-3-8",
    "num_layers": 34,
    "parameters": {
      "total_parameters_bytes": 35191816192,
      "parameters_per_layer_bytes": [
        824180736,
        1073987584,
        1073987584,
        1073987584,
        1073987584,
        1073987584,
        1073987584,
        1073987584,
        1073987584,
        1073987584,
        1073987584,
        1073987584,
        1073987584,
        1073987584,
        1073987584,
        1073987584,
        1073987584,
        1073987584,
        1073987584,
        1073987584,
        1073987584,
        1073987584,
        1073987584,
        1073987584,
        1073987584,
        1073987584,
        1073987584,
        1073987584,
        1073987584,
        1073987584,
        1073987584,
        1073987584,
        1073987584,
        16384,
        16384
      ],
      "activation_parameters_bytes": [
        134217728,
        134217728,
        134217728,
        134217728,
        134217728,
        134217728,
        134217728,
        134217728,
        134217728,
        134217728,
        134217728,
        134217728,
        134217728,
        134217728,
        134217728,
        134217728,
        134217728,
        134217728,
        134217728,
        134217728,
        134217728,
        134217728,
        134217728,
        134217728,
        134217728,
        134217728,
        134217728,
        134217728,
        134217728,
        134217728,
        134217728,
        134217728,
        134217728,
        134217728,
        134217732
      ]
    }
  },
  "execution_time": {
    "total_time_ms": 4939.412,
    "forward_backward_time_ms": 4624.163999999999,
    "batch_generator_time_ms": 0.0,
    "optimizer_time_ms": 315.2479999999999,
    "layer_compute_total_ms": [
      0.311,
      140.209,
      144.587,
      144.587,
      144.587,
      144.587,
      144.587,
      144.587,
      144.587,
      144.587,
      144.587,
      144.587,
      144.587,
      144.587,
      144.587,
      144.587,
      144.587,
      144.587,
      144.587,
      144.587,
      144.587,
      144.587,
      144.587,
      144.587,
      144.587,
      144.587,
      144.587,
      144.587,
      144.587,
      144.587,
      144.587,
      144.587,
      144.587,
      1.447
    ]
  },
  "execution_memory": {
    "layer_memory_total_mb": [
      4058.0,
      16897.234375,
      16897.234375,
      16897.234375,
      16897.234375,
      16897.234375,
      16897.234375,
      16897.234375,
      16897.234375,
      16897.234375,
      16897.234375,
      16897.234375,
      16897.234375,
      16897.234375,
      16897.234375,
      16897.234375,
      16897.234375,
      16897.234375,
      16897.234375,
      16897.234375,
      16897.234375,
      16897.234375,
      16897.234375,
      16897.234375,
      16897.234375,
      16897.234375,
      16897.234375,
      16897.234375,
      16897.234375,
      16897.234375,
      16897.234375,
      16897.234375,
      16897.234375,
      384.109375,
      1956.1806640625
    ]
  }
}