{
  "model": {
    "model_name": "LLAMA-3-8",
    "num_layers": 34,
    "parameters": {
      "total_parameters_bytes": 8801124352,
      "parameters_per_layer_bytes": [
        207618048,
        268546048,
        268546048,
        268546048,
        268546048,
        268546048,
        268546048,
        268546048,
        268546048,
        268546048,
        268546048,
        268546048,
        268546048,
        268546048,
        268546048,
        268546048,
        268546048,
        268546048,
        268546048,
        268546048,
        268546048,
        268546048,
        268546048,
        268546048,
        268546048,
        268546048,
        268546048,
        268546048,
        268546048,
        268546048,
        268546048,
        268546048,
        268546048,
        16384,
        16384
      ],
      "activation_parameters_bytes": [
        268435456,
        268435456,
        268435456,
        268435456,
        268435456,
        268435456,
        268435456,
        268435456,
        268435456,
        268435456,
        268435456,
        268435456,
        268435456,
        268435456,
        268435456,
        268435456,
        268435456,
        268435456,
        268435456,
        268435456,
        268435456,
        268435456,
        268435456,
        268435456,
        268435456,
        268435456,
        268435456,
        268435456,
        268435456,
        268435456,
        268435456,
        268435456,
        268435456,
        268435456,
        268435464
      ]
    }
  },
  "execution_time": {
    "total_time_ms": 2865.761,
    "forward_backward_time_ms": 2779.7749999999996,
    "batch_generator_time_ms": 0.0,
    "optimizer_time_ms": 85.98599999999992,
    "layer_compute_total_ms": [
      2.1700000000000004,
      85.143,
      86.764,
      86.764,
      86.764,
      86.764,
      86.764,
      86.764,
      86.764,
      86.764,
      86.764,
      86.764,
      86.764,
      86.764,
      86.764,
      86.764,
      86.764,
      86.764,
      86.764,
      86.764,
      86.764,
      86.764,
      86.764,
      86.764,
      86.764,
      86.764,
      86.764,
      86.764,
      86.764,
      86.764,
      86.764,
      86.764,
      86.764,
      2.778
    ]
  },
  "execution_memory": {
    "layer_memory_total_mb": [
      1246.140625,
      8704.65234375,
      8704.65234375,
      8704.65234375,
      8704.65234375,
      8704.65234375,
      8704.65234375,
      8704.65234375,
      8704.65234375,
      8704.65234375,
      8704.65234375,
      8704.65234375,
      8704.65234375,
      8704.65234375,
      8704.65234375,
      8704.65234375,
      8704.65234375,
      8704.65234375,
      8704.65234375,
      8704.65234375,
      8704.65234375,
      8704.65234375,
      8704.65234375,
      8704.65234375,
      8704.65234375,
      8704.65234375,
      8704.65234375,
      8704.65234375,
      8704.65234375,
      8704.65234375,
      8704.65234375,
      8704.65234375,
      8704.65234375,
      768.140625,
      1560.283203125
    ]
  }
}