{
  "model": {
    "model_name": "LLAMA-3-8",
    "num_layers": 34,
    "parameters": {
      "total_parameters_bytes": 17598021632,
      "parameters_per_layer_bytes": [
        413138944,
        537026560,
        537026560,
        537026560,
        537026560,
        537026560,
        537026560,
        537026560,
        537026560,
        537026560,
        537026560,
        537026560,
        537026560,
        537026560,
        537026560,
        537026560,
        537026560,
        537026560,
        537026560,
        537026560,
        537026560,
        537026560,
        537026560,
        537026560,
        537026560,
        537026560,
        537026560,
        537026560,
        537026560,
        537026560,
        537026560,
        537026560,
        537026560,
        16384,
        16384
      ],
      "activation_parameters_bytes": [
        268435456,
        268435456,
        268435456,
        268435456,
        268435456,
        268435456,
        268435456,
        268435456,
        268435456,
        268435456,
        268435456,
        268435456,
        268435456,
        268435456,
        268435456,
        268435456,
        268435456,
        268435456,
        268435456,
        268435456,
        268435456,
        268435456,
        268435456,
        268435456,
        268435456,
        268435456,
        268435456,
        268435456,
        268435456,
        268435456,
        268435456,
        268435456,
        268435456,
        268435456,
        268435464
      ]
    }
  },
  "execution_time": {
    "total_time_ms": 5401.9180000000015,
    "forward_backward_time_ms": 5240.622000000002,
    "batch_generator_time_ms": 0.0,
    "optimizer_time_ms": 161.296,
    "layer_compute_total_ms": [
      5.186,
      158.132,
      163.694,
      163.694,
      163.694,
      163.694,
      163.694,
      163.694,
      163.694,
      163.694,
      163.694,
      163.694,
      163.694,
      163.694,
      163.694,
      163.694,
      163.694,
      163.694,
      163.694,
      163.694,
      163.694,
      163.694,
      163.694,
      163.694,
      163.694,
      163.694,
      163.694,
      163.694,
      163.694,
      163.694,
      163.694,
      163.694,
      163.694,
      2.79
    ]
  },
  "execution_memory": {
    "layer_memory_total_mb": [
      2226.140625,
      15360.8671875,
      15360.8671875,
      15360.8671875,
      15360.8671875,
      15360.8671875,
      15360.8671875,
      15360.8671875,
      15360.8671875,
      15360.8671875,
      15360.8671875,
      15360.8671875,
      15360.8671875,
      15360.8671875,
      15360.8671875,
      15360.8671875,
      15360.8671875,
      15360.8671875,
      15360.8671875,
      15360.8671875,
      15360.8671875,
      15360.8671875,
      15360.8671875,
      15360.8671875,
      15360.8671875,
      15360.8671875,
      15360.8671875,
      15360.8671875,
      15360.8671875,
      15360.8671875,
      15360.8671875,
      15360.8671875,
      15360.8671875,
      768.140625,
      2344.283203125
    ]
  }
}