{
  "model": {
    "model_name": "LLAMA-3-8",
    "num_layers": 34,
    "parameters": {
      "total_parameters_bytes": 8801124352,
      "parameters_per_layer_bytes": [
        207618048,
        268546048,
        268546048,
        268546048,
        268546048,
        268546048,
        268546048,
        268546048,
        268546048,
        268546048,
        268546048,
        268546048,
        268546048,
        268546048,
        268546048,
        268546048,
        268546048,
        268546048,
        268546048,
        268546048,
        268546048,
        268546048,
        268546048,
        268546048,
        268546048,
        268546048,
        268546048,
        268546048,
        268546048,
        268546048,
        268546048,
        268546048,
        268546048,
        16384,
        16384
      ],
      "activation_parameters_bytes": [
        536870912,
        536870912,
        536870912,
        536870912,
        536870912,
        536870912,
        536870912,
        536870912,
        536870912,
        536870912,
        536870912,
        536870912,
        536870912,
        536870912,
        536870912,
        536870912,
        536870912,
        536870912,
        536870912,
        536870912,
        536870912,
        536870912,
        536870912,
        536870912,
        536870912,
        536870912,
        536870912,
        536870912,
        536870912,
        536870912,
        536870912,
        536870912,
        536870912,
        536870912,
        536870928
      ]
    }
  },
  "execution_time": {
    "total_time_ms": 5641.401000000002,
    "forward_backward_time_ms": 5556.435,
    "batch_generator_time_ms": 0.0,
    "optimizer_time_ms": 84.96599999999998,
    "layer_compute_total_ms": [
      3.9989999999999997,
      167.995,
      173.515,
      173.515,
      173.515,
      173.515,
      173.515,
      173.515,
      173.515,
      173.515,
      173.515,
      173.515,
      173.515,
      173.515,
      173.515,
      173.515,
      173.515,
      173.515,
      173.515,
      173.515,
      173.515,
      173.515,
      173.515,
      173.515,
      173.515,
      173.515,
      173.515,
      173.515,
      173.515,
      173.515,
      173.515,
      173.515,
      173.515,
      5.476
    ]
  },
  "execution_memory": {
    "layer_memory_total_mb": [
      1502.28125,
      16128.77734375,
      16128.77734375,
      16128.77734375,
      16128.77734375,
      16128.77734375,
      16128.77734375,
      16128.77734375,
      16128.77734375,
      16128.77734375,
      16128.77734375,
      16128.77734375,
      16128.77734375,
      16128.77734375,
      16128.77734375,
      16128.77734375,
      16128.77734375,
      16128.77734375,
      16128.77734375,
      16128.77734375,
      16128.77734375,
      16128.77734375,
      16128.77734375,
      16128.77734375,
      16128.77734375,
      16128.77734375,
      16128.77734375,
      16128.77734375,
      16128.77734375,
      16128.77734375,
      16128.77734375,
      16128.77734375,
      16128.77734375,
      1536.203125,
      3120.48828125
    ]
  }
}