{
  "model": {
    "model_name": "LLAMA-3-8",
    "num_layers": 34,
    "parameters": {
      "total_parameters_bytes": 8801124352,
      "parameters_per_layer_bytes": [
        207618048,
        268546048,
        268546048,
        268546048,
        268546048,
        268546048,
        268546048,
        268546048,
        268546048,
        268546048,
        268546048,
        268546048,
        268546048,
        268546048,
        268546048,
        268546048,
        268546048,
        268546048,
        268546048,
        268546048,
        268546048,
        268546048,
        268546048,
        268546048,
        268546048,
        268546048,
        268546048,
        268546048,
        268546048,
        268546048,
        268546048,
        268546048,
        268546048,
        16384,
        16384
      ],
      "activation_parameters_bytes": [
        134217728,
        134217728,
        134217728,
        134217728,
        134217728,
        134217728,
        134217728,
        134217728,
        134217728,
        134217728,
        134217728,
        134217728,
        134217728,
        134217728,
        134217728,
        134217728,
        134217728,
        134217728,
        134217728,
        134217728,
        134217728,
        134217728,
        134217728,
        134217728,
        134217728,
        134217728,
        134217728,
        134217728,
        134217728,
        134217728,
        134217728,
        134217728,
        134217728,
        134217728,
        134217732
      ]
    }
  },
  "execution_time": {
    "total_time_ms": 12633.100000000006,
    "forward_backward_time_ms": 12415.500000000005,
    "batch_generator_time_ms": 0.0,
    "optimizer_time_ms": 217.6000000000001,
    "layer_compute_total_ms": [
      4.0,
      387.7,
      387.7,
      387.7,
      387.7,
      387.7,
      387.7,
      387.7,
      387.7,
      387.7,
      387.7,
      387.7,
      387.7,
      387.7,
      387.7,
      387.7,
      387.7,
      387.7,
      387.7,
      387.7,
      387.7,
      387.7,
      387.7,
      387.7,
      387.7,
      387.7,
      387.7,
      387.7,
      387.7,
      387.7,
      387.7,
      387.7,
      387.7,
      5.1
    ]
  },
  "execution_memory": {
    "layer_memory_total_mb": [
      1118.0703125,
      4992.58984375,
      4992.58984375,
      4992.58984375,
      4992.58984375,
      4992.58984375,
      4992.58984375,
      4992.58984375,
      4992.58984375,
      4992.58984375,
      4992.58984375,
      4992.58984375,
      4992.58984375,
      4992.58984375,
      4992.58984375,
      4992.58984375,
      4992.58984375,
      4992.58984375,
      4992.58984375,
      4992.58984375,
      4992.58984375,
      4992.58984375,
      4992.58984375,
      4992.58984375,
      4992.58984375,
      4992.58984375,
      4992.58984375,
      4992.58984375,
      4992.58984375,
      4992.58984375,
      4992.58984375,
      4992.58984375,
      4992.58984375,
      384.109375,
      780.1806640625
    ]
  }
}