{
  "allreduce_size_2_consec_0": 2.7523067972558013,
  "allreduce_size_2_consec_1": 2.7523067972558013,
  "p2p_size_2": 2.7668655013898875,
  "overlap_coe": 1.0,
  "allreduce_size_3_consec_0": 2.0436796249130422,
  "allreduce_size_3_consec_1": 2.0436796249130422,
  "p2p_size_3": 2.7668655013898875,
  "allreduce_size_4_consec_0": 1.7980076690272946,
  "allreduce_size_4_consec_1": 1.7980076690272946,
  "p2p_size_4": 2.7668655013898875,
  "allreduce_size_5_consec_0": 1.6690889659069916,
  "allreduce_size_5_consec_1": 1.6690889659069916,
  "p2p_size_5": 2.7668655013898875,
  "allreduce_size_6_consec_0": 1.5874688973143052,
  "allreduce_size_6_consec_1": 1.5874688973143052,
  "p2p_size_6": 2.7668655013898875,
  "allreduce_size_7_consec_0": 1.529877784692485,
  "allreduce_size_7_consec_1": 1.529877784692485,
  "p2p_size_7": 2.7668655013898875,
  "allreduce_size_8_consec_0": 1.4862740687116043,
  "allreduce_size_8_consec_1": 1.4862740687116043,
  "p2p_size_8": 2.7668655013898875,
  "allreduce_size_9_consec_0": 1.4515943598920669,
  "allreduce_size_9_consec_1": 1.4515943598920669,
  "p2p_size_9": 2.7668655013898875,
  "allreduce_size_10_consec_0": 1.4229978941553363,
  "allreduce_size_10_consec_1": 1.4229978941553363,
  "p2p_size_10": 2.7668655013898875,
  "allreduce_size_11_consec_0": 1.3987613260842213,
  "allreduce_size_11_consec_1": 1.3987613260842213,
  "p2p_size_11": 2.7668655013898875,
  "allreduce_size_12_consec_0": 1.377774673590647,
  "allreduce_size_12_consec_1": 1.377774673590647,
  "p2p_size_12": 2.7668655013898875,
  "allreduce_size_13_consec_0": 1.3592882902610968,
  "allreduce_size_13_consec_1": 1.3592882902610968,
  "p2p_size_13": 2.7668655013898875,
  "allreduce_size_14_consec_0": 1.3427760023460946,
  "allreduce_size_14_consec_1": 1.3427760023460946,
  "p2p_size_14": 2.7668655013898875,
  "allreduce_size_15_consec_0": 1.3278565061303962,
  "allreduce_size_15_consec_1": 1.3278565061303962,
  "p2p_size_15": 2.7668655013898875,
  "allreduce_size_16_consec_0": 1.3142459452634125,
  "allreduce_size_16_consec_1": 1.3142459452634125,
  "p2p_size_16": 2.7668655013898875,
  "allreduce_size_17_consec_0": 1.3017280942743252,
  "allreduce_size_17_consec_1": 1.3017280942743252,
  "p2p_size_17": 2.7668655013898875,
  "allreduce_size_18_consec_0": 1.290134942176234,
  "allreduce_size_18_consec_1": 1.290134942176234,
  "p2p_size_18": 2.7668655013898875,
  "allreduce_size_19_consec_0": 1.2793336604969525,
  "allreduce_size_19_consec_1": 1.2793336604969525,
  "p2p_size_19": 2.7668655013898875,
  "allreduce_size_20_consec_0": 1.2692176231196048,
  "allreduce_size_20_consec_1": 1.2692176231196048,
  "p2p_size_20": 2.7668655013898875,
  "allreduce_size_21_consec_0": 1.259700073331879,
  "allreduce_size_21_consec_1": 1.259700073331879,
  "p2p_size_21": 2.7668655013898875,
  "allreduce_size_22_consec_0": 1.250709565231737,
  "allreduce_size_22_consec_1": 1.250709565231737,
  "p2p_size_22": 2.7668655013898875,
  "allreduce_size_23_consec_0": 1.2421866217785014,
  "allreduce_size_23_consec_1": 1.2421866217785014,
  "p2p_size_23": 2.7668655013898875,
  "allreduce_size_24_consec_0": 1.234081244205786,
  "allreduce_size_24_consec_1": 1.234081244205786,
  "p2p_size_24": 2.7668655013898875,
  "allreduce_size_25_consec_0": 1.2263510281800838,
  "allreduce_size_25_consec_1": 1.2263510281800838,
  "p2p_size_25": 2.7668655013898875,
  "allreduce_size_26_consec_0": 1.2189597195864468,
  "allreduce_size_26_consec_1": 1.2189597195864468,
  "p2p_size_26": 2.7668655013898875,
  "allreduce_size_27_consec_0": 1.2118760936803077,
  "allreduce_size_27_consec_1": 1.2118760936803077,
  "p2p_size_27": 2.7668655013898875,
  "allreduce_size_28_consec_0": 1.2050730753794976,
  "allreduce_size_28_consec_1": 1.2050730753794976,
  "p2p_size_28": 2.7668655013898875,
  "allreduce_size_29_consec_0": 1.1985270416577372,
  "allreduce_size_29_consec_1": 1.1985270416577372,
  "p2p_size_29": 2.7668655013898875,
  "allreduce_size_30_consec_0": 1.1922172630581187,
  "allreduce_size_30_consec_1": 1.1922172630581187,
  "p2p_size_30": 2.7668655013898875,
  "allreduce_size_31_consec_0": 1.186125452633156,
  "allreduce_size_31_consec_1": 1.186125452633156,
  "p2p_size_31": 2.7668655013898875,
  "allreduce_size_32_consec_0": 1.1802353986641112,
  "allreduce_size_32_consec_1": 1.1802353986641112,
  "p2p_size_32": 2.7668655013898875,
  "allreduce_size_33_consec_0": 1.17453266332165,
  "allreduce_size_33_consec_1": 1.17453266332165,
  "p2p_size_33": 2.7668655013898875,
  "allreduce_size_34_consec_0": 1.1690043336744658,
  "allreduce_size_34_consec_1": 1.1690043336744658,
  "p2p_size_34": 2.7668655013898875,
  "allreduce_size_35_consec_0": 1.1636388145884147,
  "allreduce_size_35_consec_1": 1.1636388145884147,
  "p2p_size_35": 2.7668655013898875,
  "allreduce_size_36_consec_0": 1.158425655399538,
  "allreduce_size_36_consec_1": 1.158425655399538,
  "p2p_size_36": 2.7668655013898875,
  "allreduce_size_37_consec_0": 1.153355404008726,
  "allreduce_size_37_consec_1": 1.153355404008726,
  "p2p_size_37": 2.7668655013898875,
  "allreduce_size_38_consec_0": 1.148419483387732,
  "allreduce_size_38_consec_1": 1.148419483387732,
  "p2p_size_38": 2.7668655013898875,
  "allreduce_size_39_consec_0": 1.1436100865156644,
  "allreduce_size_39_consec_1": 1.1436100865156644,
  "p2p_size_39": 2.7668655013898875,
  "allreduce_size_40_consec_0": 1.138920086561087,
  "allreduce_size_40_consec_1": 1.138920086561087,
  "p2p_size_40": 2.7668655013898875,
  "allreduce_size_41_consec_0": 1.134342959745068,
  "allreduce_size_41_consec_1": 1.134342959745068,
  "p2p_size_41": 2.7668655013898875,
  "allreduce_size_42_consec_0": 1.1298727188071873,
  "allreduce_size_42_consec_1": 1.1298727188071873,
  "p2p_size_42": 2.7668655013898875,
  "allreduce_size_43_consec_0": 1.1255038553810006,
  "allreduce_size_43_consec_1": 1.1255038553810006,
  "p2p_size_43": 2.7668655013898875,
  "allreduce_size_44_consec_0": 1.121231289891164,
  "allreduce_size_44_consec_1": 1.121231289891164,
  "p2p_size_44": 2.7668655013898875,
  "allreduce_size_45_consec_0": 1.117050327828959,
  "allreduce_size_45_consec_1": 1.117050327828959,
  "p2p_size_45": 2.7668655013898875,
  "allreduce_size_46_consec_0": 1.1129566214597069,
  "allreduce_size_46_consec_1": 1.1129566214597069,
  "p2p_size_46": 2.7668655013898875,
  "allreduce_size_47_consec_0": 1.108946136174725,
  "allreduce_size_47_consec_1": 1.108946136174725,
  "p2p_size_47": 2.7668655013898875,
  "allreduce_size_48_consec_0": 1.1050151208298993,
  "allreduce_size_48_consec_1": 1.1050151208298993,
  "p2p_size_48": 2.7668655013898875,
  "allreduce_size_49_consec_0": 1.101160081518739,
  "allreduce_size_49_consec_1": 1.101160081518739,
  "p2p_size_49": 2.7668655013898875,
  "allreduce_size_50_consec_0": 1.0973777583146347,
  "allreduce_size_50_consec_1": 1.0973777583146347,
  "p2p_size_50": 2.7668655013898875,
  "allreduce_size_51_consec_0": 1.0936651045886905,
  "allreduce_size_51_consec_1": 1.0936651045886905,
  "p2p_size_51": 2.7668655013898875,
  "allreduce_size_52_consec_0": 1.0900192685688617,
  "allreduce_size_52_consec_1": 1.0900192685688617,
  "p2p_size_52": 2.7668655013898875,
  "allreduce_size_53_consec_0": 1.0864375768555177,
  "allreduce_size_53_consec_1": 1.0864375768555177,
  "p2p_size_53": 2.7668655013898875,
  "allreduce_size_54_consec_0": 1.0829175196497973,
  "allreduce_size_54_consec_1": 1.0829175196497973,
  "p2p_size_54": 2.7668655013898875,
  "allreduce_size_55_consec_0": 1.079456737485697,
  "allreduce_size_55_consec_1": 1.079456737485697,
  "p2p_size_55": 2.7668655013898875,
  "allreduce_size_56_consec_0": 1.0760530092859482,
  "allreduce_size_56_consec_1": 1.0760530092859482,
  "p2p_size_56": 2.7668655013898875,
  "allreduce_size_57_consec_0": 1.0727042415863115,
  "allreduce_size_57_consec_1": 1.0727042415863115,
  "p2p_size_57": 2.7668655013898875,
  "allreduce_size_58_consec_0": 1.0694084587937387,
  "allreduce_size_58_consec_1": 1.0694084587937387,
  "p2p_size_58": 2.7668655013898875,