{
  "model": {
    "model_name": "OPT-350",
    "num_layers": 26,
    "parameters": {
      "total_parameters_bytes": 819879936,
      "parameters_per_layer_bytes": [
        111673344,
        25204736,
        25204736,
        25204736,
        25204736,
        25204736,
        25204736,
        25204736,
        25204736,
        25204736,
        25204736,
        25204736,
        25204736,
        25204736,
        25204736,
        25204736,
        25204736,
        25204736,
        25204736,
        25204736,
        25204736,
        25204736,
        25204736,
        25204736,
        25204736,
        103292928
      ],
      "activation_parameters_bytes": [
        8388608,
        8388608,
        8388608,
        8388608,
        8388608,
        8388608,
        8388608,
        8388608,
        8388608,
        8388608,
        8388608,
        8388608,
        8388608,
        8388608,
        8388608,
        8388608,
        8388608,
        8388608,
        8388608,
        8388608,
        8388608,
        8388608,
        8388608,
        8388608,
        8388608,
        206569476
      ]
    }
  },
  "execution_time": {
    "total_time_ms": 308.01699999999994,
    "forward_backward_time_ms": 241.01500000000007,
    "batch_generator_time_ms": 0.0,
    "optimizer_time_ms": 67.00199999999997,
    "layer_compute_total_ms": [
      0.9339999999999999,
      9.73,
      9.465,
      9.465,
      9.465,
      9.465,
      9.465,
      9.465,
      9.465,
      9.465,
      9.465,
      9.465,
      9.465,
      9.465,
      9.465,
      9.465,
      9.465,
      9.465,
      9.465,
      9.465,
      9.465,
      9.465,
      9.465,
      9.465,
      9.465,
      12.655999999999999
    ]
  },
  "execution_memory": {
    "layer_memory_total_mb": [
      540.517578125,
      304.201171875,
      304.201171875,
      304.201171875,
      304.201171875,
      304.201171875,
      304.201171875,
      304.201171875,
      304.201171875,
      304.201171875,
      304.201171875,
      304.201171875,
      304.201171875,
      304.201171875,
      304.201171875,
      304.201171875,
      304.201171875,
      304.201171875,
      304.201171875,
      304.201171875,
      304.201171875,
      304.201171875,
      304.201171875,
      304.201171875,
      304.201171875,
      896.5654296875
    ]
  }
}