{
  "model": {
    "model_name": "OPT-350",
    "num_layers": 26,
    "parameters": {
      "total_parameters_bytes": 819879936,
      "parameters_per_layer_bytes": [
        111673344,
        25204736,
        25204736,
        25204736,
        25204736,
        25204736,
        25204736,
        25204736,
        25204736,
        25204736,
        25204736,
        25204736,
        25204736,
        25204736,
        25204736,
        25204736,
        25204736,
        25204736,
        25204736,
        25204736,
        25204736,
        25204736,
        25204736,
        25204736,
        25204736,
        103292928
      ],
      "activation_parameters_bytes": [
        16777216,
        16777216,
        16777216,
        16777216,
        16777216,
        16777216,
        16777216,
        16777216,
        16777216,
        16777216,
        16777216,
        16777216,
        16777216,
        16777216,
        16777216,
        16777216,
        16777216,
        16777216,
        16777216,
        16777216,
        16777216,
        16777216,
        16777216,
        16777216,
        16777216,
        413138952
      ]
    }
  },
  "execution_time": {
    "total_time_ms": 540.4590000000003,
    "forward_backward_time_ms": 473.4570000000002,
    "batch_generator_time_ms": 0.0,
    "optimizer_time_ms": 67.00199999999997,
    "layer_compute_total_ms": [
      1.107,
      18.871,
      18.634,
      18.634,
      18.634,
      18.634,
      18.634,
      18.634,
      18.634,
      18.634,
      18.634,
      18.634,
      18.634,
      18.634,
      18.634,
      18.634,
      18.634,
      18.634,
      18.634,
      18.634,
      18.634,
      18.634,
      18.634,
      18.634,
      18.634,
      24.897
    ]
  },
  "execution_memory": {
    "layer_memory_total_mb": [
      548.53515625,
      488.216796875,
      488.216796875,
      488.216796875,
      488.216796875,
      488.216796875,
      488.216796875,
      488.216796875,
      488.216796875,
      488.216796875,
      488.216796875,
      488.216796875,
      488.216796875,
      488.216796875,
      488.216796875,
      488.216796875,
      488.216796875,
      488.216796875,
      488.216796875,
      488.216796875,
      488.216796875,
      488.216796875,
      488.216796875,
      488.216796875,
      488.216796875,
      1300.591796875
    ]
  }
}