{
  "model": {
    "model_name": "OPT-350",
    "num_layers": 26,
    "parameters": {
      "total_parameters_bytes": 212496384,
      "parameters_per_layer_bytes": [
        34603008,
        6319616,
        6319616,
        6319616,
        6319616,
        6319616,
        6319616,
        6319616,
        6319616,
        6319616,
        6319616,
        6319616,
        6319616,
        6319616,
        6319616,
        6319616,
        6319616,
        6319616,
        6319616,
        6319616,
        6319616,
        6319616,
        6319616,
        6319616,
        6319616,
        26222592
      ],
      "activation_parameters_bytes": [
        16777216,
        16777216,
        16777216,
        16777216,
        16777216,
        16777216,
        16777216,
        16777216,
        16777216,
        16777216,
        16777216,
        16777216,
        16777216,
        16777216,
        16777216,
        16777216,
        16777216,
        16777216,
        16777216,
        16777216,
        16777216,
        16777216,
        16777216,
        16777216,
        16777216,
        104857608
      ]
    }
  },
  "execution_time": {
    "total_time_ms": 1918.939000000001,
    "forward_backward_time_ms": 1896.3710000000012,
    "batch_generator_time_ms": 0.0,
    "optimizer_time_ms": 22.567999999999994,
    "layer_compute_total_ms": [
      18.535,
      77.495,
      77.168,
      77.168,
      77.168,
      77.168,
      77.168,
      77.168,
      77.168,
      77.168,
      77.168,
      77.168,
      77.168,
      77.168,
      77.168,
      77.168,
      77.168,
      77.168,
      77.168,
      77.168,
      77.168,
      77.168,
      77.168,
      77.168,
      77.168,
      25.477
    ]
  },
  "execution_memory": {
    "layer_memory_total_mb": [
      181.03515625,
      158.16552734375,
      158.16552734375,
      158.16552734375,
      158.16552734375,
      158.16552734375,
      158.16552734375,
      158.16552734375,
      158.16552734375,
      158.16552734375,
      158.16552734375,
      158.16552734375,
      158.16552734375,
      158.16552734375,
      158.16552734375,
      158.16552734375,
      158.16552734375,
      158.16552734375,
      158.16552734375,
      158.16552734375,
      158.16552734375,
      158.16552734375,
      158.16552734375,
      158.16552734375,
      158.16552734375,
      341.091796875
    ]
  }
}