{
  "model": {
    "model_name": "OPT-350",
    "num_layers": 26,
    "parameters": {
      "total_parameters_bytes": 414957568,
      "parameters_per_layer_bytes": [
        60293120,
        12614656,
        12614656,
        12614656,
        12614656,
        12614656,
        12614656,
        12614656,
        12614656,
        12614656,
        12614656,
        12614656,
        12614656,
        12614656,
        12614656,
        12614656,
        12614656,
        12614656,
        12614656,
        12614656,
        12614656,
        12614656,
        12614656,
        12614656,
        12614656,
        51912704
      ],
      "activation_parameters_bytes": [
        16777216,
        16777216,
        16777216,
        16777216,
        16777216,
        16777216,
        16777216,
        16777216,
        16777216,
        16777216,
        16777216,
        16777216,
        16777216,
        16777216,
        16777216,
        16777216,
        16777216,
        16777216,
        16777216,
        16777216,
        16777216,
        16777216,
        16777216,
        16777216,
        16777216,
        207618056
      ]
    }
  },
  "execution_time": {
    "total_time_ms": 779.4760000000003,
    "forward_backward_time_ms": 741.6979999999999,
    "batch_generator_time_ms": 0.0,
    "optimizer_time_ms": 37.778,
    "layer_compute_total_ms": [
      6.153,
      29.777,
      29.92,
      29.92,
      29.92,
      29.92,
      29.92,
      29.92,
      29.92,
      29.92,
      29.92,
      29.92,
      29.92,
      29.92,
      29.92,
      29.92,
      29.92,
      29.92,
      29.92,
      29.92,
      29.92,
      29.92,
      29.92,
      29.92,
      29.92,
      17.608000000000004
    ]
  },
  "execution_memory": {
    "layer_memory_total_mb": [
      303.53515625,
      269.1826171875,
      268.1826171875,
      268.1826171875,
      268.1826171875,
      268.1826171875,
      268.1826171875,
      268.1826171875,
      268.1826171875,
      268.1826171875,
      268.1826171875,
      268.1826171875,
      268.1826171875,
      268.1826171875,
      268.1826171875,
      268.1826171875,
      268.1826171875,
      268.1826171875,
      268.1826171875,
      268.1826171875,
      268.1826171875,
      268.1826171875,
      268.1826171875,
      268.1826171875,
      268.1826171875,
      663.591796875
    ]
  }
}