{
  "model": {
    "model_name": "OPT-350",
    "num_layers": 26,
    "parameters": {
      "total_parameters_bytes": 212496384,
      "parameters_per_layer_bytes": [
        34603008,
        6319616,
        6319616,
        6319616,
        6319616,
        6319616,
        6319616,
        6319616,
        6319616,
        6319616,
        6319616,
        6319616,
        6319616,
        6319616,
        6319616,
        6319616,
        6319616,
        6319616,
        6319616,
        6319616,
        6319616,
        6319616,
        6319616,
        6319616,
        6319616,
        26222592
      ],
      "activation_parameters_bytes": [
        268435456,
        268435456,
        268435456,
        268435456,
        268435456,
        268435456,
        268435456,
        268435456,
        268435456,
        268435456,
        268435456,
        268435456,
        268435456,
        268435456,
        268435456,
        268435456,
        268435456,
        268435456,
        268435456,
        268435456,
        268435456,
        268435456,
        268435456,
        268435456,
        268435456,
        1677721728
      ]
    }
  },
  "execution_time": {
    "total_time_ms": 33132.57499999999,
    "forward_backward_time_ms": 33101.63500000002,
    "batch_generator_time_ms": 0.0,
    "optimizer_time_ms": 30.940000000000015,
    "layer_compute_total_ms": [
      322.66,
      1350.031,
      1348.1109999999999,
      1348.1109999999999,
      1348.1109999999999,
      1348.1109999999999,
      1348.1109999999999,
      1348.1109999999999,
      1348.1109999999999,
      1348.1109999999999,
      1348.1109999999999,
      1348.1109999999999,
      1348.1109999999999,
      1348.1109999999999,
      1348.1109999999999,
      1348.1109999999999,
      1348.1109999999999,
      1348.1109999999999,
      1348.1109999999999,
      1348.1109999999999,
      1348.1109999999999,
      1348.1109999999999,
      1348.1109999999999,
      1348.1109999999999,
      1348.1109999999999,
      422.391
    ]
  },
  "execution_memory": {
    "layer_memory_total_mb": [
      421.5625,
      2078.63427734375,
      2078.63427734375,
      2078.63427734375,
      2078.63427734375,
      2078.63427734375,
      2078.63427734375,
      2078.63427734375,
      2078.63427734375,
      2078.63427734375,
      2078.63427734375,
      2078.63427734375,
      2078.63427734375,
      2078.63427734375,
      2078.63427734375,
      2078.63427734375,
      2078.63427734375,
      2078.63427734375,
      2078.63427734375,
      2078.63427734375,
      2078.63427734375,
      2078.63427734375,
      2078.63427734375,
      2078.63427734375,
      2078.63427734375,
      3581.8828125
    ]
  }
}