{
  "model": {
    "model_name": "OPT-350",
    "num_layers": 26,
    "parameters": {
      "total_parameters_bytes": 414957568,
      "parameters_per_layer_bytes": [
        60293120,
        12614656,
        12614656,
        12614656,
        12614656,
        12614656,
        12614656,
        12614656,
        12614656,
        12614656,
        12614656,
        12614656,
        12614656,
        12614656,
        12614656,
        12614656,
        12614656,
        12614656,
        12614656,
        12614656,
        12614656,
        12614656,
        12614656,
        12614656,
        12614656,
        51912704
      ],
      "activation_parameters_bytes": [
        268435456,
        268435456,
        268435456,
        268435456,
        268435456,
        268435456,
        268435456,
        268435456,
        268435456,
        268435456,
        268435456,
        268435456,
        268435456,
        268435456,
        268435456,
        268435456,
        268435456,
        268435456,
        268435456,
        268435456,
        268435456,
        268435456,
        268435456,
        268435456,
        268435456,
        3321888896
      ]
    }
  },
  "execution_time": {
    "total_time_ms": 9219.662000000002,
    "forward_backward_time_ms": 9179.492,
    "batch_generator_time_ms": 0.0,
    "optimizer_time_ms": 40.17000000000002,
    "layer_compute_total_ms": [
      46.043,
      343.65,
      366.384,
      366.384,
      366.384,
      366.384,
      366.384,
      366.384,
      366.384,
      366.384,
      366.384,
      366.384,
      366.384,
      366.384,
      366.384,
      366.384,
      366.384,
      366.384,
      366.384,
      366.384,
      366.384,
      366.384,
      366.384,
      366.384,
      366.384,
      362.967
    ]
  },
  "execution_memory": {
    "layer_memory_total_mb": [
      544.0625,
      3404.6513671875,
      3388.6513671875,
      3388.6513671875,
      3388.6513671875,
      3388.6513671875,
      3388.6513671875,
      3388.6513671875,
      3388.6513671875,
      3388.6513671875,
      3388.6513671875,
      3388.6513671875,
      3388.6513671875,
      3388.6513671875,
      3388.6513671875,
      3388.6513671875,
      3388.6513671875,
      3388.6513671875,
      3388.6513671875,
      3388.6513671875,
      3388.6513671875,
      3388.6513671875,
      3388.6513671875,
      3388.6513671875,
      3388.6513671875,
      6904.3828125
    ]
  }
}