{
  "model": {
    "model_name": "OPT-350",
    "num_layers": 26,
    "parameters": {
      "total_parameters_bytes": 414957568,
      "parameters_per_layer_bytes": [
        60293120,
        12614656,
        12614656,
        12614656,
        12614656,
        12614656,
        12614656,
        12614656,
        12614656,
        12614656,
        12614656,
        12614656,
        12614656,
        12614656,
        12614656,
        12614656,
        12614656,
        12614656,
        12614656,
        12614656,
        12614656,
        12614656,
        12614656,
        12614656,
        12614656,
        51912704
      ],
      "activation_parameters_bytes": [
        33554432,
        33554432,
        33554432,
        33554432,
        33554432,
        33554432,
        33554432,
        33554432,
        33554432,
        33554432,
        33554432,
        33554432,
        33554432,
        33554432,
        33554432,
        33554432,
        33554432,
        33554432,
        33554432,
        33554432,
        33554432,
        33554432,
        33554432,
        33554432,
        33554432,
        415236112
      ]
    }
  },
  "execution_time": {
    "total_time_ms": 1493.1189999999997,
    "forward_backward_time_ms": 1455.0030000000002,
    "batch_generator_time_ms": 0.0,
    "optimizer_time_ms": 38.116000000000014,
    "layer_compute_total_ms": [
      11.061,
      58.641000000000005,
      58.766,
      58.766,
      58.766,
      58.766,
      58.766,
      58.766,
      58.766,
      58.766,
      58.766,
      58.766,
      58.766,
      58.766,
      58.766,
      58.766,
      58.766,
      58.766,
      58.766,
      58.766,
      58.766,
      58.766,
      58.766,
      58.766,
      58.766,
      33.683
    ]
  },
  "execution_memory": {
    "layer_memory_total_mb": [
      319.5703125,
      478.2138671875,
      476.2138671875,
      476.2138671875,
      476.2138671875,
      476.2138671875,
      476.2138671875,
      476.2138671875,
      476.2138671875,
      476.2138671875,
      476.2138671875,
      476.2138671875,
      476.2138671875,
      476.2138671875,
      476.2138671875,
      476.2138671875,
      476.2138671875,
      476.2138671875,
      476.2138671875,
      476.2138671875,
      476.2138671875,
      476.2138671875,
      476.2138671875,
      476.2138671875,
      476.2138671875,
      1079.64453125
    ]
  }
}