{
  "model": {
    "model_name": "OPT-350",
    "num_layers": 26,
    "parameters": {
      "total_parameters_bytes": 1629724672,
      "parameters_per_layer_bytes": [
        214433792,
        50384896,
        50384896,
        50384896,
        50384896,
        50384896,
        50384896,
        50384896,
        50384896,
        50384896,
        50384896,
        50384896,
        50384896,
        50384896,
        50384896,
        50384896,
        50384896,
        50384896,
        50384896,
        50384896,
        50384896,
        50384896,
        50384896,
        50384896,
        50384896,
        206053376
      ],
      "activation_parameters_bytes": [
        33554432,
        33554432,
        33554432,
        33554432,
        33554432,
        33554432,
        33554432,
        33554432,
        33554432,
        33554432,
        33554432,
        33554432,
        33554432,
        33554432,
        33554432,
        33554432,
        33554432,
        33554432,
        33554432,
        33554432,
        33554432,
        33554432,
        33554432,
        33554432,
        33554432,
        1648361488
      ]
    }
  },
  "execution_time": {
    "total_time_ms": 1770.4179999999992,
    "forward_backward_time_ms": 1643.0180000000007,
    "batch_generator_time_ms": 0.0,
    "optimizer_time_ms": 127.40000000000006,
    "layer_compute_total_ms": [
      0.386,
      64.274,
      64.40199999999999,
      64.40199999999999,
      64.40199999999999,
      64.40199999999999,
      64.40199999999999,
      64.40199999999999,
      64.40199999999999,
      64.40199999999999,
      64.40199999999999,
      64.40199999999999,
      64.40199999999999,
      64.40199999999999,
      64.40199999999999,
      64.40199999999999,
      64.40199999999999,
      64.40199999999999,
      64.40199999999999,
      64.40199999999999,
      64.40199999999999,
      64.40199999999999,
      64.40199999999999,
      64.40199999999999,
      64.40199999999999,
      97.112
    ]
  },
  "execution_memory": {
    "layer_memory_total_mb": [
      1054.5,
      1616.31640625,
      1616.31640625,
      1616.31640625,
      1616.31640625,
      1616.31640625,
      1616.31640625,
      1616.31640625,
      1616.31640625,
      1616.31640625,
      1616.31640625,
      1616.31640625,
      1616.31640625,
      1616.31640625,
      1616.31640625,
      1616.31640625,
      1616.31640625,
      1616.31640625,
      1616.31640625,
      1616.31640625,
      1616.31640625,
      1616.31640625,
      1616.31640625,
      1616.31640625,
      1616.31640625,
      4166.64453125
    ]
  }
}