{
  "model": {
    "model_name": "OPT-350",
    "num_layers": 26,
    "parameters": {
      "total_parameters_bytes": 212496384,
      "parameters_per_layer_bytes": [
        34603008,
        6319616,
        6319616,
        6319616,
        6319616,
        6319616,
        6319616,
        6319616,
        6319616,
        6319616,
        6319616,
        6319616,
        6319616,
        6319616,
        6319616,
        6319616,
        6319616,
        6319616,
        6319616,
        6319616,
        6319616,
        6319616,
        6319616,
        6319616,
        6319616,
        26222592
      ],
      "activation_parameters_bytes": [
        33554432,
        33554432,
        33554432,
        33554432,
        33554432,
        33554432,
        33554432,
        33554432,
        33554432,
        33554432,
        33554432,
        33554432,
        33554432,
        33554432,
        33554432,
        33554432,
        33554432,
        33554432,
        33554432,
        33554432,
        33554432,
        33554432,
        33554432,
        33554432,
        33554432,
        209715216
      ]
    }
  },
  "execution_time": {
    "total_time_ms": 4124.761999999999,
    "forward_backward_time_ms": 4101.491999999998,
    "batch_generator_time_ms": 0.0,
    "optimizer_time_ms": 23.269999999999992,
    "layer_compute_total_ms": [
      41.061,
      166.111,
      166.966,
      166.966,
      166.966,
      166.966,
      166.966,
      166.966,
      166.966,
      166.966,
      166.966,
      166.966,
      166.966,
      166.966,
      166.966,
      166.966,
      166.966,
      166.966,
      166.966,
      166.966,
      166.966,
      166.966,
      166.966,
      166.966,
      166.966,
      54.102000000000004
    ]
  },
  "execution_memory": {
    "layer_memory_total_mb": [
      197.0703125,
      286.19677734375,
      286.19677734375,
      286.19677734375,
      286.19677734375,
      286.19677734375,
      286.19677734375,
      286.19677734375,
      286.19677734375,
      286.19677734375,
      286.19677734375,
      286.19677734375,
      286.19677734375,
      286.19677734375,
      286.19677734375,
      286.19677734375,
      286.19677734375,
      286.19677734375,
      286.19677734375,
      286.19677734375,
      286.19677734375,
      286.19677734375,
      286.19677734375,
      286.19677734375,
      286.19677734375,
      557.14453125
    ]
  }
}