{
  "model": {
    "model_name": "OPT-350",
    "num_layers": 26,
    "parameters": {
      "total_parameters_bytes": 819879936,
      "parameters_per_layer_bytes": [
        111673344,
        25204736,
        25204736,
        25204736,
        25204736,
        25204736,
        25204736,
        25204736,
        25204736,
        25204736,
        25204736,
        25204736,
        25204736,
        25204736,
        25204736,
        25204736,
        25204736,
        25204736,
        25204736,
        25204736,
        25204736,
        25204736,
        25204736,
        25204736,
        25204736,
        103292928
      ],
      "activation_parameters_bytes": [
        33554432,
        33554432,
        33554432,
        33554432,
        33554432,
        33554432,
        33554432,
        33554432,
        33554432,
        33554432,
        33554432,
        33554432,
        33554432,
        33554432,
        33554432,
        33554432,
        33554432,
        33554432,
        33554432,
        33554432,
        33554432,
        33554432,
        33554432,
        33554432,
        33554432,
        826277904
      ]
    }
  },
  "execution_time": {
    "total_time_ms": 1004.4270000000004,
    "forward_backward_time_ms": 936.9049999999994,
    "batch_generator_time_ms": 0.0,
    "optimizer_time_ms": 67.522,
    "layer_compute_total_ms": [
      1.695,
      36.93899999999999,
      36.934999999999995,
      36.934999999999995,
      36.934999999999995,
      36.934999999999995,
      36.934999999999995,
      36.934999999999995,
      36.934999999999995,
      36.934999999999995,
      36.934999999999995,
      36.934999999999995,
      36.934999999999995,
      36.934999999999995,
      36.934999999999995,
      36.934999999999995,
      36.934999999999995,
      36.934999999999995,
      36.934999999999995,
      36.934999999999995,
      36.934999999999995,
      36.934999999999995,
      36.934999999999995,
      36.934999999999995,
      36.934999999999995,
      48.766000000000005
    ]
  },
  "execution_memory": {
    "layer_memory_total_mb": [
      564.5703125,
      856.248046875,
      856.248046875,
      856.248046875,
      856.248046875,
      856.248046875,
      856.248046875,
      856.248046875,
      856.248046875,
      856.248046875,
      856.248046875,
      856.248046875,
      856.248046875,
      856.248046875,
      856.248046875,
      856.248046875,
      856.248046875,
      856.248046875,
      856.248046875,
      856.248046875,
      856.248046875,
      856.248046875,
      856.248046875,
      856.248046875,
      856.248046875,
      2108.64453125
    ]
  }
}