{
  "model": {
    "model_name": "OPT-350",
    "num_layers": 26,
    "parameters": {
      "total_parameters_bytes": 212496384,
      "parameters_per_layer_bytes": [
        34603008,
        6319616,
        6319616,
        6319616,
        6319616,
        6319616,
        6319616,
        6319616,
        6319616,
        6319616,
        6319616,
        6319616,
        6319616,
        6319616,
        6319616,
        6319616,
        6319616,
        6319616,
        6319616,
        6319616,
        6319616,
        6319616,
        6319616,
        6319616,
        6319616,
        26222592
      ],
      "activation_parameters_bytes": [
        536870912,
        536870912,
        536870912,
        536870912,
        536870912,
        536870912,
        536870912,
        536870912,
        536870912,
        536870912,
        536870912,
        536870912,
        536870912,
        536870912,
        536870912,
        536870912,
        536870912,
        536870912,
        536870912,
        536870912,
        536870912,
        536870912,
        536870912,
        536870912,
        536870912,
        3355443456
      ]
    }
  },
  "execution_time": {
    "total_time_ms": 66813.08499999999,
    "forward_backward_time_ms": 66789.34699999998,
    "batch_generator_time_ms": 0.0,
    "optimizer_time_ms": 23.738000000000003,
    "layer_compute_total_ms": [
      643.663,
      2723.187,
      2720.924,
      2720.924,
      2720.924,
      2720.924,
      2720.924,
      2720.924,
      2720.924,
      2720.924,
      2720.924,
      2720.924,
      2720.924,
      2720.924,
      2720.924,
      2720.924,
      2720.924,
      2720.924,
      2720.924,
      2720.924,
      2720.924,
      2720.924,
      2720.924,
      2720.924,
      2720.924,
      841.245
    ]
  },
  "execution_memory": {
    "layer_memory_total_mb": [
      678.125,
      4127.13427734375,
      4127.13427734375,
      4127.13427734375,
      4127.13427734375,
      4127.13427734375,
      4127.13427734375,
      4127.13427734375,
      4127.13427734375,
      4127.13427734375,
      4127.13427734375,
      4127.13427734375,
      4127.13427734375,
      4127.13427734375,
      4127.13427734375,
      4127.13427734375,
      4127.13427734375,
      4127.13427734375,
      4127.13427734375,
      4127.13427734375,
      4127.13427734375,
      4127.13427734375,
      4127.13427734375,
      4127.13427734375,
      4127.13427734375,
      7038.7265625
    ]
  }
}