{
  "model": {
    "model_name": "OPT-350",
    "num_layers": 26,
    "parameters": {
      "total_parameters_bytes": 414957568,
      "parameters_per_layer_bytes": [
        60293120,
        12614656,
        12614656,
        12614656,
        12614656,
        12614656,
        12614656,
        12614656,
        12614656,
        12614656,
        12614656,
        12614656,
        12614656,
        12614656,
        12614656,
        12614656,
        12614656,
        12614656,
        12614656,
        12614656,
        12614656,
        12614656,
        12614656,
        12614656,
        12614656,
        51912704
      ],
      "activation_parameters_bytes": [
        67108864,
        67108864,
        67108864,
        67108864,
        67108864,
        67108864,
        67108864,
        67108864,
        67108864,
        67108864,
        67108864,
        67108864,
        67108864,
        67108864,
        67108864,
        67108864,
        67108864,
        67108864,
        67108864,
        67108864,
        67108864,
        67108864,
        67108864,
        67108864,
        67108864,
        830472224
      ]
    }
  },
  "execution_time": {
    "total_time_ms": 2894.6320000000005,
    "forward_backward_time_ms": 2856.308,
    "batch_generator_time_ms": 0.0,
    "optimizer_time_ms": 38.323999999999984,
    "layer_compute_total_ms": [
      21.428,
      114.987,
      115.29400000000001,
      115.29400000000001,
      115.29400000000001,
      115.29400000000001,
      115.29400000000001,
      115.29400000000001,
      115.29400000000001,
      115.29400000000001,
      115.29400000000001,
      115.29400000000001,
      115.29400000000001,
      115.29400000000001,
      115.29400000000001,
      115.29400000000001,
      115.29400000000001,
      115.29400000000001,
      115.29400000000001,
      115.29400000000001,
      115.29400000000001,
      115.29400000000001,
      115.29400000000001,
      115.29400000000001,
      115.29400000000001,
      68.131
    ]
  },
  "execution_memory": {
    "layer_memory_total_mb": [
      351.640625,
      896.2763671875,
      892.2763671875,
      892.2763671875,
      892.2763671875,
      892.2763671875,
      892.2763671875,
      892.2763671875,
      892.2763671875,
      892.2763671875,
      892.2763671875,
      892.2763671875,
      892.2763671875,
      892.2763671875,
      892.2763671875,
      892.2763671875,
      892.2763671875,
      892.2763671875,
      892.2763671875,
      892.2763671875,
      892.2763671875,
      892.2763671875,
      892.2763671875,
      892.2763671875,
      892.2763671875,
      1911.75
    ]
  }
}