{
  "model": {
    "model_name": "OPT-350",
    "num_layers": 26,
    "parameters": {
      "total_parameters_bytes": 212496384,
      "parameters_per_layer_bytes": [
        34603008,
        6319616,
        6319616,
        6319616,
        6319616,
        6319616,
        6319616,
        6319616,
        6319616,
        6319616,
        6319616,
        6319616,
        6319616,
        6319616,
        6319616,
        6319616,
        6319616,
        6319616,
        6319616,
        6319616,
        6319616,
        6319616,
        6319616,
        6319616,
        6319616,
        26222592
      ],
      "activation_parameters_bytes": [
        67108864,
        67108864,
        67108864,
        67108864,
        67108864,
        67108864,
        67108864,
        67108864,
        67108864,
        67108864,
        67108864,
        67108864,
        67108864,
        67108864,
        67108864,
        67108864,
        67108864,
        67108864,
        67108864,
        67108864,
        67108864,
        67108864,
        67108864,
        67108864,
        67108864,
        419430432
      ]
    }
  },
  "execution_time": {
    "total_time_ms": 8164.147000000003,
    "forward_backward_time_ms": 8137.575000000004,
    "batch_generator_time_ms": 0.0,
    "optimizer_time_ms": 26.571999999999985,
    "layer_compute_total_ms": [
      80.269,
      331.01099999999997,
      331.368,
      331.368,
      331.368,
      331.368,
      331.368,
      331.368,
      331.368,
      331.368,
      331.368,
      331.368,
      331.368,
      331.368,
      331.368,
      331.368,
      331.368,
      331.368,
      331.368,
      331.368,
      331.368,
      331.368,
      331.368,
      331.368,
      331.368,
      104.831
    ]
  },
  "execution_memory": {
    "layer_memory_total_mb": [
      229.140625,
      542.25927734375,
      542.25927734375,
      542.25927734375,
      542.25927734375,
      542.25927734375,
      542.25927734375,
      542.25927734375,
      542.25927734375,
      542.25927734375,
      542.25927734375,
      542.25927734375,
      542.25927734375,
      542.25927734375,
      542.25927734375,
      542.25927734375,
      542.25927734375,
      542.25927734375,
      542.25927734375,
      542.25927734375,
      542.25927734375,
      542.25927734375,
      542.25927734375,
      542.25927734375,
      542.25927734375,
      989.25
    ]
  }
}