{
  "model": {
    "model_name": "OPT-350",
    "num_layers": 26,
    "parameters": {
      "total_parameters_bytes": 1629724672,
      "parameters_per_layer_bytes": [
        214433792,
        50384896,
        50384896,
        50384896,
        50384896,
        50384896,
        50384896,
        50384896,
        50384896,
        50384896,
        50384896,
        50384896,
        50384896,
        50384896,
        50384896,
        50384896,
        50384896,
        50384896,
        50384896,
        50384896,
        50384896,
        50384896,
        50384896,
        50384896,
        50384896,
        206053376
      ],
      "activation_parameters_bytes": [
        67108864,
        67108864,
        67108864,
        67108864,
        67108864,
        67108864,
        67108864,
        67108864,
        67108864,
        67108864,
        67108864,
        67108864,
        67108864,
        67108864,
        67108864,
        67108864,
        67108864,
        67108864,
        67108864,
        67108864,
        67108864,
        67108864,
        67108864,
        67108864,
        67108864,
        3296722976
      ]
    }
  },
  "execution_time": {
    "total_time_ms": 3539.8139999999985,
    "forward_backward_time_ms": 3411.945999999998,
    "batch_generator_time_ms": 0.0,
    "optimizer_time_ms": 127.86800000000005,
    "layer_compute_total_ms": [
      0.6940000000000001,
      130.545,
      133.798,
      133.798,
      133.798,
      133.798,
      133.798,
      133.798,
      133.798,
      133.798,
      133.798,
      133.798,
      133.798,
      133.798,
      133.798,
      133.798,
      133.798,
      133.798,
      133.798,
      133.798,
      133.798,
      133.798,
      133.798,
      133.798,
      133.798,
      203.353
    ]
  },
  "execution_memory": {
    "layer_memory_total_mb": [
      1086.5,
      2992.37890625,
      2992.37890625,
      2992.37890625,
      2992.37890625,
      2992.37890625,
      2992.37890625,
      2992.37890625,
      2992.37890625,
      2992.37890625,
      2992.37890625,
      2992.37890625,
      2992.37890625,
      2992.37890625,
      2992.37890625,
      2992.37890625,
      2992.37890625,
      2992.37890625,
      2992.37890625,
      2992.37890625,
      2992.37890625,
      2992.37890625,
      2992.37890625,
      2992.37890625,
      2992.37890625,
      7350.75
    ]
  }
}