{
  "model": {
    "model_name": "OPT-350",
    "num_layers": 26,
    "parameters": {
      "total_parameters_bytes": 819879936,
      "parameters_per_layer_bytes": [
        111673344,
        25204736,
        25204736,
        25204736,
        25204736,
        25204736,
        25204736,
        25204736,
        25204736,
        25204736,
        25204736,
        25204736,
        25204736,
        25204736,
        25204736,
        25204736,
        25204736,
        25204736,
        25204736,
        25204736,
        25204736,
        25204736,
        25204736,
        25204736,
        25204736,
        103292928
      ],
      "activation_parameters_bytes": [
        67108864,
        67108864,
        67108864,
        67108864,
        67108864,
        67108864,
        67108864,
        67108864,
        67108864,
        67108864,
        67108864,
        67108864,
        67108864,
        67108864,
        67108864,
        67108864,
        67108864,
        67108864,
        67108864,
        67108864,
        67108864,
        67108864,
        67108864,
        67108864,
        67108864,
        1652555808
      ]
    }
  },
  "execution_time": {
    "total_time_ms": 1935.3550000000002,
    "forward_backward_time_ms": 1868.015000000001,
    "batch_generator_time_ms": 0.0,
    "optimizer_time_ms": 67.34000000000005,
    "layer_compute_total_ms": [
      2.9059999999999997,
      72.45100000000001,
      73.438,
      73.438,
      73.438,
      73.438,
      73.438,
      73.438,
      73.438,
      73.438,
      73.438,
      73.438,
      73.438,
      73.438,
      73.438,
      73.438,
      73.438,
      73.438,
      73.438,
      73.438,
      73.438,
      73.438,
      73.438,
      73.438,
      73.438,
      103.584
    ]
  },
  "execution_memory": {
    "layer_memory_total_mb": [
      596.640625,
      1592.310546875,
      1592.310546875,
      1592.310546875,
      1592.310546875,
      1592.310546875,
      1592.310546875,
      1592.310546875,
      1592.310546875,
      1592.310546875,
      1592.310546875,
      1592.310546875,
      1592.310546875,
      1592.310546875,
      1592.310546875,
      1592.310546875,
      1592.310546875,
      1592.310546875,
      1592.310546875,
      1592.310546875,
      1592.310546875,
      1592.310546875,
      1592.310546875,
      1592.310546875,
      1592.310546875,
      3724.75
    ]
  }
}