{
  "model": {
    "model_name": "GPT-Neo-2.7",
    "num_layers": 34,
    "parameters": {
      "total_parameters_bytes": 10606694400,
      "parameters_per_layer_bytes": [
        536084480,
        314705920,
        314705920,
        314705920,
        314705920,
        314705920,
        314705920,
        314705920,
        314705920,
        314705920,
        314705920,
        314705920,
        314705920,
        314705920,
        314705920,
        314705920,
        314705920,
        314705920,
        314705920,
        314705920,
        314705920,
        314705920,
        314705920,
        314705920,
        314705920,
        314705920,
        314705920,
        314705920,
        314705920,
        314705920,
        314705920,
        314705920,
        314705920,
        20480
      ],
      "activation_parameters_bytes": [
        20971520,
        20971520,
        20971520,
        20971520,
        20971520,
        20971520,
        20971520,
        20971520,
        20971520,
        20971520,
        20971520,
        20971520,
        20971520,
        20971520,
        20971520,
        20971520,
        20971520,
        20971520,
        20971520,
        20971520,
        20971520,
        20971520,
        20971520,
        20971520,
        20971520,
        20971520,
        20971520,
        20971520,
        20971520,
        20971520,
        20971520,
        20971520,
        20971520,
        20971524
      ]
    }
  },
  "execution_time": {
    "total_time_ms": 3152.2630000000013,
    "forward_backward_time_ms": 2783.396999999998,
    "batch_generator_time_ms": 0.0,
    "optimizer_time_ms": 368.8659999999998,
    "layer_compute_total_ms": [
      3.447,
      86.83,
      86.841,
      86.841,
      86.841,
      86.841,
      86.841,
      86.841,
      86.841,
      86.841,
      86.841,
      86.841,
      86.841,
      86.841,
      86.841,
      86.841,
      86.841,
      86.841,
      86.841,
      86.841,
      86.841,
      86.841,
      86.841,
      86.841,
      86.841,
      86.841,
      86.841,
      86.841,
      86.841,
      86.841,
      86.841,
      86.841,
      86.841,
      1.049
    ]
  },
  "execution_memory": {
    "layer_memory_total_mb": [
      2581.25,
      2150.666015625,
      2150.666015625,
      2150.666015625,
      2150.666015625,
      2150.666015625,
      2150.666015625,
      2150.666015625,
      2150.666015625,
      2150.666015625,
      2150.666015625,
      2150.666015625,
      2150.666015625,
      2150.666015625,
      2150.666015625,
      2150.666015625,
      2150.666015625,
      2150.666015625,
      2150.666015625,
      2150.666015625,
      2150.666015625,
      2150.666015625,
      2150.666015625,
      2150.666015625,
      2150.666015625,
      2150.666015625,
      2150.666015625,
      2150.666015625,
      2150.666015625,
      2150.666015625,
      2150.666015625,
      2150.666015625,
      2150.666015625,
      40.1240234375
    ]
  }
}