{
  "model": {
    "model_name": "GPT-Neo-2.7",
    "num_layers": 34,
    "parameters": {
      "total_parameters_bytes": 5315481600,
      "parameters_per_layer_bytes": [
        279183360,
        157383680,
        157383680,
        157383680,
        157383680,
        157383680,
        157383680,
        157383680,
        157383680,
        157383680,
        157383680,
        157383680,
        157383680,
        157383680,
        157383680,
        157383680,
        157383680,
        157383680,
        157383680,
        157383680,
        157383680,
        157383680,
        157383680,
        157383680,
        157383680,
        157383680,
        157383680,
        157383680,
        157383680,
        157383680,
        157383680,
        157383680,
        157383680,
        20480
      ],
      "activation_parameters_bytes": [
        20971520,
        20971520,
        20971520,
        20971520,
        20971520,
        20971520,
        20971520,
        20971520,
        20971520,
        20971520,
        20971520,
        20971520,
        20971520,
        20971520,
        20971520,
        20971520,
        20971520,
        20971520,
        20971520,
        20971520,
        20971520,
        20971520,
        20971520,
        20971520,
        20971520,
        20971520,
        20971520,
        20971520,
        20971520,
        20971520,
        20971520,
        20971520,
        20971520,
        20971524
      ]
    }
  },
  "execution_time": {
    "total_time_ms": 1675.1990000000005,
    "forward_backward_time_ms": 1487.2130000000004,
    "batch_generator_time_ms": 0.0,
    "optimizer_time_ms": 187.9859999999999,
    "layer_compute_total_ms": [
      3.9590000000000005,
      46.383,
      46.314,
      46.314,
      46.314,
      46.314,
      46.314,
      46.314,
      46.314,
      46.314,
      46.314,
      46.314,
      46.314,
      46.314,
      46.314,
      46.314,
      46.314,
      46.314,
      46.314,
      46.314,
      46.314,
      46.314,
      46.314,
      46.314,
      46.314,
      46.314,
      46.314,
      46.314,
      46.314,
      46.314,
      46.314,
      46.314,
      46.314,
      1.137
    ]
  },
  "execution_memory": {
    "layer_memory_total_mb": [
      1356.267578125,
      1120.4951171875,
      1120.4951171875,
      1120.4951171875,
      1120.4951171875,
      1120.4951171875,
      1120.4951171875,
      1120.4951171875,
      1120.4951171875,
      1120.4951171875,
      1120.4951171875,
      1120.4951171875,
      1120.4951171875,
      1120.4951171875,
      1120.4951171875,
      1120.4951171875,
      1120.4951171875,
      1120.4951171875,
      1120.4951171875,
      1120.4951171875,
      1120.4951171875,
      1120.4951171875,
      1120.4951171875,
      1120.4951171875,
      1120.4951171875,
      1120.4951171875,
      1120.4951171875,
      1120.4951171875,
      1120.4951171875,
      1120.4951171875,
      1120.4951171875,
      1120.4951171875,
      1120.4951171875,
      40.1240234375
    ]
  }
}