{
  "model": {
    "model_name": "GPT-Neo-2.7",
    "num_layers": 34,
    "parameters": {
      "total_parameters_bytes": 10606694400,
      "parameters_per_layer_bytes": [
        536084480,
        314705920,
        314705920,
        314705920,
        314705920,
        314705920,
        314705920,
        314705920,
        314705920,
        314705920,
        314705920,
        314705920,
        314705920,
        314705920,
        314705920,
        314705920,
        314705920,
        314705920,
        314705920,
        314705920,
        314705920,
        314705920,
        314705920,
        314705920,
        314705920,
        314705920,
        314705920,
        314705920,
        314705920,
        314705920,
        314705920,
        314705920,
        314705920,
        20480
      ],
      "activation_parameters_bytes": [
        41943040,
        41943040,
        41943040,
        41943040,
        41943040,
        41943040,
        41943040,
        41943040,
        41943040,
        41943040,
        41943040,
        41943040,
        41943040,
        41943040,
        41943040,
        41943040,
        41943040,
        41943040,
        41943040,
        41943040,
        41943040,
        41943040,
        41943040,
        41943040,
        41943040,
        41943040,
        41943040,
        41943040,
        41943040,
        41943040,
        41943040,
        41943040,
        41943040,
        41943048
      ]
    }
  },
  "execution_time": {
    "total_time_ms": 6064.647999999997,
    "forward_backward_time_ms": 5695.067999999997,
    "batch_generator_time_ms": 0.0,
    "optimizer_time_ms": 369.5800000000001,
    "layer_compute_total_ms": [
      3.593,
      175.814,
      177.874,
      177.874,
      177.874,
      177.874,
      177.874,
      177.874,
      177.874,
      177.874,
      177.874,
      177.874,
      177.874,
      177.874,
      177.874,
      177.874,
      177.874,
      177.874,
      177.874,
      177.874,
      177.874,
      177.874,
      177.874,
      177.874,
      177.874,
      177.874,
      177.874,
      177.874,
      177.874,
      177.874,
      177.874,
      177.874,
      177.874,
      1.5670000000000002
    ]
  },
  "execution_memory": {
    "layer_memory_total_mb": [
      2606.25,
      2800.697265625,
      2800.697265625,
      2800.697265625,
      2800.697265625,
      2800.697265625,
      2800.697265625,
      2800.697265625,
      2800.697265625,
      2800.697265625,
      2800.697265625,
      2800.697265625,
      2800.697265625,
      2800.697265625,
      2800.697265625,
      2800.697265625,
      2800.697265625,
      2800.697265625,
      2800.697265625,
      2800.697265625,
      2800.697265625,
      2800.697265625,
      2800.697265625,
      2800.697265625,
      2800.697265625,
      2800.697265625,
      2800.697265625,
      2800.697265625,
      2800.697265625,
      2800.697265625,
      2800.697265625,
      2800.697265625,
      2800.697265625,
      80.150390625
    ]
  }
}