{
  "model": {
    "model_name": "GPT-Neo-2.7",
    "num_layers": 34,
    "parameters": {
      "total_parameters_bytes": 2669875200,
      "parameters_per_layer_bytes": [
        150732800,
        78722560,
        78722560,
        78722560,
        78722560,
        78722560,
        78722560,
        78722560,
        78722560,
        78722560,
        78722560,
        78722560,
        78722560,
        78722560,
        78722560,
        78722560,
        78722560,
        78722560,
        78722560,
        78722560,
        78722560,
        78722560,
        78722560,
        78722560,
        78722560,
        78722560,
        78722560,
        78722560,
        78722560,
        78722560,
        78722560,
        78722560,
        78722560,
        20480
      ],
      "activation_parameters_bytes": [
        41943040,
        41943040,
        41943040,
        41943040,
        41943040,
        41943040,
        41943040,
        41943040,
        41943040,
        41943040,
        41943040,
        41943040,
        41943040,
        41943040,
        41943040,
        41943040,
        41943040,
        41943040,
        41943040,
        41943040,
        41943040,
        41943040,
        41943040,
        41943040,
        41943040,
        41943040,
        41943040,
        41943040,
        41943040,
        41943040,
        41943040,
        41943040,
        41943040,
        41943048
      ]
    }
  },
  "execution_time": {
    "total_time_ms": 1747.710000000001,
    "forward_backward_time_ms": 1649.2800000000004,
    "batch_generator_time_ms": 0.0,
    "optimizer_time_ms": 98.42999999999999,
    "layer_compute_total_ms": [
      5.767,
      51.399,
      51.305,
      51.305,
      51.305,
      51.305,
      51.305,
      51.305,
      51.305,
      51.305,
      51.305,
      51.305,
      51.305,
      51.305,
      51.305,
      51.305,
      51.305,
      51.305,
      51.305,
      51.305,
      51.305,
      51.305,
      51.305,
      51.305,
      51.305,
      51.305,
      51.305,
      51.305,
      51.305,
      51.305,
      51.305,
      51.305,
      51.305,
      1.659
    ]
  },
  "execution_memory": {
    "layer_memory_total_mb": [
      768.78515625,
      837.44091796875,
      841.44091796875,
      841.44091796875,
      841.44091796875,
      841.44091796875,
      841.44091796875,
      841.44091796875,
      841.44091796875,
      841.44091796875,
      841.44091796875,
      841.44091796875,
      841.44091796875,
      841.44091796875,
      841.44091796875,
      841.44091796875,
      841.44091796875,
      841.44091796875,
      841.44091796875,
      841.44091796875,
      841.44091796875,
      841.44091796875,
      841.44091796875,
      841.44091796875,
      841.44091796875,
      841.44091796875,
      841.44091796875,
      841.44091796875,
      841.44091796875,
      841.44091796875,
      841.44091796875,
      841.44091796875,
      841.44091796875,
      80.150390625
    ]
  }
}