{
  "model": {
    "model_name": "GPT-Neo-2.7",
    "num_layers": 34,
    "parameters": {
      "total_parameters_bytes": 10606694400,
      "parameters_per_layer_bytes": [
        536084480,
        314705920,
        314705920,
        314705920,
        314705920,
        314705920,
        314705920,
        314705920,
        314705920,
        314705920,
        314705920,
        314705920,
        314705920,
        314705920,
        314705920,
        314705920,
        314705920,
        314705920,
        314705920,
        314705920,
        314705920,
        314705920,
        314705920,
        314705920,
        314705920,
        314705920,
        314705920,
        314705920,
        314705920,
        314705920,
        314705920,
        314705920,
        314705920,
        20480
      ],
      "activation_parameters_bytes": [
        83886080,
        83886080,
        83886080,
        83886080,
        83886080,
        83886080,
        83886080,
        83886080,
        83886080,
        83886080,
        83886080,
        83886080,
        83886080,
        83886080,
        83886080,
        83886080,
        83886080,
        83886080,
        83886080,
        83886080,
        83886080,
        83886080,
        83886080,
        83886080,
        83886080,
        83886080,
        83886080,
        83886080,
        83886080,
        83886080,
        83886080,
        83886080,
        83886080,
        83886096
      ]
    }
  },
  "execution_time": {
    "total_time_ms": 11787.708999999993,
    "forward_backward_time_ms": 11417.755000000005,
    "batch_generator_time_ms": 0.0,
    "optimizer_time_ms": 369.9539999999997,
    "layer_compute_total_ms": [
      5.003,
      352.853,
      356.68899999999996,
      356.68899999999996,
      356.68899999999996,
      356.68899999999996,
      356.68899999999996,
      356.68899999999996,
      356.68899999999996,
      356.68899999999996,
      356.68899999999996,
      356.68899999999996,
      356.68899999999996,
      356.68899999999996,
      356.68899999999996,
      356.68899999999996,
      356.68899999999996,
      356.68899999999996,
      356.68899999999996,
      356.68899999999996,
      356.68899999999996,
      356.68899999999996,
      356.68899999999996,
      356.68899999999996,
      356.68899999999996,
      356.68899999999996,
      356.68899999999996,
      356.68899999999996,
      356.68899999999996,
      356.68899999999996,
      356.68899999999996,
      356.68899999999996,
      356.68899999999996,
      2.54
    ]
  },
  "execution_memory": {
    "layer_memory_total_mb": [
      2656.25,
      4100.759765625,
      4100.759765625,
      4100.759765625,
      4100.759765625,
      4100.759765625,
      4100.759765625,
      4100.759765625,
      4100.759765625,
      4100.759765625,
      4100.759765625,
      4100.759765625,
      4100.759765625,
      4100.759765625,
      4100.759765625,
      4100.759765625,
      4100.759765625,
      4100.759765625,
      4100.759765625,
      4100.759765625,
      4100.759765625,
      4100.759765625,
      4100.759765625,
      4100.759765625,
      4100.759765625,
      4100.759765625,
      4100.759765625,
      4100.759765625,
      4100.759765625,
      4100.759765625,
      4100.759765625,
      4100.759765625,
      4100.759765625,
      160.203125
    ]
  }
}