{
  "model": {
    "model_name": "GPT-Neo-2.7",
    "num_layers": 34,
    "parameters": {
      "total_parameters_bytes": 2669875200,
      "parameters_per_layer_bytes": [
        150732800,
        78722560,
        78722560,
        78722560,
        78722560,
        78722560,
        78722560,
        78722560,
        78722560,
        78722560,
        78722560,
        78722560,
        78722560,
        78722560,
        78722560,
        78722560,
        78722560,
        78722560,
        78722560,
        78722560,
        78722560,
        78722560,
        78722560,
        78722560,
        78722560,
        78722560,
        78722560,
        78722560,
        78722560,
        78722560,
        78722560,
        78722560,
        78722560,
        20480
      ],
      "activation_parameters_bytes": [
        83886080,
        83886080,
        83886080,
        83886080,
        83886080,
        83886080,
        83886080,
        83886080,
        83886080,
        83886080,
        83886080,
        83886080,
        83886080,
        83886080,
        83886080,
        83886080,
        83886080,
        83886080,
        83886080,
        83886080,
        83886080,
        83886080,
        83886080,
        83886080,
        83886080,
        83886080,
        83886080,
        83886080,
        83886080,
        83886080,
        83886080,
        83886080,
        83886080,
        83886096
      ]
    }
  },
  "execution_time": {
    "total_time_ms": 3288.7260000000024,
    "forward_backward_time_ms": 3191.145999999998,
    "batch_generator_time_ms": 0.0,
    "optimizer_time_ms": 97.58000000000003,
    "layer_compute_total_ms": [
      8.952,
      99.524,
      99.356,
      99.356,
      99.356,
      99.356,
      99.356,
      99.356,
      99.356,
      99.356,
      99.356,
      99.356,
      99.356,
      99.356,
      99.356,
      99.356,
      99.356,
      99.356,
      99.356,
      99.356,
      99.356,
      99.356,
      99.356,
      99.356,
      99.356,
      99.356,
      99.356,
      99.356,
      99.356,
      99.356,
      99.356,
      99.356,
      99.356,
      2.6340000000000003
    ]
  },
  "execution_memory": {
    "layer_memory_total_mb": [
      818.8203125,
      1299.50341796875,
      1307.50341796875,
      1307.50341796875,
      1307.50341796875,
      1307.50341796875,
      1307.50341796875,
      1307.50341796875,
      1307.50341796875,
      1307.50341796875,
      1307.50341796875,
      1307.50341796875,
      1307.50341796875,
      1307.50341796875,
      1307.50341796875,
      1307.50341796875,
      1307.50341796875,
      1307.50341796875,
      1307.50341796875,
      1307.50341796875,
      1307.50341796875,
      1307.50341796875,
      1307.50341796875,
      1307.50341796875,
      1307.50341796875,
      1307.50341796875,
      1307.50341796875,
      1307.50341796875,
      1307.50341796875,
      1307.50341796875,
      1307.50341796875,
      1307.50341796875,
      1307.50341796875,
      160.203125
    ]
  }
}