{
  "model": {
    "model_name": "GPT-Neo-2.7",
    "num_layers": 34,
    "parameters": {
      "total_parameters_bytes": 5315481600,
      "parameters_per_layer_bytes": [
        279183360,
        157383680,
        157383680,
        157383680,
        157383680,
        157383680,
        157383680,
        157383680,
        157383680,
        157383680,
        157383680,
        157383680,
        157383680,
        157383680,
        157383680,
        157383680,
        157383680,
        157383680,
        157383680,
        157383680,
        157383680,
        157383680,
        157383680,
        157383680,
        157383680,
        157383680,
        157383680,
        157383680,
        157383680,
        157383680,
        157383680,
        157383680,
        157383680,
        20480
      ],
      "activation_parameters_bytes": [
        83886080,
        83886080,
        83886080,
        83886080,
        83886080,
        83886080,
        83886080,
        83886080,
        83886080,
        83886080,
        83886080,
        83886080,
        83886080,
        83886080,
        83886080,
        83886080,
        83886080,
        83886080,
        83886080,
        83886080,
        83886080,
        83886080,
        83886080,
        83886080,
        83886080,
        83886080,
        83886080,
        83886080,
        83886080,
        83886080,
        83886080,
        83886080,
        83886080,
        83886096
      ]
    }
  },
  "execution_time": {
    "total_time_ms": 6116.986000000004,
    "forward_backward_time_ms": 5928.728,
    "batch_generator_time_ms": 0.0,
    "optimizer_time_ms": 188.25800000000012,
    "layer_compute_total_ms": [
      7.242,
      182.588,
      185.04000000000002,
      185.04000000000002,
      185.04000000000002,
      185.04000000000002,
      185.04000000000002,
      185.04000000000002,
      185.04000000000002,
      185.04000000000002,
      185.04000000000002,
      185.04000000000002,
      185.04000000000002,
      185.04000000000002,
      185.04000000000002,
      185.04000000000002,
      185.04000000000002,
      185.04000000000002,
      185.04000000000002,
      185.04000000000002,
      185.04000000000002,
      185.04000000000002,
      185.04000000000002,
      185.04000000000002,
      185.04000000000002,
      185.04000000000002,
      185.04000000000002,
      185.04000000000002,
      185.04000000000002,
      185.04000000000002,
      185.04000000000002,
      185.04000000000002,
      185.04000000000002,
      2.658
    ]
  },
  "execution_memory": {
    "layer_memory_total_mb": [
      1431.3203125,
      2230.5888671875,
      2230.5888671875,
      2230.5888671875,
      2230.5888671875,
      2230.5888671875,
      2230.5888671875,
      2230.5888671875,
      2230.5888671875,
      2230.5888671875,
      2230.5888671875,
      2230.5888671875,
      2230.5888671875,
      2230.5888671875,
      2230.5888671875,
      2230.5888671875,
      2230.5888671875,
      2230.5888671875,
      2230.5888671875,
      2230.5888671875,
      2230.5888671875,
      2230.5888671875,
      2230.5888671875,
      2230.5888671875,
      2230.5888671875,
      2230.5888671875,
      2230.5888671875,
      2230.5888671875,
      2230.5888671875,
      2230.5888671875,
      2230.5888671875,
      2230.5888671875,
      2230.5888671875,
      160.203125
    ]
  }
}