{
  "model": {
    "model_name": "GPT-Neo-2.7",
    "num_layers": 34,
    "parameters": {
      "total_parameters_bytes": 2669875200,
      "parameters_per_layer_bytes": [
        150732800,
        78722560,
        78722560,
        78722560,
        78722560,
        78722560,
        78722560,
        78722560,
        78722560,
        78722560,
        78722560,
        78722560,
        78722560,
        78722560,
        78722560,
        78722560,
        78722560,
        78722560,
        78722560,
        78722560,
        78722560,
        78722560,
        78722560,
        78722560,
        78722560,
        78722560,
        78722560,
        78722560,
        78722560,
        78722560,
        78722560,
        78722560,
        78722560,
        20480
      ],
      "activation_parameters_bytes": [
        167772160,
        167772160,
        167772160,
        167772160,
        167772160,
        167772160,
        167772160,
        167772160,
        167772160,
        167772160,
        167772160,
        167772160,
        167772160,
        167772160,
        167772160,
        167772160,
        167772160,
        167772160,
        167772160,
        167772160,
        167772160,
        167772160,
        167772160,
        167772160,
        167772160,
        167772160,
        167772160,
        167772160,
        167772160,
        167772160,
        167772160,
        167772160,
        167772160,
        167772192
      ]
    }
  },
  "execution_time": {
    "total_time_ms": 6395.394999999998,
    "forward_backward_time_ms": 6297.032999999998,
    "batch_generator_time_ms": 0.0,
    "optimizer_time_ms": 98.36200000000001,
    "layer_compute_total_ms": [
      11.664,
      193.995,
      196.34300000000002,
      196.34300000000002,
      196.34300000000002,
      196.34300000000002,
      196.34300000000002,
      196.34300000000002,
      196.34300000000002,
      196.34300000000002,
      196.34300000000002,
      196.34300000000002,
      196.34300000000002,
      196.34300000000002,
      196.34300000000002,
      196.34300000000002,
      196.34300000000002,
      196.34300000000002,
      196.34300000000002,
      196.34300000000002,
      196.34300000000002,
      196.34300000000002,
      196.34300000000002,
      196.34300000000002,
      196.34300000000002,
      196.34300000000002,
      196.34300000000002,
      196.34300000000002,
      196.34300000000002,
      196.34300000000002,
      196.34300000000002,
      196.34300000000002,
      196.34300000000002,
      4.741
    ]
  },
  "execution_memory": {
    "layer_memory_total_mb": [
      918.890625,
      2223.62841796875,
      2239.62841796875,
      2239.62841796875,
      2239.62841796875,
      2239.62841796875,
      2239.62841796875,
      2239.62841796875,
      2239.62841796875,
      2239.62841796875,
      2239.62841796875,
      2239.62841796875,
      2239.62841796875,
      2239.62841796875,
      2239.62841796875,
      2239.62841796875,
      2239.62841796875,
      2239.62841796875,
      2239.62841796875,
      2239.62841796875,
      2239.62841796875,
      2239.62841796875,
      2239.62841796875,
      2239.62841796875,
      2239.62841796875,
      2239.62841796875,
      2239.62841796875,
      2239.62841796875,
      2239.62841796875,
      2239.62841796875,
      2239.62841796875,
      2239.62841796875,
      2239.62841796875,
      320.30859375
    ]
  }
}