{
  "model": {
    "model_name": "GPT-Neo-2.7",
    "num_layers": 34,
    "parameters": {
      "total_parameters_bytes": 5315481600,
      "parameters_per_layer_bytes": [
        279183360,
        157383680,
        157383680,
        157383680,
        157383680,
        157383680,
        157383680,
        157383680,
        157383680,
        157383680,
        157383680,
        157383680,
        157383680,
        157383680,
        157383680,
        157383680,
        157383680,
        157383680,
        157383680,
        157383680,
        157383680,
        157383680,
        157383680,
        157383680,
        157383680,
        157383680,
        157383680,
        157383680,
        157383680,
        157383680,
        157383680,
        157383680,
        157383680,
        20480
      ],
      "activation_parameters_bytes": [
        167772160,
        167772160,
        167772160,
        167772160,
        167772160,
        167772160,
        167772160,
        167772160,
        167772160,
        167772160,
        167772160,
        167772160,
        167772160,
        167772160,
        167772160,
        167772160,
        167772160,
        167772160,
        167772160,
        167772160,
        167772160,
        167772160,
        167772160,
        167772160,
        167772160,
        167772160,
        167772160,
        167772160,
        167772160,
        167772160,
        167772160,
        167772160,
        167772160,
        167772192
      ]
    }
  },
  "execution_time": {
    "total_time_ms": 12086.308999999992,
    "forward_backward_time_ms": 11898.255000000005,
    "batch_generator_time_ms": 0.0,
    "optimizer_time_ms": 188.05400000000012,
    "layer_compute_total_ms": [
      10.376000000000001,
      367.962,
      371.456,
      371.456,
      371.456,
      371.456,
      371.456,
      371.456,
      371.456,
      371.456,
      371.456,
      371.456,
      371.456,
      371.456,
      371.456,
      371.456,
      371.456,
      371.456,
      371.456,
      371.456,
      371.456,
      371.456,
      371.456,
      371.456,
      371.456,
      371.456,
      371.456,
      371.456,
      371.456,
      371.456,
      371.456,
      371.456,
      371.456,
      4.781
    ]
  },
  "execution_memory": {
    "layer_memory_total_mb": [
      1531.390625,
      3710.7138671875,
      3710.7138671875,
      3710.7138671875,
      3710.7138671875,
      3710.7138671875,
      3710.7138671875,
      3710.7138671875,
      3710.7138671875,
      3710.7138671875,
      3710.7138671875,
      3710.7138671875,
      3710.7138671875,
      3710.7138671875,
      3710.7138671875,
      3710.7138671875,
      3710.7138671875,
      3710.7138671875,
      3710.7138671875,
      3710.7138671875,
      3710.7138671875,
      3710.7138671875,
      3710.7138671875,
      3710.7138671875,
      3710.7138671875,
      3710.7138671875,
      3710.7138671875,
      3710.7138671875,
      3710.7138671875,
      3710.7138671875,
      3710.7138671875,
      3710.7138671875,
      3710.7138671875,
      320.30859375
    ]
  }
}