{
  "model": {
    "model_name": "OPT-350",
    "num_layers": 26,
    "parameters": {
      "total_parameters_bytes": 819879936,
      "parameters_per_layer_bytes": [
        111673344,
        25204736,
        25204736,
        25204736,
        25204736,
        25204736,
        25204736,
        25204736,
        25204736,
        25204736,
        25204736,
        25204736,
        25204736,
        25204736,
        25204736,
        25204736,
        25204736,
        25204736,
        25204736,
        25204736,
        25204736,
        25204736,
        25204736,
        25204736,
        25204736,
        103292928
      ],
      "activation_parameters_bytes": [
        8388608,
        8388608,
        8388608,
        8388608,
        8388608,
        8388608,
        8388608,
        8388608,
        8388608,
        8388608,
        8388608,
        8388608,
        8388608,
        8388608,
        8388608,
        8388608,
        8388608,
        8388608,
        8388608,
        8388608,
        8388608,
        8388608,
        8388608,
        8388608,
        8388608,
        206569476
      ]
    }
  },
  "execution_time": {
    "total_time_ms": 420.27100000000013,
    "forward_backward_time_ms": 355.81699999999995,
    "batch_generator_time_ms": 0.0,
    "optimizer_time_ms": 64.454,
    "layer_compute_total_ms": [
      0.863,
      14.248000000000001,
      13.734,
      13.734,
      13.734,
      13.734,
      13.734,
      13.734,
      13.734,
      13.734,
      13.734,
      13.734,
      13.734,
      13.734,
      13.734,
      13.734,
      13.734,
      13.734,
      13.734,
      13.734,
      13.734,
      13.734,
      13.734,
      13.734,
      13.734,
      24.823999999999998
    ]
  },
  "execution_memory": {
    "layer_memory_total_mb": [
      540.517578125,
      304.201171875,
      304.201171875,
      304.201171875,
      304.201171875,
      304.201171875,
      304.201171875,
      304.201171875,
      304.201171875,
      304.201171875,
      304.201171875,
      304.201171875,
      304.201171875,
      304.201171875,
      304.201171875,
      304.201171875,
      304.201171875,
      304.201171875,
      304.201171875,
      304.201171875,
      304.201171875,
      304.201171875,
      304.201171875,
      304.201171875,
      304.201171875,
      896.5654296875
    ]
  }
}