{
  "model": {
    "model_name": "OPT-350",
    "num_layers": 26,
    "parameters": {
      "total_parameters_bytes": 1629724672,
      "parameters_per_layer_bytes": [
        214433792,
        50384896,
        50384896,
        50384896,
        50384896,
        50384896,
        50384896,
        50384896,
        50384896,
        50384896,
        50384896,
        50384896,
        50384896,
        50384896,
        50384896,
        50384896,
        50384896,
        50384896,
        50384896,
        50384896,
        50384896,
        50384896,
        50384896,
        50384896,
        50384896,
        206053376
      ],
      "activation_parameters_bytes": [
        33554432,
        33554432,
        33554432,
        33554432,
        33554432,
        33554432,
        33554432,
        33554432,
        33554432,
        33554432,
        33554432,
        33554432,
        33554432,
        33554432,
        33554432,
        33554432,
        33554432,
        33554432,
        33554432,
        33554432,
        33554432,
        33554432,
        33554432,
        33554432,
        33554432,
        1648361488
      ]
    }
  },
  "execution_time": {
    "total_time_ms": 2735.9209999999994,
    "forward_backward_time_ms": 2609.7429999999986,
    "batch_generator_time_ms": 0.0,
    "optimizer_time_ms": 126.17799999999994,
    "layer_compute_total_ms": [
      0.521,
      99.55799999999999,
      100.553,
      100.553,
      100.553,
      100.553,
      100.553,
      100.553,
      100.553,
      100.553,
      100.553,
      100.553,
      100.553,
      100.553,
      100.553,
      100.553,
      100.553,
      100.553,
      100.553,
      100.553,
      100.553,
      100.553,
      100.553,
      100.553,
      100.553,
      196.945
    ]
  },
  "execution_memory": {
    "layer_memory_total_mb": [
      1054.5,
      1616.31640625,
      1616.31640625,
      1616.31640625,
      1616.31640625,
      1616.31640625,
      1616.31640625,
      1616.31640625,
      1616.31640625,
      1616.31640625,
      1616.31640625,
      1616.31640625,
      1616.31640625,
      1616.31640625,
      1616.31640625,
      1616.31640625,
      1616.31640625,
      1616.31640625,
      1616.31640625,
      1616.31640625,
      1616.31640625,
      1616.31640625,
      1616.31640625,
      1616.31640625,
      1616.31640625,
      4166.64453125
    ]
  }
}