{
  "model": {
    "model_name": "OPT-350",
    "num_layers": 26,
    "parameters": {
      "total_parameters_bytes": 819879936,
      "parameters_per_layer_bytes": [
        111673344,
        25204736,
        25204736,
        25204736,
        25204736,
        25204736,
        25204736,
        25204736,
        25204736,
        25204736,
        25204736,
        25204736,
        25204736,
        25204736,
        25204736,
        25204736,
        25204736,
        25204736,
        25204736,
        25204736,
        25204736,
        25204736,
        25204736,
        25204736,
        25204736,
        103292928
      ],
      "activation_parameters_bytes": [
        33554432,
        33554432,
        33554432,
        33554432,
        33554432,
        33554432,
        33554432,
        33554432,
        33554432,
        33554432,
        33554432,
        33554432,
        33554432,
        33554432,
        33554432,
        33554432,
        33554432,
        33554432,
        33554432,
        33554432,
        33554432,
        33554432,
        33554432,
        33554432,
        33554432,
        826277904
      ]
    }
  },
  "execution_time": {
    "total_time_ms": 1407.1539999999998,
    "forward_backward_time_ms": 1342.362,
    "batch_generator_time_ms": 0.0,
    "optimizer_time_ms": 64.79199999999997,
    "layer_compute_total_ms": [
      1.6059999999999999,
      52.138000000000005,
      51.798,
      51.798,
      51.798,
      51.798,
      51.798,
      51.798,
      51.798,
      51.798,
      51.798,
      51.798,
      51.798,
      51.798,
      51.798,
      51.798,
      51.798,
      51.798,
      51.798,
      51.798,
      51.798,
      51.798,
      51.798,
      51.798,
      51.798,
      97.26400000000001
    ]
  },
  "execution_memory": {
    "layer_memory_total_mb": [
      564.5703125,
      856.248046875,
      856.248046875,
      856.248046875,
      856.248046875,
      856.248046875,
      856.248046875,
      856.248046875,
      856.248046875,
      856.248046875,
      856.248046875,
      856.248046875,
      856.248046875,
      856.248046875,
      856.248046875,
      856.248046875,
      856.248046875,
      856.248046875,
      856.248046875,
      856.248046875,
      856.248046875,
      856.248046875,
      856.248046875,
      856.248046875,
      856.248046875,
      2108.64453125
    ]
  }
}