{
  "model": {
    "model_name": "OPT-350",
    "num_layers": 26,
    "parameters": {
      "total_parameters_bytes": 414957568,
      "parameters_per_layer_bytes": [
        60293120,
        12614656,
        12614656,
        12614656,
        12614656,
        12614656,
        12614656,
        12614656,
        12614656,
        12614656,
        12614656,
        12614656,
        12614656,
        12614656,
        12614656,
        12614656,
        12614656,
        12614656,
        12614656,
        12614656,
        12614656,
        12614656,
        12614656,
        12614656,
        12614656,
        51912704
      ],
      "activation_parameters_bytes": [
        33554432,
        33554432,
        33554432,
        33554432,
        33554432,
        33554432,
        33554432,
        33554432,
        33554432,
        33554432,
        33554432,
        33554432,
        33554432,
        33554432,
        33554432,
        33554432,
        33554432,
        33554432,
        33554432,
        33554432,
        33554432,
        33554432,
        33554432,
        33554432,
        33554432,
        415236112
      ]
    }
  },
  "execution_time": {
    "total_time_ms": 791.6410000000003,
    "forward_backward_time_ms": 757.8930000000003,
    "batch_generator_time_ms": 0.0,
    "optimizer_time_ms": 33.74799999999998,
    "layer_compute_total_ms": [
      1.7459999999999998,
      29.534999999999997,
      29.392,
      29.392,
      29.392,
      29.392,
      29.392,
      29.392,
      29.392,
      29.392,
      29.392,
      29.392,
      29.392,
      29.392,
      29.392,
      29.392,
      29.392,
      29.392,
      29.392,
      29.392,
      29.392,
      29.392,
      29.392,
      29.392,
      29.392,
      50.596000000000004
    ]
  },
  "execution_memory": {
    "layer_memory_total_mb": [
      319.5703125,
      478.2138671875,
      476.2138671875,
      476.2138671875,
      476.2138671875,
      476.2138671875,
      476.2138671875,
      476.2138671875,
      476.2138671875,
      476.2138671875,
      476.2138671875,
      476.2138671875,
      476.2138671875,
      476.2138671875,
      476.2138671875,
      476.2138671875,
      476.2138671875,
      476.2138671875,
      476.2138671875,
      476.2138671875,
      476.2138671875,
      476.2138671875,
      476.2138671875,
      476.2138671875,
      476.2138671875,
      1079.64453125
    ]
  }
}