{
  "model": {
    "model_name": "OPT-350",
    "num_layers": 26,
    "parameters": {
      "total_parameters_bytes": 414957568,
      "parameters_per_layer_bytes": [
        60293120,
        12614656,
        12614656,
        12614656,
        12614656,
        12614656,
        12614656,
        12614656,
        12614656,
        12614656,
        12614656,
        12614656,
        12614656,
        12614656,
        12614656,
        12614656,
        12614656,
        12614656,
        12614656,
        12614656,
        12614656,
        12614656,
        12614656,
        12614656,
        12614656,
        51912704
      ],
      "activation_parameters_bytes": [
        67108864,
        67108864,
        67108864,
        67108864,
        67108864,
        67108864,
        67108864,
        67108864,
        67108864,
        67108864,
        67108864,
        67108864,
        67108864,
        67108864,
        67108864,
        67108864,
        67108864,
        67108864,
        67108864,
        67108864,
        67108864,
        67108864,
        67108864,
        67108864,
        67108864,
        830472224
      ]
    }
  },
  "execution_time": {
    "total_time_ms": 1541.8750000000005,
    "forward_backward_time_ms": 1508.2829999999992,
    "batch_generator_time_ms": 0.0,
    "optimizer_time_ms": 33.59200000000002,
    "layer_compute_total_ms": [
      3.176,
      58.44,
      58.495,
      58.495,
      58.495,
      58.495,
      58.495,
      58.495,
      58.495,
      58.495,
      58.495,
      58.495,
      58.495,
      58.495,
      58.495,
      58.495,
      58.495,
      58.495,
      58.495,
      58.495,
      58.495,
      58.495,
      58.495,
      58.495,
      58.495,
      101.28200000000001
    ]
  },
  "execution_memory": {
    "layer_memory_total_mb": [
      351.640625,
      896.2763671875,
      892.2763671875,
      892.2763671875,
      892.2763671875,
      892.2763671875,
      892.2763671875,
      892.2763671875,
      892.2763671875,
      892.2763671875,
      892.2763671875,
      892.2763671875,
      892.2763671875,
      892.2763671875,
      892.2763671875,
      892.2763671875,
      892.2763671875,
      892.2763671875,
      892.2763671875,
      892.2763671875,
      892.2763671875,
      892.2763671875,
      892.2763671875,
      892.2763671875,
      892.2763671875,
      1911.75
    ]
  }
}