{
    "inter" : {
        "A100-40": {
            "1": [
                [
                    -0.0024414231124647644,
                    0.1408627339370467,
                    1.116822757126346
                ],
                2420367713.517156
            ],
            "2": [
                [
                    -0.007196511652909052,
                    0.2316852991952904,
                    2.1127137995063974
                ],
                3674915935.759112
            ],
            "4": [
                [
                    -0.03667895496478979,
                    0.4773282044079026,
                    4.5592610071684785
                ],
                6035913051.04673
            ]
        },
        "A100-80": {
            "1": [
                [
                    -0.02702103,
                    0.40848009,
                    2.83788164
                ],
                4523320921.6253
            ],
            "2": [
                [
                    -0.03919906,
                    0.66349168,
                    4.8768101
                ],
                7622968423.04182
            ],
            "4": [
                [
                    -0.10119137,
                    1.26955142,
                    9.54895121
                ],
                13536072890.209141
            ]
        },
        "V100-16": {
            "1": [
                [
                    0.004408380557873316,
                    0.046579932153075286,
                    0.8793574711743694
                ],
                1719640629.4376426
            ],
            "2": [
                [
                    -0.011532109309884275,
                    0.10561766868954804,
                    1.7758034087071715
                ],
                2903571884.3939266
            ],
            "4": [
                [
                    -0.008450897567554275,
                    0.32345407867588116,
                    3.446937175278422
                ],
                5787468328.312377
            ]
        },
        "GH-96": {
            "1": [
                [
                    -0.16570216,
                    2.79431173,
                    11.74409677
                ],
                22934533176.529445
            ],
            "2": [
                [
                    -0.33458842,
                    5.65056678,
                    23.30372797
                ],
                45696046497.67462
            ],
            "4": [
                [
                    -0.65351182,
                    11.42553946,
                    45.25031399
                ],
                92551901043.9898
            ]
        },
        "RTX-2080": {
            "1": [
                [
                    -0.0207929,
                    0.25231019,
                    2.2275707
                ],
                2855813401.6757784
            ],
            "2": [
                [
                    -0.01637064,
                    0.17168516,
                    2.57752617
                ],
                2857690229.9270005
            ],
            "4": [
                [
                    -0.00567164,
                    0.05690722,
                    2.77867113
                ],
                2857722937.2829
            ],
            "8": [
                [
                    -9.24772745e-04,
                    1.00507644e-02,
                    2.83913787e+00
                ],
                2857736368.63897
            ]
        },
        "Titan-RTX": {
            "1": [
                [
                    -0.02187029,
                    0.25919871,
                    2.24710243
                ],
                2856544700.716824
            ],
            "2": [
                [
                    -0.01178777,
                    0.12456997,
                    2.64814386
                ],
                2857650202.775053
            ],
            "4": [
                [
                    1.80047079e-03,
                    1.96319076e-02,
                    2.82089851e+00
                ],
                2857686333.2586045
            ],
            "8": [
                [
                    -1.79076492e-03,
                    1.80836507e-02,
                    2.83195173e+00
                ],
                2857712076.5443
            ]
        },
        "RTX-3090": {
            "1": [
                [
                    -4.04649103e-05,
                    6.61562401e-04,
                    1.12642631e-01
                ],
                115701787.8055525
            ],
            "2": [
                [
                    -4.04649103e-05,
                    6.61562401e-04,
                    1.12642631e-01
                ],
                115701787.8055525
            ],
            "4": [
                [
                    -4.04649103e-05,
                    6.61562401e-04,
                    1.12642631e-01
                ],
                115701787.8055525
            ],
            "8": [
                [
                    -3.70612670e-05,
                    6.28011631e-04,
                    1.11391008e-01
                ],
                114876125.2999855
            ]
        }
    },
    "intra" : {
        "A100-40": {
            "2": [
                [
                    0.80818532,
                    16.40103598,
                    32.98046678
                ],
                248876169884.0839
            ],
            "4": [
                [
                    0.8303558,
                    15.58397854,
                    31.19114521
                ],
                243214602913.50012
            ]
        },
        "A100-80": {
            "2": [
                [
                    0.80818532,
                    16.40103598,
                    32.98046678
                ],
                248876169884.0839
            ],
            "4": [
                [
                    0.8303558,
                    15.58397854,
                    31.19114521
                ],
                243214602913.50012
            ]
        },
        "V100-16": {
            "2": [
                [
                    -0.2045115,
                    7.21163513,
                    22.24208487
                ],
                68281636948.0
            ],
            "4": [
                [
                    -0.2167128,
                    7.26270922,
                    22.51179176
                ],
                68172954066.0
            ]
        },
        "GH-96": {
            "2": [
                [
                    -0.52312685,
                    14.22563803,
                    44.10217959
                ],
                125460726312.0102
            ],
            "4": [
                [
                    -0.75177369,
                    26.46781337,
                    82.0621593
                ],
                250558342885.70334
            ]
        },
        "RTX-2080": {
            "2": [
                [
                    -0.09370207,
                    1.32821908,
                    6.39819591
                ],
                10755624404.158024
            ],
            "4": [
                [
                    -0.18469337,
                    2.74344692,
                    13.09109302
                ],
                22666820280.174988
            ],
            "8": [
                [
                    -0.24085997,
                    2.90752869,
                    17.4770778
                ],
                24551701788.10586
            ]
        },
        "Titan-RTX": {
            "2": [
                [
                    -0.08825343,
                    1.22809771,
                    6.88196791
                ],
                10824370647.192848
            ],